,id,name,lat,lng,checkinsCount,tipCount,usersCount
0,4b9d22e3f964a520d49236e3,Peckham Bus Station,51.47353804023315,-0.06767749786376953,600,1,174
1,4bd7459c304fce727a4b33ab,Peckham Lodge London,51.47406612869795,-0.07534289692385593,864,14,388
2,5202bb10498e61d1fa61233a,Peckham Pelican,51.47426503438942,-0.07730817329143107,157,4,93
3,4ac518d3f964a52069a720e3,South London Gallery,51.47416621296672,-0.08003711700439453,658,8,301
4,4e91fa310aafb4070c82f04c,Stormbird,51.473963449024524,-0.0904455520998304,771,14,238
5,4b155f6bf964a520cfab23e3,Camberwell Green,51.474423493982954,-0.09283661842346191,3508,12,644
6,4b155f6bf964a520cfab23e3,Camberwell Green,51.474423493982954,-0.09283661842346191,3508,12,644
7,4bf4340e98ac0f47f2b763a8,Myatt's Fields Park,51.47352467476185,-0.10376930236816406,580,9,155
8,4bf4340e98ac0f47f2b763a8,Myatt's Fields Park,51.47352467476185,-0.10376930236816406,580,9,155
9,4fab1891e4b07dbb59449cba,TfL bus N109,51.47421646118164,-0.11217159777879715,17,0,7
10,4bbf5f8d98f495215388d263,Horizons Gym,51.475058801657134,-0.11630326544840455,537,3,61
11,4c139e94a5eb76b0482ec0b7,Jack's Supermarket,51.473199445825756,-0.12369259839460264,434,2,62
12,4be6f324d4f7c9b67b3d2720,Stockwell,51.471876339340476,-0.12641205851543136,2814,5,518
13,4b2e2e55f964a5202edd24e3,Larkhall Park,51.47320390227611,-0.1308917999267578,1215,5,204
14,4b641cecf964a520ab9f2ae3,BMW Park Lane Service Battersea,51.47320390227611,-0.1375436782836914,151,0,72
15,4b7c080bf964a52068792fe3,Queenstown Road Railway Station (QRB),51.47507838456744,-0.14635741710662842,2450,12,1040
16,51bb98b5498ea2cd7760ffc5,Bethak Shisha Lounge,51.47444992628702,-0.14695460780257003,23,2,10
17,4b71aad9f964a520cd542de3,Tesco Metro,51.47477149433845,-0.1532989740371704,474,3,169
18,4ac518bff964a52045a320e3,The Lost Angel,51.47418626089026,-0.15703260898590088,718,18,528
19,4d5574b2fb65236aaab7f9b3,Prince of Wales Drive,51.47503451477104,-0.16499658634537123,963,2,128
20,4d5574b2fb65236aaab7f9b3,Prince of Wales Drive,51.47503451477104,-0.16499658634537123,963,2,128
21,4c94c8636b35a14354621edc,Battersea Square,51.47388594397289,-0.17455564978640056,1036,3,226
22,4d47cc6a0bfd54819ec73600,Riverside Walk (Battersea),51.47276229695544,-0.17701137700516506,733,0,139
23,51b44ccd498e87bc8d40ca24,Harris + Hoole,51.474604921747435,-0.18282647422240747,189,5,85
24,4d826532bb2c54818913e3ab,Tesco Express,51.47432659610822,-0.18402099609375,756,7,151
25,4dcaad46e4cde9e42f8bb986,Starbucks,51.47368215840916,-0.1918032949696428,149,0,78
26,4da95838fa8cc7649716eb78,Friary Road,51.478828142500426,-0.06514798975041619,68,1,7
27,4c12711ba1010f47f6d84818,TfL Bus 363,51.479429924575406,-0.07351688065863218,223,1,44
28,4c909eac352da1cd95d112b2,Tesco Express,51.477673,-0.081897,438,5,88
29,4b20abbbf964a520cc3324e3,Burgess Park,51.48242521151098,-0.08578777313232422,1592,15,500
30,4b20abbbf964a520cc3324e3,Burgess Park,51.48242521151098,-0.08578777313232422,1592,15,500
31,4d4c5112190ba093db871fa5,TfL Bus 12,51.4824519372339,-0.09346961975097656,692,6,192
32,4cc9cadd4650a35d49a6901e,Blue Elephant Theatre,51.479964,-0.098355,70,1,51
33,4b6f02bbf964a520b3d62ce3,The Co-operative Food,51.4782023505545,-0.10284662246704102,517,11,139
34,4e4a643918a83cda37db049d,PureGym,51.480454146274596,-0.11066794395446777,2765,6,205
35,4da1ee89d686b60c7638af28,SW9 Sushi Bar,51.478787,-0.112098,175,10,86
36,4ac518c4f964a5207da420e3,The Fentiman Arms,51.48102875310974,-0.11815769137579506,1290,25,654
37,521a871411d202c8fd337fd8,129A South Lambeth Road,51.478811,-0.123118,88,0,9
38,4adb2727f964a520902421e3,Sainsbury's,51.48071473266713,-0.12788772583007812,2852,7,634
39,4adedf11f964a520d37621e3,South Bank Club,51.47847245916928,-0.1294758622770575,1548,4,139
40,4ac518cef964a52014a620e3,Battersea Power Station,51.48175706334808,-0.1446676254272461,5078,28,2759
41,4ac518cef964a52014a620e3,Battersea Power Station,51.48175706334808,-0.1446676254272461,5078,28,2759
42,4ac518cef964a52014a620e3,Battersea Power Station,51.48175706334808,-0.1446676254272461,5078,28,2759
43,4c433cbeaf052d7fd2128079,Battersea Park Lake,51.479218011052446,-0.15226364135742188,764,2,591
44,4ac518cef964a52015a620e3,Battersea Park,51.479512013817555,-0.1569843292236328,6816,30,3344
45,4ac518cef964a52015a620e3,Battersea Park,51.479512013817555,-0.1569843292236328,6816,30,3344
46,4ae19d90f964a5206c8621e3,The Butcher & Grill,51.479275451409045,-0.16777815120145576,928,11,328
47,4e3b0d598877b00cfc2768ae,Bunga Bunga,51.47895073416685,-0.17037391662597656,909,18,638
48,4d41cc75c1d4721edc1e1dc7,sofa.com,51.479221999207105,-0.17903967553331784,85,0,57
49,4ac518bcf964a52089a220e3,The Chelsea Ram,51.479087,-0.182433,408,4,210
50,4bbcaa30593fef3b046b0256,Mare Moto,51.479288935661316,-0.187487,239,7,189
51,4b5a1e01f964a52053ae28e3,The Pelican Bar,51.478935,-0.192714,341,4,155
52,4b9151c5f964a520cbb233e3,Asda,51.48520460280602,-0.07153987884521484,1202,4,466
53,4b9151c5f964a520cbb233e3,Asda,51.48520460280602,-0.07153987884521484,1202,4,466
54,4c20e5f3d4dec9283a1d1c3e,Thomas A Becket,51.48814886291058,-0.07652154978015498,448,5,132
55,4b20abbbf964a520cc3324e3,Burgess Park,51.48242521151098,-0.08578777313232422,1592,15,500
56,4b20abbbf964a520cc3324e3,Burgess Park,51.48242521151098,-0.08578777313232422,1592,15,500
57,4d4c5112190ba093db871fa5,TfL Bus 12,51.4824519372339,-0.09346961975097656,692,6,192
58,4d4c5112190ba093db871fa5,TfL Bus 12,51.4824519372339,-0.09346961975097656,692,6,192
59,4c7d0af6247cb60c8ab05f5e,Kennington Park,51.48277264468708,-0.10707378387451172,2070,8,735
60,4c7d0af6247cb60c8ab05f5e,Kennington Park,51.48277264468708,-0.10707378387451172,2070,8,735
61,4ac518e8f964a520adab20e3,The Kia Oval,51.4837364238246,-0.114956796169281,3598,24,2145
62,4ac518e8f964a520adab20e3,The Kia Oval,51.4837364238246,-0.114956796169281,3598,24,2145
63,4acdeba7f964a5208bcd20e3,Vauxhall Railway Station (VXH),51.48584597674016,-0.1238107681274414,21852,37,5990
64,4b7736e8f964a5207f882ee3,Club Colosseum,51.484376148122536,-0.12754440307617188,323,7,208
65,4b8c276bf964a52006c132e3,Dolphin Square,51.48728903510795,-0.13666391372680664,1351,4,388
66,4b8c276bf964a52006c132e3,Dolphin Square,51.48728903510795,-0.13666391372680664,1351,4,388
67,4ac518cef964a52014a620e3,Battersea Power Station,51.48175706334808,-0.1446676254272461,5078,28,2759
68,4d511ca0529dcbff7fd9dcc4,Grosvenor Bridge,51.484456321814235,-0.14750003814697266,1197,2,207
69,50253de1e4b0b95e9867cc66,Chelsea Bridge,51.484362785826875,-0.14983892440795898,2135,8,987
70,4ac518cef964a52015a620e3,Battersea Park,51.479512013817555,-0.1569843292236328,6816,30,3344
71,4ac518cef964a5202aa620e3,Chelsea Physic Garden,51.48441623498601,-0.16219854354858398,488,10,354
72,4bfff884369476b0f89d8e1f,Albert Bridge,51.48226485684464,-0.16670465469360352,2775,5,933
73,4ac518c4f964a5207aa420e3,The Pig's Ear,51.484230472909395,-0.1722228975103383,625,20,455
74,4bae1d8df964a52012863be3,Beaufort House,51.484162350922226,-0.17612457275390625,1200,18,815
75,4b52fb99f964a520f08b27e3,Chelsea and Westminster Hospital,51.48475369465448,-0.18189973745727236,3479,27,1159
76,4ac518d4f964a520c2a720e3,Nikita's,51.48481142660209,-0.1881683364156134,103,6,89
77,4b9151c5f964a520cbb233e3,Asda,51.48520460280602,-0.07153987884521484,1202,4,466
78,4b1800b5f964a52046cb23e3,Tesco,51.48879885284335,-0.0761103630065918,1775,10,553
79,4b1800b5f964a52046cb23e3,Tesco,51.48879885284335,-0.0761103630065918,1775,10,553
80,50b741d4e4b06f5c010455f1,Surrey Square Primary School,51.489018,-0.08299,1,0,1
81,4c7e1a35b33a224b8cead981,TfL Bus 343,51.48940009377448,-0.08694648742675781,287,1,77
82,4ac518eef964a52024ad20e3,East Street Market,51.488117436869885,-0.09449958801269531,738,8,253
83,4c004729efa2ef3b3e45aa8c,TfL Bus 176,51.489730117771295,-0.0962867957189276,1152,3,188
84,4ccb1efc566aa093cbcf18fd,Old Red Lion,51.489466343800935,-0.10501342692326765,941,11,390
85,4ccb1efc566aa093cbcf18fd,Old Red Lion,51.489466343800935,-0.10501342692326765,941,11,390
86,4baf47fef964a52056f53be3,Black Prince,51.489635,-0.112118,410,13,193
87,4ad07e23f964a52038d820e3,Tesco,51.48655749039304,-0.11542618274688721,1611,15,539
88,4ae09d26f964a520f08021e3,The Rose,51.48975169790656,-0.12280833708244099,717,19,472
89,4ac51183f964a52049a020e3,Tate Britain,51.49104344519927,-0.12788772583007812,10029,81,7681
90,4af87765f964a520860d22e3,The White Swan,51.489733,-0.13154,720,14,542
91,50868a0ce4b0192cfde695d9,Pimlico,51.490163111266796,-0.13874516618104762,2775,6,756
92,51fd205f498e27af177c2c73,St Georges Drive,51.489008,-0.140613,114,0,12
93,4bb198a7f964a5204d9b3ce3,The White Ferry House,51.489246,-0.146746,647,10,353
94,4c0ce8ae2466a59393b07621,TfL Bus 11,51.49036206277271,-0.1531219482421875,573,5,172
95,4adf4587f964a520f87821e3,Saatchi Gallery,51.49046226670941,-0.1587975025177002,7931,86,6045
96,4b486a69f964a520f94c26e3,Starbucks,51.489769,-0.163327,1102,4,706
97,4eea0a7df9ab8fc95ea3bc38,Chelsea,51.48882208771406,-0.1688747600292387,2756,9,1182
98,5077e95c498e98df0dc602b1,National Heart And Lung Institute,51.49003404999516,-0.1719036549751353,103,0,8
99,4ba66c6bf964a520f85039e3,The Anglesea Arms,51.4901482936383,-0.17700433731079102,2229,23,1246
100,4b633885f964a520926b2ae3,The Drayton Arms,51.49080202252688,-0.18319997687376977,825,13,601
101,4cb16e10aef16dcb00aab954,YHA Earl's Court,51.49035538250242,-0.1895114779472351,439,16,197
102,4ac518bcf964a520a0a220e3,The Troubadour Cafe,51.48894608977946,-0.19176484517693196,2462,65,1618
103,4bc9abc1fb84c9b672631b3e,Kernel Brewery,51.49576905259232,-0.06868946407339725,1006,18,491
104,4bc9abc1fb84c9b672631b3e,Kernel Brewery,51.49576905259232,-0.06868946407339725,1006,18,491
105,4c447914f799e21ec1d6ada2,Bermondsey Spa Gardens,51.49490744632701,-0.07427043185361624,433,5,109
106,4b5c8600f964a520493429e3,Jam Factory,51.4957326833198,-0.08462905883789062,3863,2,91
107,5063eff1e4b05ef2f2df018b,Restup London,51.494007,-0.090508,629,14,348
108,50d5a869e4b07f4e5c86d420,Elephant & Castle,51.49431355394777,-0.09563316302849269,203,0,129
109,4c8739c59c808cfa11c6121e,Elephant & Castle Railway Station (EPH),51.493969265745775,-0.0987321138381958,4783,15,1499
110,4b62a4e8f964a520bb4d2ae3,London College of Communication,51.49476081747037,-0.10167829741104123,5731,11,935
111,4ac518d3f964a52078a720e3,Imperial War Museum,51.4960666562374,-0.10866165161132812,4847,64,3969
112,4bf9d6d25efe2d7f53ed6c34,London Eye Hostel,51.494406,-0.114563,470,9,214
113,4adb1453f964a520562421e3,Lambeth Palace,51.4955322983947,-0.11951923370361328,605,4,337
114,4c17ab2b59cc2d7f7bfc5287,Lambeth Bridge,51.49450364191161,-0.12308120727539062,2122,11,1150
115,4d874db002eb548156a067f5,St John's Gardens,51.49464162607095,-0.1282892808561416,653,1,182
116,4ae2b056f964a5204f8f21e3,Regency Cafe,51.4939492265177,-0.1322704553604126,1276,44,568
117,4de688cad4c09fc98b81b6f4,The Windsor Castle,51.49533,-0.138015,864,11,477
118,510bb09de4b01d3ae22bb38b,Victoria,51.49469732418631,-0.14259518191635906,1171,2,481
119,4ac518d9f964a520bda820e3,Boisdale of Belgravia,51.49432621428572,-0.148077,901,24,666
120,4db6a5bef7b121c29f762040,Belgravia Garage / Car Wash SW1,51.494140620200675,-0.1526377494761856,63,0,19
121,52209af911d21eb5f3dfaaf8,Davictor Salon,51.494214,-0.157813,4,0,4
122,4bcaf5f6fb84c9b63ff31d3e,Scalini,51.4959557509697,-0.16477300034057812,1322,40,962
123,4e99eef76c2592b36c78a3e7,Zefi,51.494091,-0.167776,2120,34,1041
124,4f8990c4e4b0089de8febf14,South Kensington,51.49399999648858,-0.17385861569992994,7583,9,3961
125,4b361abff964a5202e3025e3,Fitness First,51.49388007573451,-0.17729734832623664,1626,3,155
126,4c536236b3b09c741ee910b4,Gloucester Arcade,51.49436670861605,-0.18287837505340576,1428,2,467
127,4b1e80d6f964a520ab1a24e3,David Lloyd Health & Fitness Clubs,51.495011293466746,-0.18822669982910156,2140,6,194
128,4ba4e7d4f964a52062c138e3,Michael's Barber Shop,51.49435964299214,-0.1920488394782868,147,1,29
129,4bc9abc1fb84c9b672631b3e,Kernel Brewery,51.49576905259232,-0.06868946407339725,1006,18,491
130,4d4d51dea7f86ea8f43b35de,Maltby Street Market,51.49930567177609,-0.07550828921535635,1784,23,894
131,51277d33e4b0e675bccbd60f,Florin Court,51.499889,-0.078042,230,0,7
132,4e9399d0a17cee456fbb5d42,White Cube,51.49950643488766,-0.08188247680664062,1038,14,714
133,4bc4106b2a89ef3b4ee5f588,Soho Gyms,51.500718510952005,-0.09050846099853516,2876,3,194
134,4b7aef0df964a52011472fe3,TfL Bus 133,51.49944433967644,-0.0933774494506706,1144,8,218
135,4c3d7625b36ac9288d7b0586,London Borough of Southwark,51.49931274551157,-0.09643077850341797,1222,0,363
136,4b7564eff964a520180a2ee3,Borough Road Building,51.49871012741929,-0.10183456621831952,567,1,87
137,5187e675498ecf320ddc9f53,millennium court,51.499306668879754,-0.1074198526637578,43,0,15
138,4bcbeb063740b713405c6365,Tune Hotels,51.49917916615191,-0.11265277862548828,512,25,249
139,4ac518f6f964a5205eaf20e3,St Thomas' Hospital,51.49990049004296,-0.11866092681884766,4137,29,1690
140,4ac518cef964a520f6a520e3,Big Ben,51.50064517819402,-0.1245725154876709,42356,213,34711
141,4ac518cdf964a520eea520e3,Westminster Abbey,51.49946970075891,-0.12855827808380127,20729,135,17943
142,50b63873e4b0bc146b94908a,InterContinental London Westminster,51.4993629878306,-0.13246886878245892,1114,18,544
143,51c840cb498efc7a499b6ecd,Royal Quarter Café,51.49905914704511,-0.13796171068361676,197,10,170
144,4ac518d0f964a52091a620e3,"The Queen's Gallery, Buckingham Palace",51.49984951087026,-0.14228189880026723,1238,3,1040
145,529f0b32498e730e69960f4b,Capital World Investors,51.498627,-0.147994,43,1,5
146,4bb0b068f964a5201d553ce3,Belgrave Square,51.49916246870442,-0.1535135507583618,2092,2,703
147,4ac518b7f964a5202ba120e3,Jumeirah Lowndes Hotel,51.499276181440614,-0.15768694244217857,1270,8,388
148,4abf8c03f964a520079120e3,Harrods,51.49916580819443,-0.16288518905639648,84401,430,49154
149,4ddeb2181f6e03694749e96c,Rutland Gate,51.50096031479189,-0.16792869783752262,541,0,83
150,4c38274d18e72d7fe0ed17f5,Gabor Hall,51.499341911649196,-0.17271318469086896,248,2,41
151,4ace3795f964a5201fcf20e3,Imperial College,51.498805141862064,-0.17698287963867188,7134,13,1869
152,4b7c3a5af964a520d1852fe3,The Gloucester Arms,51.49881849992524,-0.18395662307739258,1216,12,702
153,4ba65a51f964a520704939e3,Builders Arms,51.49944632447973,-0.18831253051757812,1450,12,819
154,4ac518baf964a520eca120e3,Muffin Man,51.499383626272106,-0.1924853584814848,807,22,549
155,4ac518d2f964a52042a720e3,Design Museum,51.502652102264484,-0.07184028625488281,5074,69,4029
156,4ac518cef964a520f8a520e3,Tower Bridge,51.50576416246527,-0.07525205612182617,34024,145,24563
157,4ac518d1f964a520d9a620e3,Potters Fields Park,51.50440572216699,-0.07805882456906992,3166,8,1247
158,4adc2071f964a5208a2b21e3,Hilton London Tower Bridge,51.50465559886706,-0.08262276649475098,2965,26,1519
159,4af9a82df964a520fd1222e3,The Shard,51.50470234606946,-0.08682847023010254,10654,59,6132
160,4ad9a8acf964a5205f1a21e3,Monmouth Coffee Company,51.50551707532427,-0.09124875068664551,9115,125,3361
161,50fd36f9e4b03727bd12020d,Make Positive London,51.50445810454057,-0.09708391113211498,148,1,20
162,4da5fefbf7b192b48663d1df,Fitness4less,51.50399258572825,-0.10140751604999794,1969,8,176
163,4b2f71d7f964a52070eb24e3,London Waterloo East Railway Station (WAE),51.5039744199054,-0.10924100875854492,11800,19,2998
164,4acd8e7df964a52044cc20e3,London Waterloo Railway Station (WAT),51.503132949482534,-0.11276006698608398,151277,293,28731
165,4bdec9150d69b713580266d3,Jubilee Gardens,51.503814141022815,-0.1187896728515625,2983,12,2007
166,4ac518cef964a52021a620e3,The London Eye,51.503466868176616,-0.11964797973632812,49157,398,41820
167,4ac518cdf964a520f0a520e3,Horse Guards Parade,51.504668,-0.12828,3461,20,2977
168,4ac518d0f964a52098a620e3,The Mall,51.50455615844638,-0.13481062324588314,2726,11,1886
169,4ac518cdf964a520f2a520e3,St James's Park,51.502384962728726,-0.1352691650390625,17442,95,11862
170,4b96b2bbf964a520c2de34e3,Green Park,51.50361379162682,-0.14402389526367188,15431,64,10572
171,50b3f12be4b0923cb6ef914e,Coya,51.504359345589236,-0.14778275921564282,927,41,666
172,5173fb40498e2885e941600c,Queen Elizabeth Gate,51.50408935546875,-0.15250536799430847,41,0,37
173,4f3cf096e4b0b928ae4594f0,Hyde Park Corner,51.504543029042935,-0.15586006253103843,11144,25,8288
174,4ac518d2f964a52026a720e3,Hyde Park,51.50849,-0.167862,51896,281,31326
175,4ac518d2f964a52026a720e3,Hyde Park,51.50849,-0.167862,51896,281,31326
176,4c30b6183896e21eb8e8e590,"Diana, Princess of Wales Memorial Fountain",51.50456210431835,-0.1714789867401123,2584,9,2041
177,4b7ffcd1f964a520e94830e3,Kensington Gardens,51.50649873794456,-0.18075942993164062,9270,58,5794
178,4b7ffcd1f964a520e94830e3,Kensington Gardens,51.50649873794456,-0.18075942993164062,9270,58,5794
179,4ac518cef964a52013a620e3,Kensington Palace,51.505144034215654,-0.18805501918882328,4443,39,3596
180,4bbf8ae4abf4952185d2bd93,Ffionas,51.504091289568535,-0.19270062446594238,258,18,155
181,4bd937cd11dcc9282e43f933,Fitness First,51.50784765480179,-0.06731271743774414,1146,5,127
182,4acf135cf964a52060d220e3,Royal Mint Court,51.50929990492254,-0.07271442779967938,543,1,246
183,4ac518cef964a520f7a520e3,Tower of London,51.50802127486276,-0.07626056671142578,33807,416,28150
184,5118e5dae4b03dc123056ed7,Finovate,51.509051630533286,-0.08401865678984743,135,2,91
185,4ac518d1f964a520e0a620e3,London Bridge,51.50818153894719,-0.08754730224609375,18441,63,11644
186,4bc4286ff8219c746a07b710,Southwark Bridge,51.50933342046702,-0.09382903575897217,2721,8,1224
187,4ac518cef964a52022a620e3,Millennium Bridge,51.50951705106139,-0.09849071502685547,12034,64,9394
188,4ace1db2f964a5207fce20e3,London Blackfriars Railway Station (BFR),51.5106922693391,-0.10355472564697266,8959,24,3246
189,4c08f35cffb8c9b6fafc6861,South Bank,51.508114762313845,-0.10956287384033202,11156,37,6515
190,4b6196e7f964a5200e192ae3,Walkabout,51.5107723967541,-0.11394023895263672,3305,38,2350
191,4adb5c6ff964a5206b2621e3,Waterloo Bridge,51.508234960183394,-0.11647224426269531,10780,44,4658
192,4aef23ccf964a520fad521e3,RSA,51.509463631328444,-0.12267351150512695,2312,21,1026
193,4ac518d2f964a52047a720e3,National Portrait Gallery,51.50927666176991,-0.12759268283843994,10699,103,8589
194,4ac518b9f964a520b1a120e3,Planet Hollywood,51.50907633639145,-0.13246893882751465,2502,39,2198
195,4ac518ecf964a52075ac20e3,Fortnum & Mason,51.50844864450185,-0.1382732391357422,11851,119,8629
196,4ac518c3f964a52054a420e3,Automat,51.50886135936556,-0.1429605484012514,2040,53,1431
197,4ac518cff964a52066a620e3,Mayfair,51.50911640153762,-0.14634132385253903,1337,9,580
198,4b8146dbf964a520439d30e3,Marriott Grosvenor House Hotel,51.50868903816219,-0.1540231704711914,7792,68,3897
199,4bf2eab5d2fbef3b9f8ea4c5,JW Steakhouse,51.50967299938202,-0.15576153,869,36,621
200,4ac518d2f964a52026a720e3,Hyde Park,51.50849,-0.167862,51896,281,31326
201,4ac518d2f964a52026a720e3,Hyde Park,51.50849,-0.167862,51896,281,31326
202,4ac518d2f964a52026a720e3,Hyde Park,51.50849,-0.167862,51896,281,31326
203,4ac518d1f964a52000a720e3,Peter Pan Statue,51.50872449860815,-0.17584482432415235,673,7,577
204,4ac518b7f964a5202ea120e3,Thistle Kensington Gardens,51.510664,-0.184056,780,11,433
205,4bcd9b248920b71357eb9fdc,Diana Memorial Playground,51.509059321541336,-0.18808133894172424,1492,21,1101
206,4b8ed000f964a520af3833e3,The Champion,51.50989455913709,-0.19227031814295184,1479,22,969
207,4bbf94bb461576b096cc7832,Marlin Apartments,51.51480620526641,-0.06762974748622756,559,4,166
208,4b3a0c96f964a5208d6025e3,RBS Aldgate Union,51.51482857969948,-0.07310638669938993,1537,2,170
209,4c5979c4f346c928e5964cca,Towergate Insurance,51.51380899268613,-0.07797466668112868,748,0,53
210,528a790c498e858fe961a01e,Steam and Rye,51.513661,-0.083365,131,3,111
211,5199f413498e99518665a423,City of London,51.514571609913254,-0.08746147155761717,1282,4,525
212,51d419fe498e19413653daae,Vital Ingredient,51.51429120701894,-0.09265265062660084,102,1,20
213,4ac518cef964a520f5a520e3,St Paul's Cathedral,51.51368359725126,-0.09943485260009766,26328,138,20358
214,4b1407eef964a520189c23e3,City Thameslink Railway Station (CTK),51.51397737779247,-0.1034688949584961,5737,8,1206
215,4bbeeb1330c99c74a36c5411,McDonald's,51.514205,-0.107731,677,2,370
216,4bd7386be914a5936ac350fa,Royal Courts of Justice,51.51337953844755,-0.11321377982927498,3149,12,1951
217,4b575d0df964a520b23328e3,Pret A Manger,51.514266,-0.118056,787,4,369
218,4b54303bf964a52024b427e3,Caffè Nero,51.51416,-0.122754,1677,16,1064
219,4ac518ebf964a5201cac20e3,Odeon,51.51390727124453,-0.12799501419067383,2317,20,1680
220,52679a10498eb8400efd8c79,Monitise Create,51.51433181762695,-0.1381170004606247,66,0,6
221,4ac518f4f964a520daae20e3,Apple Store,51.51443139853858,-0.14149188995361328,46976,276,29679
222,4b7ed0c3f964a520820130e3,Disney Store,51.514557,-0.148056,4318,14,3455
223,4ae5b238f964a52087a121e3,Selfridges & Co,51.51435127755928,-0.1526927947998047,70287,304,30989
224,4ac518d7f964a52060a820e3,La Porte Des Indes,51.514524529026644,-0.15792248769416498,893,23,741
225,4ac518bff964a52058a320e3,Salt Whisky Bar,51.51430886347134,-0.16165559413911007,4117,32,1408
226,4ac518dbf964a5200aa920e3,Bombay Palace,51.5141533,-0.1679554,212,9,172
227,4cadbb82bf70236a1aee01f9,Linden House Hotel,51.5144314119116,-0.17305158238994545,328,15,175
228,4bad32f5f964a52042383be3,Royal Eagle Hotel,51.514265,-0.178281,296,8,161
229,4c332c9a16adc928d724c39c,The Caesar Hotel,51.5134208616077,-0.1834397481391079,1027,11,493
230,4ac518ecf964a52090ac20e3,Whiteleys Shopping Centre,51.51427449482185,-0.18830180168151855,7508,33,3016
231,4bc0c5084cdfc9b601719321,Umi Hotel London,51.51417768162066,-0.19213199615478516,589,6,240
232,4ace553cf964a520efcf20e3,Soho Theatre Bar,51.514396017508524,-0.13304040862126432,1702,17,1132
233,52207e0d498e4f08af1597df,Hanbury Studios,51.520184,-0.069564,159,0,3
234,4c46d0e331e41b8d44cb4a35,Istituto Marangoni,51.5182707,-0.072643,2657,0,191
235,4addf279f964a520a16621e3,Patisserie Valerie,51.51908485027928,-0.07782161235809326,1793,37,1336
236,4c336afaed37a593f74f6d03,Broadgate Circle,51.51882448318336,-0.0835561752319336,1976,8,682
237,4ba0eb02f964a520f08637e3,Oracle,51.519151053852845,-0.08748700549661785,2127,11,315
238,4ac518d3f964a5204da720e3,Barbican Centre,51.51969236771462,-0.09372711181640625,11620,73,6517
239,50714cc8e4b008c20de68d4b,Barbican,51.52010319619744,-0.09763717246379719,1101,2,651
240,4b49e9e3f964a520e27526e3,Smiths of Smithfield,51.5193986240325,-0.10263204574584961,5697,76,3259
241,4cfa6667ee9cb60c44fd89ad,Department of Coffee & Social Affairs,51.519348553897686,-0.1090317964553833,5708,85,1441
242,4ac518c3f964a52043a420e3,Cittie of Yorke,51.518339067403815,-0.11267739115098095,2288,32,1539
243,4ac518ebf964a52036ac20e3,Conway Hall,51.5196122559892,-0.1184248924255371,1528,12,999
244,4b75a42bf964a5204c192ee3,All Star Lanes,51.51945876626997,-0.1226158019666488,1429,17,1230
245,4ac518d2f964a5203da720e3,British Museum,51.519271779584045,-0.1268470287322998,40691,330,32604
246,50f4529e00ca23639b0b517e,Carphone Warehouse,51.5192114920026,-0.13293784559715216,110,0,23
247,4acdb15ff964a520b4cc20e3,Benito's Hat,51.51908916032011,-0.13646914814013317,3083,47,1289
248,4bb37b5b35f0c9b6b96bbc83,BBC Western House,51.51917831502756,-0.14261841773986816,504,2,199
249,4e65015c62e13e3bcfbb0e4a,London Lingual Orthodontic Clinic,51.51914159768968,-0.14759980761018546,4,0,1
250,4cd7bdd453a7f04de9c45f16,Sup de Pub - London,51.5194133644238,-0.1529255969892945,1271,1,83
251,4ac518ddf964a52068a920e3,Ishtar,51.52003775798584,-0.1582919695088419,707,13,436
252,523f74c7498ef5ec221735eb,Casa El Soon's,51.519276,-0.162841,137,1,2
253,52e19452498e6cd8cdf83cbc,Al-Hijji's,51.51929043751559,-0.16763962404946556,26,0,1
254,4b61ca09f964a520f0222ae3,Marks & Spencer - Head Office,51.51896652722161,-0.17304148409210318,3594,9,352
255,4e8b3ca1550385f0954c7a28,Photobox,51.51923417467255,-0.177791850486866,157,0,30
256,4b4842f9f964a520c84a26e3,Novotel,51.51933186384051,-0.18249750137329102,2017,19,715
257,4ac518d1f964a520caa620e3,Little Venice,51.52257629597823,-0.1876688003540039,4140,19,1911
258,4baab46ff964a5204a813ae3,The Westbourne,51.51932003772379,-0.1949178672569759,2121,23,1131
259,4b472756f964a520072c26e3,The Carpenters Arms,51.52393141215938,-0.06734490394592285,1870,22,886
260,4ac518e9f964a520d2ab20e3,Rich Mix Cultural Foundation,51.524243359336694,-0.07310351871265255,4400,34,2544
261,52988940498e725c6a9df38f,Andina,51.524240853495726,-0.07713744454932273,265,7,244
262,4cc1b001ed0337047519b023,Westland,51.524529661553345,-0.08279684359401207,36,1,29
263,4f7ddc0fe4b062316b24a77b,Salvation Jane,51.52428520432667,-0.08737564086914062,2943,53,1070
264,4ac518eef964a52021ad20e3,Whitecross Street Market,51.522129818132434,-0.09277642871448469,7235,77,1799
265,4bd0432a9854d13a6855f74d,look mum no hands!,51.52404155529859,-0.0969618558883667,6074,109,2874
266,4e30193414953296330ac6d3,Argus house,51.52406667579888,-0.10293325604718413,684,0,12
267,4b6c1011f964a520f2212ce3,The Bowler,51.52425229716138,-0.1081820311577547,555,14,343
268,51960a82498e35404cf68346,Warner Yard,51.523079,-0.111076,947,2,197
269,4c6ad76b96eaa5932f0c21df,Nuffield Health Bloomsbury Fitness & Wellbeing Centre,51.524124996893335,-0.11823177337646484,1170,2,110
270,4b411423f964a520aac025e3,Hare & Tortoise,51.52408380631034,-0.1230448548832139,2410,56,1347
271,4e05b42eb61c60b04539ac39,Unite Students Accomodation,51.524381746600355,-0.1275047294406907,865,0,117
272,4b0a52daf964a5203e2323e3,University College London,51.52433860667918,-0.13286590576171875,7548,17,2020
273,4ac518b6f964a52009a120e3,Radisson Blu Edwardian Grafton Hotel,51.52421669179782,-0.13786721312790073,2607,38,1253
274,4dda1bbb7d8b3226642ef30e,Aegis Media / Carat Global Management / Vizeum Global Management,51.52432805180038,-0.14298755027300702,1403,0,182
275,4bf94c348d30d13a74f10118,Park Square Gardens,51.52439200896907,-0.146942138671875,650,1,308
276,4ac518cef964a520fca520e3,Madame Tussauds,51.52281301708984,-0.15535998877990853,15630,207,14173
277,4ac518d3f964a52054a720e3,The Sherlock Holmes Museum,51.52366656248244,-0.15813865791571094,5455,48,4903
278,4c16743b955976b02c92a4f6,Platform 5,51.52399149026834,-0.163421630859375,1664,2,443
279,4c07b3c68a81c9b658972790,Alfies Rooftop Cafe & Restaurant,51.52417302131653,-0.168585,153,6,94
280,4ac518eef964a52023ad20e3,Church Street Market,51.522945739143665,-0.17123415505347173,1047,4,233
281,50d4bcd0e4b08c309dc5596d,Gogi,51.524361,-0.176756,108,3,77
282,4afb0b96f964a5209b1a22e3,Tesco Express,51.525378,-0.17970263957977295,421,2,184
283,4ac518d1f964a520caa620e3,Little Venice,51.52257629597823,-0.1876688003540039,4140,19,1911
284,4dc16550fa764d03e9fd26ba,Paddington Academy,51.52481170735156,-0.1930625580735116,180,0,31
285,4ac518f3f964a5209fae20e3,Columbia Road Flower Market,51.529358148183654,-0.0695657730102539,6301,76,3674
286,4e07092918a8382643b1bca3,Long White Cloud,51.530324,-0.07366,655,13,290
287,4ad20e3ef964a52015df20e3,Viet Grill,51.528877577739046,-0.0776982307434082,1335,40,967
288,4ad3b332f964a520b9e520e3,The George & Vulture,51.52932959790398,-0.08371791814489851,1326,12,576
289,4acd585bf964a520ebcb20e3,Skimlinks HQ,51.529281390744714,-0.08682310581207275,4364,8,159
290,4ad85d94f964a520161121e3,The Eagle,51.52848632389523,-0.09207980968388037,2656,41,1281
291,4bd8985fe914a593aeb553fa,Ability Towers,51.52923718432796,-0.09681782840848425,2501,3,234
292,4b4c451ff964a5204eb026e3,City University London,51.5276214488032,-0.10218219399385078,8897,18,1470
293,4ac518e8f964a52077ab20e3,Sadler's Wells,51.52913144426899,-0.10631751449078494,5169,36,2540
294,4dc2eb44d4c07da16a03dac9,Percy Circus,51.52878678402721,-0.11263309147090501,238,1,60
295,4c4cbea0172b76b0fabe07d1,The Queen's Head,51.5283921,-0.1184339,1209,33,686
296,4c1516997f7f2d7f72d9e168,Argyle Square Gardens,51.529024419246404,-0.12232482433319092,994,3,363
297,4ac518cef964a52019a620e3,British Library,51.52921130775267,-0.12743711471557617,12714,101,6844
298,4acbc300f964a52058c520e3,London Euston Railway Station (EUS),51.5284370503752,-0.13402462005615234,104323,244,27996
299,4acbc300f964a52058c520e3,London Euston Railway Station (EUS),51.5284370503752,-0.13402462005615234,104323,244,27996
300,52719c9611d2aff708b4e402,Londres,51.52956538230561,-0.12503000752677948,56,0,43
301,4de207df1f6e3190cd069d18,Queen Mary's Gardens,51.527175529263026,-0.1527735135373264,795,9,671
302,4b233922f964a520785424e3,Regent's Park,51.52748923462628,-0.15371203422546387,18242,89,9614
303,4b233922f964a520785424e3,Regent's Park,51.52748923462628,-0.15371203422546387,18242,89,9614
304,4bc99784fb84c9b67f4b1b3e,Boating Lake,51.52861059196677,-0.1609969139099121,1194,4,708
305,4f6ce75ee4b0725b60a99656,Le Selma Bijou,51.529459,-0.16777,69,1,35
306,4ac518e8f964a520acab20e3,Lord's Cricket Ground (MCC),51.529411544586594,-0.17269134521484375,5878,42,3323
307,4da4c09d540ea1cdca40acde,TfL Bus 98,51.52753163677559,-0.17858111019686473,598,1,136
308,4da4c09d540ea1cdca40acde,TfL Bus 98,51.52753163677559,-0.17858111019686473,598,1,136
309,4ac518cef964a52033a620e3,Paddington Recreation Ground,51.530239180823926,-0.1904153823852539,1853,11,615
310,4ac518cef964a52033a620e3,Paddington Recreation Ground,51.530239180823926,-0.1904153823852539,1853,11,615
311,4b8bbb69f964a520cba832e3,Haggerston Park,51.533749793069674,-0.06772041320800781,1511,5,703
312,4b8bbb69f964a520cba832e3,Haggerston Park,51.533749793069674,-0.06772041320800781,1511,5,703
313,52b1b3bf498e60c552bcc15b,Louis Freedman Centre For Wellbeing,51.534394,-0.077805,2,0,2
314,4befcc22d4e4d13a9d9315a7,Britannia Leisure Centre,51.53525807183621,-0.08402824401855469,1544,7,208
315,4ada0163f964a5201d1d21e3,Shoreditch Park,51.53517131379283,-0.08763313293457031,2768,14,895
316,52efdf2e11d273543fab930d,Holborn Studios - Studio #6,51.534231,-0.092681,2,0,1
317,4ac518b9f964a520bea120e3,Duke of Cambridge,51.53463210641542,-0.09872180958915178,1596,30,1015
318,4da035a25970b1f72e81541e,Kipferl,51.535091,-0.103505,1301,35,726
319,4b9d06fbf964a520978936e3,Vue Cinema,51.534072158289945,-0.10641337354274194,7367,28,3506
320,5045e44229a683960498d226,The Craft Beer Co.,51.532695303009504,-0.11052846908569336,1468,18,745
321,4c1142c3416620a10fccd8e4,TfL Bus 91,51.52144335689963,-0.12929399315786763,1284,5,204
322,4acdbaf0f964a520d6cc20e3,Kings Place,51.53475086862483,-0.12196540832519531,3677,21,1910
323,4ac518f7f964a520c6af20e3,London St Pancras International Railway Station (STP),51.53120028789537,-0.1263427734375,87231,232,36059
324,52486466498e98e79c39411f,E.M,51.53417,-0.132272,490,5,11
325,4ac518c7f964a52078a520e3,KOKO,51.53467942354505,-0.13835495742020476,8198,63,5661
326,4acdaa40f964a52095cc20e3,Mornington Crescent,51.533576,-0.140591,2337,8,362
327,4ac51183f964a52048a020e3,ZSL London Zoo,51.535645144168825,-0.15573978424072266,8416,97,6701
328,4ac51183f964a52048a020e3,ZSL London Zoo,51.535645144168825,-0.15573978424072266,8416,97,6701
329,4de78fb51f6ed9a35ef2c64c,Regent's Park North Gate,51.53411018280578,-0.16275644302368164,1141,2,596
330,4de78fb51f6ed9a35ef2c64c,Regent's Park North Gate,51.53411018280578,-0.16275644302368164,1141,2,596
331,4b18d7c6f964a5201fd623e3,RAK Studios,51.534213,-0.167538,700,1,61
332,4c379cc03849c928f906beb1,St. John's Wood,51.5343971577772,-0.17421483993530273,4513,7,1153
333,4ac518d0f964a520aaa620e3,Abbey Road Studios,51.53208128488629,-0.17793774604797363,5228,43,3940
334,4e73607dc65bf4cd62055cfd,Violet Hill Gardens,51.532986267621865,-0.18157193633264737,189,1,48
335,4fbd5182e4b02cd43d0bf18c,Maida Vale,51.53362966252356,-0.18831253051757812,1756,2,386
336,4cb35316b4b0a35d801560ce,St Augustine's Sport Centre,51.5341141955112,-0.19277083187593125,54,1,19
337,50234d65e4b00d9a1e029aa4,Haggerston,51.53722167979578,-0.06888378276144369,222,0,63
338,4bd70bc0cfa7b713358528da,Haggerston London Overground Station,51.53852806211916,-0.07575631141662598,2797,4,1018
339,4ee3529f7ee55891482c7836,Haggerston Espresso Room (HER),51.539110270140526,-0.07744885997398776,786,15,305
340,4be6d40a2468c92888b50143,Evans Cycles,51.53895258600891,-0.08282816191733822,10,1,7
341,4b45d01ef964a520ab1026e3,Rosemary Gardens,51.53854140853689,-0.08763313293457031,455,4,165
342,4ac518c0f964a5207ba320e3,The North Pole,51.537607,-0.091139,1017,22,465
343,50bb5f0ee4b069aaeb023fed,Costa Coffee,51.53923302966995,-0.09816931648150276,137,4,75
344,4bbc979ced7776b0eacc3f51,Cafe La Divina,51.5393154940675,-0.10269641876220703,516,18,355
345,4c86adfbe602b1f7973fc27a,London Borough of Islington,51.53928602787982,-0.10922263507194847,3341,5,732
346,4c86adfbe602b1f7973fc27a,London Borough of Islington,51.53928602787982,-0.10922263507194847,3341,5,732
347,4e32ebed18a846d7ed0d3c61,Iceland,51.53950234032649,-0.11703014373779297,157,0,41
348,51d94e61498e435559854704,Urbanest King's Cross,51.53948490926667,-0.1252677990756317,436,0,91
349,51d94e61498e435559854704,Urbanest King's Cross,51.53948490926667,-0.1252677990756317,436,0,91
350,4c654fdb5e61d13a2984bb85,Ted Baker HQ,51.53803,-0.132756,246,2,70
351,4d6f88b4edca2c0fe7a153ea,St Michaels School,51.53889044254976,-0.13827476670476388,693,0,11
352,4c6ce8d923c1a1cd4bdf1acf,Camden Town,51.53907526203596,-0.14265060424804688,26512,75,13519
353,52060c92498eaeea9209d6e6,The Little One,51.53987978178299,-0.14783462260604524,61,4,27
354,4b3f71c5f964a520eea625e3,The Albert,51.53876998425168,-0.15253215724162006,708,19,356
355,4b2e246ef964a520f9dc24e3,Primrose Hill,51.53944895575933,-0.1608896255493164,10159,91,5007
356,4b2e246ef964a520f9dc24e3,Primrose Hill,51.53944895575933,-0.1608896255493164,10159,91,5007
357,4b2e246ef964a520f9dc24e3,Primrose Hill,51.53944895575933,-0.1608896255493164,10159,91,5007
358,4acdcffcf964a52015cd20e3,Swiss Cottage,51.542211524878915,-0.17447233200073242,1531,5,480
359,4acdcffcf964a52015cd20e3,Swiss Cottage,51.542211524878915,-0.17447233200073242,1531,5,480
360,4ac518c2f964a52001a420e3,The Salt House,51.537365,-0.183804,720,17,394
361,4bade488f964a52070703be3,The American Car Wash,51.53917535886987,-0.1884305477142334,72,1,44
