{"meta":{"code":"200"},"response":{"venues":[{"id":"4b20abbbf964a520cc3324e3","name":"Burgess Park","location":{"address":"Camberwell Rd.","crossStreet":"Albany Rd.","lat":"51.48242521151098","lng":"-0.08578777313232422","distance":"376","postalCode":"SE5","cc":"GB","city":"Walworth","state":"Greater London","country":"United Kingdom"},"categories":[{"id":"4bf58dd8d48988d163941735","name":"Park","pluralName":"Parks","shortName":"Park","icon":{"prefix":"https:\/\/ss1.4sqi.net\/img\/categories_v2\/parks_outdoors\/park_","suffix":".png"},"primary":"true"}],"verified":"false","restricted":"true","stats":{"checkinsCount":"1592","usersCount":"500","tipCount":"15"},"specials":{"count":"0"},"hereNow":{"count":"0"},"referralId":"v-1392478111"},{"id":"4fb0f60ce4b0664ab8652281","name":"Archival Record Management PLC","location":{"address":"53-57 Southampton Road","lat":"51.4797","lng":"-0.0882","distance":"53","cc":"GB","country":"United Kingdom"},"categories":[{"id":"4bf58dd8d48988d124941735","name":"Office","pluralName":"Offices","shortName":"Office","icon":{"prefix":"https:\/\/ss1.4sqi.net\/img\/categories_v2\/building\/default_","suffix":".png"},"primary":"true"}],"verified":"false","restricted":"true","stats":{"checkinsCount":"1","usersCount":"1","tipCount":"0"},"specials":{"count":"0"},"hereNow":{"count":"0"},"referralId":"v-1392478111"},{"id":"509540a7e4b0f71702da7f03","name":"Cool Cats Cafe","contact":{"phone":"+442077013933","formattedPhone":"+44 20 7701 3933","twitter":"coolcatscafe"},"location":{"address":"149 Southampton Way","lat":"51.47814942494469","lng":"-0.08385670746432845","distance":"301","postalCode":"SE5 7EW","cc":"GB","city":"London","state":"Greater London","country":"United Kingdom"},"categories":[{"id":"4bf58dd8d48988d16d941735","name":"Caf\u00e9","pluralName":"Caf\u00e9s","shortName":"Caf\u00e9","icon":{"prefix":"https:\/\/ss1.4sqi.net\/img\/categories_v2\/food\/cafe_","suffix":".png"},"primary":"true"}],"verified":"false","restricted":"true","stats":{"checkinsCount":"158","usersCount":"75","tipCount":"8"},"url":"http:\/\/www.coolcatscafe.com","reservations":{"url":"http:\/\/www.toptable.co.uk\/single.aspx?rid=94794&ref=9601"},"menu":{"type":"Menu","label":"Menu","anchor":"View Menu","url":"https:\/\/foursquare.com\/v\/cool-cats-cafe\/509540a7e4b0f71702da7f03\/menu","mobileUrl":"https:\/\/foursquare.com\/v\/509540a7e4b0f71702da7f03\/device_menu"},"specials":{"count":"0"},"hereNow":{"count":"0"},"referralId":"v-1392478111"},{"id":"4e046b48b3ad42ccd5ee4aff","name":"Brunswick Park","location":{"address":"Brunswick Pk.","lat":"51.475623005800976","lng":"-0.08600234985351562","distance":"426","postalCode":"SE5 7RH","cc":"GB","city":"Camberwell","state":"Greater London","country":"United Kingdom"},"categories":[{"id":"4bf58dd8d48988d163941735","name":"Park","pluralName":"Parks","shortName":"Park","icon":{"prefix":"https:\/\/ss1.4sqi.net\/img\/categories_v2\/parks_outdoors\/park_","suffix":".png"},"primary":"true"}],"verified":"false","restricted":"true","stats":{"checkinsCount":"253","usersCount":"47","tipCount":"3"},"specials":{"count":"0"},"hereNow":{"count":"0"},"referralId":"v-1392478111"},{"id":"4fcfcbece4b036a250a94811","name":"Happy Valley","location":{"lat":"51.47818","lng":"-0.084652","distance":"250","cc":"GB","country":"United Kingdom"},"categories":[{"id":"4bf58dd8d48988d145941735","name":"Chinese Restaurant","pluralName":"Chinese Restaurants","shortName":"Chinese","icon":{"prefix":"https:\/\/ss1.4sqi.net\/img\/categories_v2\/food\/chinese_","suffix":".png"},"primary":"true"}],"verified":"false","restricted":"true","stats":{"checkinsCount":"23","usersCount":"10","tipCount":"1"},"specials":{"count":"0"},"hereNow":{"count":"0"},"referralId":"v-1392478111"},{"id":"4f88e87ce4b013a9800e9e18","name":"The Flying Dutchman","contact":{"phone":"+442077032078","formattedPhone":"+44 20 7703 2078","twitter":"fly_dutch_lon"},"location":{"address":"155 Wells Way","crossStreet":"Southampton Way","lat":"51.47855866937186","lng":"-0.08530791656873726","distance":"191","postalCode":"SE5 7SY","cc":"GB","city":"Camberwell","state":"Greater London","country":"United Kingdom"},"categories":[{"id":"4bf58dd8d48988d1d8941735","name":"Gay Bar","pluralName":"Gay Bars","shortName":"Gay Bar","icon":{"prefix":"https:\/\/ss1.4sqi.net\/img\/categories_v2\/nightlife\/gaybar_","suffix":".png"},"primary":"true"}],"verified":"false","restricted":"true","stats":{"checkinsCount":"105","usersCount":"44","tipCount":"0"},"url":"http:\/\/www.flyingdutchmanlondon.com","specials":{"count":"0"},"hereNow":{"count":"0"},"referralId":"v-1392478111"},{"id":"4da8697da86e68edb7dc47ca","name":"Princess Of Wales","location":{"lat":"51.48030623835755","lng":"-0.08799524272303237","distance":"114","cc":"GB","city":"London","state":"Greater London","country":"United Kingdom"},"categories":[{"id":"4bf58dd8d48988d11b941735","name":"Pub","pluralName":"Pubs","shortName":"Pub","icon":{"prefix":"https:\/\/ss1.4sqi.net\/img\/categories_v2\/nightlife\/pub_","suffix":".png"},"primary":"true"}],"verified":"false","restricted":"true","stats":{"checkinsCount":"6","usersCount":"6","tipCount":"0"},"specials":{"count":"0"},"hereNow":{"count":"0"},"referralId":"v-1392478111"},{"id":"517c195de4b0a00e261bcdfd","name":"The Well","location":{"lat":"51.47916352505341","lng":"-0.08611773917604168","distance":"117","cc":"GB","country":"United Kingdom"},"categories":[{"id":"4bf58dd8d48988d132941735","name":"Church","pluralName":"Churches","shortName":"Church","icon":{"prefix":"https:\/\/ss1.4sqi.net\/img\/categories_v2\/building\/religious_church_","suffix":".png"},"primary":"true"}],"verified":"false","restricted":"true","stats":{"checkinsCount":"3","usersCount":"3","tipCount":"0"},"specials":{"count":"0"},"hereNow":{"count":"0"},"referralId":"v-1392478111"},{"id":"4c28509297d00f47e6b23fea","name":"Burgess Industrial Park","location":{"address":"Southampton Way","lat":"51.47988619641402","lng":"-0.08647441864013672","distance":"113","postalCode":"SE5 7TJ","cc":"GB","city":"Camberwell","state":"Greater London","country":"United Kingdom"},"categories":[{"id":"4bf58dd8d48988d124941735","name":"Office","pluralName":"Offices","shortName":"Office","icon":{"prefix":"https:\/\/ss1.4sqi.net\/img\/categories_v2\/building\/default_","suffix":".png"},"primary":"true"}],"verified":"false","restricted":"true","stats":{"checkinsCount":"70","usersCount":"15","tipCount":"0"},"specials":{"count":"0"},"hereNow":{"count":"0"},"referralId":"v-1392478111"},{"id":"521a12a311d21c9afb591647","name":"books","location":{"lat":"51.47847366333008","lng":"-0.08658786118030548","distance":"123","cc":"GB","country":"United Kingdom"},"categories":[{"id":"4bf58dd8d48988d1a7941735","name":"College Library","pluralName":"College Libraries","shortName":"Library","icon":{"prefix":"https:\/\/ss1.4sqi.net\/img\/categories_v2\/building\/library_","suffix":".png"},"primary":"true"}],"verified":"false","restricted":"true","stats":{"checkinsCount":"1","usersCount":"1","tipCount":"0"},"specials":{"count":"0"},"hereNow":{"count":"0"},"referralId":"v-1392478111"},{"id":"4c0e3f8d2466a59375b17821","name":"Cambridge House","location":{"address":"1 Addington Square","crossStreet":"Camberwell Rd","lat":"51.480804577089","lng":"-0.09408770659358263","distance":"467","postalCode":"SE5 0HF","cc":"GB","city":"London","state":"Greater London","country":"United Kingdom"},"categories":[{"id":"4bf58dd8d48988d171941735","name":"Event Space","pluralName":"Event Spaces","shortName":"Event Space","icon":{"prefix":"https:\/\/ss1.4sqi.net\/img\/categories_v2\/building\/eventspace_","suffix":".png"},"primary":"true"}],"verified":"true","restricted":"true","stats":{"checkinsCount":"78","usersCount":"15","tipCount":"1"},"specials":{"count":"0"},"hereNow":{"count":"0"},"venuePage":{"id":"61585271"},"referralId":"v-1392478111"},{"id":"5202920f498e012705f4c984","name":"Burgess Park BMX Track","location":{"lat":"51.4825337193178","lng":"-0.08694196836349921","distance":"366","cc":"GB","country":"United Kingdom"},"categories":[{"id":"4bf58dd8d48988d167941735","name":"Skate Park","pluralName":"Skate Parks","shortName":"Skate Park","icon":{"prefix":"https:\/\/ss1.4sqi.net\/img\/categories_v2\/parks_outdoors\/skate_park_","suffix":".png"},"primary":"true"}],"verified":"false","restricted":"true","stats":{"checkinsCount":"10","usersCount":"7","tipCount":"3"},"specials":{"count":"0"},"hereNow":{"count":"0"},"referralId":"v-1392478111"},{"id":"4b8d2e2cf964a520dceb32e3","name":"St Giles Church","location":{"address":"Camberwell Rd","crossStreet":"Dagmar Rd","lat":"51.479665103340295","lng":"-0.09182088717340842","distance":"281","cc":"GB","city":"Camberwell","state":"Greater London","country":"United Kingdom"},"categories":[{"id":"4bf58dd8d48988d132941735","name":"Church","pluralName":"Churches","shortName":"Church","icon":{"prefix":"https:\/\/ss1.4sqi.net\/img\/categories_v2\/building\/religious_church_","suffix":".png"},"primary":"true"}],"verified":"false","restricted":"true","stats":{"checkinsCount":"58","usersCount":"36","tipCount":"1"},"specials":{"count":"0"},"hereNow":{"count":"0"},"referralId":"v-1392478111"},{"id":"4db6df6ca86e8d2707b40bda","name":"Benhill Road Park","location":{"address":"benhill road","crossStreet":"Camberwell","lat":"51.47863447666168","lng":"-0.08622229099273682","distance":"131","postalCode":"se5","cc":"GB","city":"London","state":"Greater London","country":"United Kingdom"},"categories":[{"id":"4bf58dd8d48988d1e7941735","name":"Playground","pluralName":"Playgrounds","shortName":"Playground","icon":{"prefix":"https:\/\/ss1.4sqi.net\/img\/categories_v2\/parks_outdoors\/playground_","suffix":".png"},"primary":"true"}],"verified":"false","restricted":"true","stats":{"checkinsCount":"27","usersCount":"12","tipCount":"0"},"specials":{"count":"0"},"hereNow":{"count":"0"},"referralId":"v-1392478111"},{"id":"511ff14ee4b02b37a6e21d4c","name":"Purple Mango","location":{"lat":"51.47804634647721","lng":"-0.08438952007807642","distance":"274","cc":"GB","country":"United Kingdom"},"categories":[{"id":"4bf58dd8d48988d10f941735","name":"Indian Restaurant","pluralName":"Indian Restaurants","shortName":"Indian","icon":{"prefix":"https:\/\/ss1.4sqi.net\/img\/categories_v2\/food\/indian_","suffix":".png"},"primary":"true"}],"verified":"false","restricted":"true","stats":{"checkinsCount":"8","usersCount":"7","tipCount":"0"},"specials":{"count":"0"},"hereNow":{"count":"0"},"referralId":"v-1392478111"},{"id":"4bde8fd30ee3a593913931b0","name":"Jj's Catering","contact":{"phone":"+442077033761","formattedPhone":"+44 20 7703 3761"},"location":{"address":"137a Southampton Way","lat":"51.47785147917347","lng":"-0.0843211781561645","distance":"289","postalCode":"Se5 7ew","cc":"GB","city":"Camberwell","state":"Greater London","country":"United Kingdom"},"categories":[{"id":"4bf58dd8d48988d10f941735","name":"Indian Restaurant","pluralName":"Indian Restaurants","shortName":"Indian","icon":{"prefix":"https:\/\/ss1.4sqi.net\/img\/categories_v2\/food\/indian_","suffix":".png"},"primary":"true"}],"verified":"false","restricted":"true","stats":{"checkinsCount":"30","usersCount":"13","tipCount":"2"},"specials":{"count":"0"},"hereNow":{"count":"0"},"referralId":"v-1392478111"},{"id":"51101dc8e4b06e46a6b764eb","name":"Food, Wine & DIY","location":{"lat":"51.47848110706887","lng":"-0.08621304999455982","distance":"142","cc":"GB","country":"United Kingdom"},"categories":[{"id":"4bf58dd8d48988d112951735","name":"Hardware Store","pluralName":"Hardware Stores","shortName":"Hardware","icon":{"prefix":"https:\/\/ss1.4sqi.net\/img\/categories_v2\/shops\/hardware_","suffix":".png"},"primary":"true"}],"verified":"false","restricted":"true","stats":{"checkinsCount":"1","usersCount":"1","tipCount":"0"},"specials":{"count":"0"},"hereNow":{"count":"0"},"referralId":"v-1392478111"},{"id":"4c06698e191f20a1f674e414","name":"Biggys House","location":{"address":"25 Hopewell Yard","lat":"51.478068709331524","lng":"-0.08823394775390625","distance":"139","postalCode":"SE57QS","cc":"GB","city":"London","state":"Greater London","country":"United Kingdom"},"categories":[{"id":"4bf58dd8d48988d16c941735","name":"Burger Joint","pluralName":"Burger Joints","shortName":"Burgers","icon":{"prefix":"https:\/\/ss1.4sqi.net\/img\/categories_v2\/food\/burger_","suffix":".png"},"primary":"true"}],"verified":"false","restricted":"true","stats":{"checkinsCount":"15","usersCount":"5","tipCount":"1"},"specials":{"count":"0"},"hereNow":{"count":"0"},"referralId":"v-1392478111"},{"id":"50c877cfe4b013e54ff22e9d","name":"Bernard Myers Laundry Room","location":{"lat":"51.47845006787328","lng":"-0.08603389221805373","distance":"154","cc":"GB","country":"United Kingdom"},"categories":[{"id":"4bf58dd8d48988d1fc941735","name":"Laundry Service","pluralName":"Laundry Services","shortName":"Laundry","icon":{"prefix":"https:\/\/ss1.4sqi.net\/img\/categories_v2\/shops\/laundry_","suffix":".png"},"primary":"true"}],"verified":"false","restricted":"true","stats":{"checkinsCount":"12","usersCount":"5","tipCount":"0"},"specials":{"count":"0"},"hereNow":{"count":"0"},"referralId":"v-1392478111"},{"id":"528e15f211d2bf64d346afcb","name":"Southwark Council Office Harris Street","location":{"address":"Harris Street","lat":"51.4778007","lng":"-0.0862328","distance":"198","postalCode":"SE5","cc":"GB","city":"London","state":"Greater London","country":"United Kingdom"},"categories":[{"id":"4bf58dd8d48988d124941735","name":"Office","pluralName":"Offices","shortName":"Office","icon":{"prefix":"https:\/\/ss1.4sqi.net\/img\/categories_v2\/building\/default_","suffix":".png"},"primary":"true"}],"verified":"false","restricted":"true","stats":{"checkinsCount":"2","usersCount":"1","tipCount":"0"},"specials":{"count":"0"},"hereNow":{"count":"0"},"referralId":"v-1392478111"},{"id":"51bd8670498e7aed18b06117","name":"The Well Community Church","location":{"lat":"51.478807","lng":"-0.085134","distance":"192","cc":"GB","country":"United Kingdom"},"categories":[{"id":"4bf58dd8d48988d132941735","name":"Church","pluralName":"Churches","shortName":"Church","icon":{"prefix":"https:\/\/ss1.4sqi.net\/img\/categories_v2\/building\/religious_church_","suffix":".png"},"primary":"true"}],"verified":"false","restricted":"true","stats":{"checkinsCount":"2","usersCount":"2","tipCount":"0"},"specials":{"count":"0"},"hereNow":{"count":"0"},"referralId":"v-1392478111"},{"id":"4f163b0be4b0aabf1c8c94b8","name":"Capital Steel Site Services","location":{"lat":"51.48075","lng":"-0.087429","distance":"164","cc":"GB","country":"United Kingdom"},"verified":"false","restricted":"true","stats":{"checkinsCount":"0","usersCount":"0","tipCount":"0"},"specials":{"count":"0"},"hereNow":{"count":"0"},"referralId":"v-1392478111"},{"id":"4fb0fcbae4b08885001cacd0","name":"Cottage Green","location":{"lat":"51.47965651443972","lng":"-0.08548317010725384","distance":"165","cc":"GB","country":"United Kingdom"},"categories":[{"id":"4bf58dd8d48988d1f6931735","name":"General Travel","pluralName":"General Travel","shortName":"Travel","icon":{"prefix":"https:\/\/ss1.4sqi.net\/img\/categories_v2\/travel\/default_","suffix":".png"},"primary":"true"}],"verified":"false","restricted":"true","stats":{"checkinsCount":"3","usersCount":"3","tipCount":"0"},"specials":{"count":"0"},"hereNow":{"count":"0"},"referralId":"v-1392478111"},{"id":"50984b67e4b07ba8c8159efc","name":"The Local","location":{"lat":"51.47848143811086","lng":"-0.08587830878822135","distance":"160","cc":"GB","country":"United Kingdom"},"categories":[{"id":"4d954b0ea243a5684a65b473","name":"Convenience Store","pluralName":"Convenience Stores","shortName":"Convenience Stores","icon":{"prefix":"https:\/\/ss1.4sqi.net\/img\/categories_v2\/shops\/conveniencestore_","suffix":".png"},"primary":"true"}],"verified":"false","restricted":"true","stats":{"checkinsCount":"16","usersCount":"5","tipCount":"0"},"specials":{"count":"0"},"hereNow":{"count":"0"},"referralId":"v-1392478111"},{"id":"518eb4f4498e5714a6acbf32","name":"Bernard Myers Bar","location":{"lat":"51.47798371600371","lng":"-0.08586197039736426","distance":"198","cc":"GB","country":"United Kingdom"},"categories":[{"id":"4bf58dd8d48988d116941735","name":"Bar","pluralName":"Bars","shortName":"Bar","icon":{"prefix":"https:\/\/ss1.4sqi.net\/img\/categories_v2\/nightlife\/bar_","suffix":".png"},"primary":"true"}],"verified":"false","restricted":"true","stats":{"checkinsCount":"14","usersCount":"2","tipCount":"2"},"specials":{"count":"0"},"hereNow":{"count":"0"},"referralId":"v-1392478111"},{"id":"4e8752997ee69b7467556a2d","name":"Presco","location":{"address":"Southampton Way","lat":"51.47798376201363","lng":"-0.08579893834671809","distance":"201","cc":"GB","city":"Camberwell","state":"Greater London","country":"United Kingdom"},"categories":[{"id":"4bf58dd8d48988d118951735","name":"Grocery Store","pluralName":"Grocery Stores","shortName":"Grocery Store","icon":{"prefix":"https:\/\/ss1.4sqi.net\/img\/categories_v2\/shops\/food_grocery_","suffix":".png"},"primary":"true"}],"verified":"false","restricted":"true","stats":{"checkinsCount":"12","usersCount":"5","tipCount":"0"},"specials":{"count":"0"},"hereNow":{"count":"0"},"referralId":"v-1392478111"},{"id":"4e95d5f361af864d7d0ef07f","name":"Tunde's Barbershop","location":{"lat":"51.478167","lng":"-0.084817","distance":"241","cc":"GB","city":"Camberwell","state":"Greater London","country":"United Kingdom"},"categories":[{"id":"4bf58dd8d48988d110951735","name":"Salon \/ Barbershop","pluralName":"Salons \/ Barbershops","shortName":"Salon \/ Barbershop","icon":{"prefix":"https:\/\/ss1.4sqi.net\/img\/categories_v2\/shops\/salon_barber_","suffix":".png"},"primary":"true"}],"verified":"false","restricted":"true","stats":{"checkinsCount":"13","usersCount":"6","tipCount":"1"},"specials":{"count":"0"},"hereNow":{"count":"0"},"referralId":"v-1392478111"},{"id":"4bfd5b48f7c82d7fff0e8e04","name":"Bethel United Church of Jesus Christ (Apostolic)","location":{"address":"St Giles Church Hall, Benhill Road","lat":"51.477622","lng":"-0.086436","distance":"208","cc":"GB","city":"Southwark","state":"Greater London","country":"United Kingdom"},"categories":[{"id":"4bf58dd8d48988d132941735","name":"Church","pluralName":"Churches","shortName":"Church","icon":{"prefix":"https:\/\/ss1.4sqi.net\/img\/categories_v2\/building\/religious_church_","suffix":".png"},"primary":"true"}],"verified":"false","restricted":"true","stats":{"checkinsCount":"10","usersCount":"3","tipCount":"0"},"specials":{"count":"0"},"hereNow":{"count":"0"},"referralId":"v-1392478111"},{"id":"4ca7afe814c337043c4dcc3b","name":"Bernard Myers House","contact":{"phone":"+442077031359","formattedPhone":"+44 20 7703 1359"},"location":{"address":"4-6 Havil Street","crossStreet":"Southampton Way","lat":"51.4778963658964","lng":"-0.08585988772568418","distance":"205","postalCode":"SE5 7RU","cc":"GB","city":"Camberwell","state":"Greater London","country":"United Kingdom"},"categories":[{"id":"4bf58dd8d48988d1a3941735","name":"College Residence Hall","pluralName":"College Residence Halls","shortName":"Residence Hall","icon":{"prefix":"https:\/\/ss1.4sqi.net\/img\/categories_v2\/education\/residencehall_","suffix":".png"},"primary":"true"}],"verified":"false","restricted":"true","stats":{"checkinsCount":"361","usersCount":"16","tipCount":"0"},"specials":{"count":"0"},"hereNow":{"count":"0"},"referralId":"v-1392478111"},{"id":"4b92cd18f964a520131d34e3","name":"Hopewell Yard","location":{"address":"Hopewell Street","lat":"51.477347040000005","lng":"-0.08888581428571428","distance":"228","postalCode":"SE5 7","cc":"GB","city":"Camberwell","state":"Greater London","country":"United Kingdom"},"categories":[{"id":"4bf58dd8d48988d130941735","name":"Building","pluralName":"Buildings","shortName":"Building","icon":{"prefix":"https:\/\/ss1.4sqi.net\/img\/categories_v2\/building\/default_","suffix":".png"},"primary":"true"}],"verified":"false","restricted":"true","stats":{"checkinsCount":"98","usersCount":"7","tipCount":"1"},"specials":{"count":"0"},"hereNow":{"count":"0"},"referralId":"v-1392478111"}],"confident":"true"}}