{"meta":{"code":"200"},"response":{"venues":[{"id":"4c12711ba1010f47f6d84818","name":"TfL Bus 363","location":{"address":"Moving Target!","lat":"51.479429924575406","lng":"-0.07351688065863218","distance":"51","cc":"GB","city":"London","state":"Greater London","country":"United Kingdom"},"categories":[{"id":"4bf58dd8d48988d12b951735","name":"Bus Line","pluralName":"Bus Lines","shortName":"Bus","icon":{"prefix":"https:\/\/ss1.4sqi.net\/img\/categories_v2\/travel\/busstation_","suffix":".png"},"primary":"true"}],"verified":"false","restricted":"true","stats":{"checkinsCount":"223","usersCount":"44","tipCount":"1"},"specials":{"count":"0"},"hereNow":{"count":"0"},"referralId":"v-1392478112"},{"id":"4bfea5c8daf9c9b68b03f9ef","name":"Commercial Way","location":{"address":"Commercial Way","lat":"51.477902764130896","lng":"-0.07357220979350537","distance":"163","cc":"GB","city":"London","state":"Greater London","country":"United Kingdom"},"categories":[{"id":"4bf58dd8d48988d1fe931735","name":"Bus Station","pluralName":"Bus Stations","shortName":"Bus Station","icon":{"prefix":"https:\/\/ss1.4sqi.net\/img\/categories_v2\/travel\/busstation_","suffix":".png"},"primary":"true"}],"verified":"false","restricted":"true","stats":{"checkinsCount":"301","usersCount":"47","tipCount":"0"},"specials":{"count":"0"},"hereNow":{"count":"0"},"referralId":"v-1392478112"},{"id":"52289e4c11d2170becab5fdc","name":"On my Samsung Galaxy Note 3 Mobile Internet","location":{"lat":"51.480899810791016","lng":"-0.0735602006316185","distance":"186","cc":"GB","country":"United Kingdom"},"categories":[{"id":"4bf58dd8d48988d174941735","name":"Coworking Space","pluralName":"Coworking Spaces","shortName":"Coworking Space","icon":{"prefix":"https:\/\/ss1.4sqi.net\/img\/categories_v2\/building\/office_coworkingspace_","suffix":".png"},"primary":"true"}],"verified":"false","restricted":"true","stats":{"checkinsCount":"19","usersCount":"1","tipCount":"0"},"specials":{"count":"0"},"hereNow":{"count":"0"},"referralId":"v-1392478112"},{"id":"503a7785e4b01034f28316a5","name":"Private Parking Residents Only-Family Mosaic","location":{"lat":"51.480854942126726","lng":"-0.07342514420133835","distance":"179","cc":"GB","country":"United Kingdom"},"categories":[{"id":"4f2a25ac4b909258e854f55f","name":"Neighborhood","pluralName":"Neighborhoods","shortName":"Neighborhood","icon":{"prefix":"https:\/\/ss1.4sqi.net\/img\/categories_v2\/parks_outdoors\/neighborhood_","suffix":".png"},"primary":"true"}],"verified":"false","restricted":"true","stats":{"checkinsCount":"308","usersCount":"1","tipCount":"1"},"specials":{"count":"0"},"hereNow":{"count":"0"},"referralId":"v-1392478112"},{"id":"521dd1ce498ef521bacf2cf8","name":"Daily Quite Time","location":{"lat":"51.480926513671875","lng":"-0.07356850057840347","distance":"189","cc":"GB","country":"United Kingdom"},"categories":[{"id":"4bf58dd8d48988d132941735","name":"Church","pluralName":"Churches","shortName":"Church","icon":{"prefix":"https:\/\/ss1.4sqi.net\/img\/categories_v2\/building\/religious_church_","suffix":".png"},"primary":"true"}],"verified":"false","restricted":"true","stats":{"checkinsCount":"29","usersCount":"1","tipCount":"0"},"specials":{"count":"0"},"hereNow":{"count":"0"},"referralId":"v-1392478112"},{"id":"50f9243ae4b06d876ecbca27","name":"Colegrove Dental Care","location":{"lat":"51.47977828979492","lng":"-0.071526899933815","distance":"103","cc":"GB","country":"United Kingdom"},"categories":[{"id":"4bf58dd8d48988d178941735","name":"Dentist's Office","pluralName":"Dentist's Offices","shortName":"Dentist's Office","icon":{"prefix":"https:\/\/ss1.4sqi.net\/img\/categories_v2\/building\/medical_dentist_","suffix":".png"},"primary":"true"}],"verified":"false","restricted":"true","stats":{"checkinsCount":"8","usersCount":"2","tipCount":"1"},"specials":{"count":"0"},"hereNow":{"count":"0"},"referralId":"v-1392478112"},{"id":"4c39c88aae2da5935f0403c6","name":"Bird In Bush Road","location":{"address":"Bird in Bush Rd","lat":"51.47902924691446","lng":"-0.07109731435775757","distance":"121","cc":"GB","city":"London","state":"Greater London","country":"United Kingdom"},"categories":[{"id":"4bf58dd8d48988d1fe931735","name":"Bus Station","pluralName":"Bus Stations","shortName":"Bus Station","icon":{"prefix":"https:\/\/ss1.4sqi.net\/img\/categories_v2\/travel\/busstation_","suffix":".png"},"primary":"true"}],"verified":"false","restricted":"true","stats":{"checkinsCount":"206","usersCount":"44","tipCount":"0"},"specials":{"count":"0"},"hereNow":{"count":"0"},"referralId":"v-1392478112"},{"id":"4c44a6e674ffc928a7dc75cc","name":"Ye Olde Apple Tree","location":{"address":"Sumner Road","lat":"51.479505","lng":"-0.074088","distance":"92","cc":"GB","city":"Southwark","state":"Greater London","country":"United Kingdom"},"categories":[{"id":"4bf58dd8d48988d11b941735","name":"Pub","pluralName":"Pubs","shortName":"Pub","icon":{"prefix":"https:\/\/ss1.4sqi.net\/img\/categories_v2\/nightlife\/pub_","suffix":".png"},"primary":"true"}],"verified":"false","restricted":"true","stats":{"checkinsCount":"50","usersCount":"16","tipCount":"0"},"specials":{"count":"0"},"hereNow":{"count":"0"},"referralId":"v-1392478112"},{"id":"5249e291498e1b7b8a207424","name":"Zippos Circus","location":{"address":"Peckham Rye Common","lat":"51.47888635988395","lng":"-0.07093367277704284","distance":"137","cc":"GB","city":"London","state":"Greater London","country":"United Kingdom"},"categories":[{"id":"4bf58dd8d48988d137941735","name":"Theater","pluralName":"Theaters","shortName":"Theater","icon":{"prefix":"https:\/\/ss1.4sqi.net\/img\/categories_v2\/arts_entertainment\/performingarts_theater_","suffix":".png"},"primary":"true"}],"verified":"false","restricted":"true","stats":{"checkinsCount":"2","usersCount":"2","tipCount":"0"},"specials":{"count":"0"},"hereNow":{"count":"0"},"referralId":"v-1392478112"},{"id":"50434fd2582f178b63e51d08","name":"Surrey Canal Walk \/ Path","location":{"address":"Willowbrook Road","crossStreet":"Bird in Bush Road","lat":"51.48127599060938","lng":"-0.07284879684448242","distance":"221","postalCode":"SE15 6BW","cc":"GB","city":"London","state":"Greater London","country":"United Kingdom"},"categories":[{"id":"4bf58dd8d48988d163941735","name":"Park","pluralName":"Parks","shortName":"Park","icon":{"prefix":"https:\/\/ss1.4sqi.net\/img\/categories_v2\/parks_outdoors\/park_","suffix":".png"},"primary":"true"}],"verified":"false","restricted":"true","stats":{"checkinsCount":"123","usersCount":"10","tipCount":"0"},"specials":{"count":"0"},"hereNow":{"count":"0"},"referralId":"v-1392478112"},{"id":"5072e7dfe4b0df2cc86721cd","name":"St George's Way Bus Stop","location":{"lat":"51.48128558236631","lng":"-0.0737920514038637","distance":"232","cc":"GB","country":"United Kingdom"},"categories":[{"id":"4bf58dd8d48988d12b951735","name":"Bus Line","pluralName":"Bus Lines","shortName":"Bus","icon":{"prefix":"https:\/\/ss1.4sqi.net\/img\/categories_v2\/travel\/busstation_","suffix":".png"},"primary":"true"}],"verified":"false","restricted":"true","stats":{"checkinsCount":"255","usersCount":"11","tipCount":"0"},"specials":{"count":"0"},"hereNow":{"count":"0"},"referralId":"v-1392478112"},{"id":"500ce683e4b098bae3a014a0","name":"Green Hundred Road - Evgeniya's Room","location":{"lat":"51.480209092163044","lng":"-0.0724666690775458","distance":"105","cc":"GB","country":"United Kingdom"},"categories":[{"id":"4d954b06a243a5684965b473","name":"Residential Building (Apartment \/ Condo)","pluralName":"Residential Buildings (Apartments \/ Condos)","shortName":"Residential","icon":{"prefix":"https:\/\/ss1.4sqi.net\/img\/categories_v2\/building\/apartment_","suffix":".png"},"primary":"true"}],"verified":"false","restricted":"true","stats":{"checkinsCount":"16","usersCount":"2","tipCount":"0"},"specials":{"count":"0"},"hereNow":{"count":"0"},"referralId":"v-1392478112"},{"id":"52ceb74f498e9858c7d3fe0b","name":"ann bernadt childrens centre","location":{"lat":"51.47692892100591","lng":"-0.07538545171339792","distance":"317","cc":"GB","country":"United Kingdom"},"categories":[{"id":"4bf58dd8d48988d1ff931735","name":"Convention Center","pluralName":"Convention Centers","shortName":"Convention Center","icon":{"prefix":"https:\/\/ss1.4sqi.net\/img\/categories_v2\/building\/conventioncenter_","suffix":".png"},"primary":"true"}],"verified":"false","restricted":"true","stats":{"checkinsCount":"1","usersCount":"1","tipCount":"0"},"specials":{"count":"0"},"hereNow":{"count":"0"},"referralId":"v-1392478112"},{"id":"50feba07e4b0d5fd1c710ff9","name":"109 Commercial Way Surgery","location":{"lat":"51.4773255782573","lng":"-0.07278002047043894","distance":"218","cc":"GB","country":"United Kingdom"},"categories":[{"id":"4bf58dd8d48988d177941735","name":"Doctor's Office","pluralName":"Doctor's Offices","shortName":"Doctor's Office","icon":{"prefix":"https:\/\/ss1.4sqi.net\/img\/categories_v2\/building\/medical_doctorsoffice_","suffix":".png"},"primary":"true"}],"verified":"false","restricted":"true","stats":{"checkinsCount":"12","usersCount":"1","tipCount":"0"},"specials":{"count":"0"},"hereNow":{"count":"0"},"referralId":"v-1392478112"},{"id":"5040e364e4b00fd08e5ab67e","name":"Bonar Road bus stop","location":{"lat":"51.47746225935142","lng":"-0.06951858101462448","distance":"305","cc":"GB","country":"United Kingdom"},"categories":[{"id":"4bf58dd8d48988d12b951735","name":"Bus Line","pluralName":"Bus Lines","shortName":"Bus","icon":{"prefix":"https:\/\/ss1.4sqi.net\/img\/categories_v2\/travel\/busstation_","suffix":".png"},"primary":"true"}],"verified":"false","restricted":"true","stats":{"checkinsCount":"37","usersCount":"4","tipCount":"0"},"specials":{"count":"0"},"hereNow":{"count":"0"},"referralId":"v-1392478112"},{"id":"4fdb569ce4b049d3733916b8","name":"Home Office-Genistar London SE15 6LA","location":{"lat":"51.4808806057939","lng":"-0.07340221351292398","distance":"181","cc":"GB","country":"United Kingdom"},"categories":[{"id":"4bf58dd8d48988d174941735","name":"Coworking Space","pluralName":"Coworking Spaces","shortName":"Coworking Space","icon":{"prefix":"https:\/\/ss1.4sqi.net\/img\/categories_v2\/building\/office_coworkingspace_","suffix":".png"},"primary":"true"}],"verified":"false","restricted":"true","stats":{"checkinsCount":"103","usersCount":"4","tipCount":"0"},"specials":{"count":"0"},"hereNow":{"count":"0"},"referralId":"v-1392478112"},{"id":"526c001711d2854ae3e5ac5f","name":"Nielson-Wright Cat Sanctuary","location":{"lat":"51.478407","lng":"-0.070693","distance":"176","cc":"GB","country":"United Kingdom"},"categories":[{"id":"4e52d2d203646f7c19daa8ae","name":"Animal Shelter","pluralName":"Animal Shelters","shortName":"Animal Shelter","icon":{"prefix":"https:\/\/ss1.4sqi.net\/img\/categories_v2\/building\/animalshelter_","suffix":".png"},"primary":"true"}],"verified":"false","restricted":"true","stats":{"checkinsCount":"1","usersCount":"1","tipCount":"0"},"specials":{"count":"0"},"hereNow":{"count":"0"},"referralId":"v-1392478112"},{"id":"522f6fe211d2b22ffee4e9db","name":"Webinar","location":{"lat":"51.48088836669922","lng":"-0.07350090146064758","distance":"184","cc":"GB","country":"United Kingdom"},"categories":[{"id":"4bf58dd8d48988d127941735","name":"Conference Room","pluralName":"Conference Rooms","shortName":"Conference room","icon":{"prefix":"https:\/\/ss1.4sqi.net\/img\/categories_v2\/building\/office_conferenceroom_","suffix":".png"},"primary":"true"}],"verified":"false","restricted":"true","stats":{"checkinsCount":"2","usersCount":"1","tipCount":"0"},"specials":{"count":"0"},"hereNow":{"count":"0"},"referralId":"v-1392478112"},{"id":"5199ebbd498ea86f78771a96","name":"platform 1","location":{"lat":"51.48088836669922","lng":"-0.07351569831371307","distance":"184","cc":"GB","country":"United Kingdom"},"categories":[{"id":"4f2a23984b9023bd5841ed2c","name":"Moving Target","pluralName":"Moving Targets","shortName":"Moving Target","icon":{"prefix":"https:\/\/ss1.4sqi.net\/img\/categories_v2\/travel\/movingtarget_","suffix":".png"},"primary":"true"}],"verified":"false","restricted":"true","stats":{"checkinsCount":"2","usersCount":"1","tipCount":"0"},"specials":{"count":"0"},"hereNow":{"count":"0"},"referralId":"v-1392478112"},{"id":"521cb2bf11d2c0c3b6ae96a2","name":"Home Office-Bonofa \/ Cube7 London SE15 6LA","location":{"lat":"51.480892181396484","lng":"-0.07352759689092636","distance":"185","cc":"GB","country":"United Kingdom"},"categories":[{"id":"4bf58dd8d48988d174941735","name":"Coworking Space","pluralName":"Coworking Spaces","shortName":"Coworking Space","icon":{"prefix":"https:\/\/ss1.4sqi.net\/img\/categories_v2\/building\/office_coworkingspace_","suffix":".png"},"primary":"true"}],"verified":"false","restricted":"true","stats":{"checkinsCount":"4","usersCount":"1","tipCount":"0"},"specials":{"count":"0"},"hereNow":{"count":"0"},"referralId":"v-1392478112"},{"id":"52cfdd0e498e944718355a5a","name":"leyton childrens centre","location":{"lat":"51.48053537792213","lng":"-0.06731730411378567","distance":"404","cc":"GB","country":"United Kingdom"},"categories":[{"id":"4bf58dd8d48988d162941735","name":"Other Great Outdoors","pluralName":"Other Great Outdoors","shortName":"Other Outdoors","icon":{"prefix":"https:\/\/ss1.4sqi.net\/img\/categories_v2\/parks_outdoors\/outdoors_","suffix":".png"},"primary":"true"}],"verified":"false","restricted":"true","stats":{"checkinsCount":"2","usersCount":"1","tipCount":"0"},"specials":{"count":"0"},"hereNow":{"count":"0"},"referralId":"v-1392478112"},{"id":"5200e692498e72e3309c50ba","name":"Home Gym-SE15 6LA","location":{"lat":"51.48090744018555","lng":"-0.07355549931526184","distance":"187","cc":"GB","country":"United Kingdom"},"categories":[{"id":"4f2a25ac4b909258e854f55f","name":"Neighborhood","pluralName":"Neighborhoods","shortName":"Neighborhood","icon":{"prefix":"https:\/\/ss1.4sqi.net\/img\/categories_v2\/parks_outdoors\/neighborhood_","suffix":".png"},"primary":"true"}],"verified":"false","restricted":"true","stats":{"checkinsCount":"8","usersCount":"1","tipCount":"0"},"specials":{"count":"0"},"hereNow":{"count":"0"},"referralId":"v-1392478112"},{"id":"4fcf9b2ce4b019122a19eceb","name":"James Londis","contact":{"phone":"+442077085711","formattedPhone":"+44 20 7708 5711"},"location":{"lat":"51.477643287909785","lng":"-0.07317940351097847","distance":"185","cc":"GB","country":"United Kingdom"},"categories":[{"id":"4d954b0ea243a5684a65b473","name":"Convenience Store","pluralName":"Convenience Stores","shortName":"Convenience Stores","icon":{"prefix":"https:\/\/ss1.4sqi.net\/img\/categories_v2\/shops\/conveniencestore_","suffix":".png"},"primary":"true"}],"verified":"false","restricted":"true","stats":{"checkinsCount":"13","usersCount":"1","tipCount":"0"},"specials":{"count":"0"},"hereNow":{"count":"0"},"referralId":"v-1392478112"},{"id":"4fe76af6e4b02e429469b6d2","name":"Golden Palace Chinese","location":{"lat":"51.481096230137176","lng":"-0.07319659147489503","distance":"203","cc":"GB","country":"United Kingdom"},"categories":[{"id":"4bf58dd8d48988d120951735","name":"Food Court","pluralName":"Food Courts","shortName":"Food Court","icon":{"prefix":"https:\/\/ss1.4sqi.net\/img\/categories_v2\/shops\/food_foodcourt_","suffix":".png"},"primary":"true"}],"verified":"false","restricted":"true","stats":{"checkinsCount":"4","usersCount":"1","tipCount":"0"},"specials":{"count":"0"},"hereNow":{"count":"0"},"referralId":"v-1392478112"},{"id":"4fe2b1d7e4b0d80bb8d009b5","name":"Wickway Community Center","location":{"lat":"51.48110650561066","lng":"-0.07325372318578686","distance":"204","cc":"GB","country":"United Kingdom"},"categories":[{"id":"4bf58dd8d48988d1f1931735","name":"General Entertainment","pluralName":"General Entertainment","shortName":"Entertainment","icon":{"prefix":"https:\/\/ss1.4sqi.net\/img\/categories_v2\/arts_entertainment\/default_","suffix":".png"},"primary":"true"}],"verified":"false","restricted":"true","stats":{"checkinsCount":"12","usersCount":"1","tipCount":"1"},"specials":{"count":"0"},"hereNow":{"count":"0"},"referralId":"v-1392478112"},{"id":"4dc5d8b0b0fb5556ccfc5c24","name":"The Galleria","location":{"address":"Southwark, London SE15 6PW","lat":"51.48110137143998","lng":"-0.07348530021864175","distance":"207","postalCode":"SE15 6PW","cc":"GB","city":"London","state":"Greater London","country":"United Kingdom"},"categories":[{"id":"4d954b06a243a5684965b473","name":"Residential Building (Apartment \/ Condo)","pluralName":"Residential Buildings (Apartments \/ Condos)","shortName":"Residential","icon":{"prefix":"https:\/\/ss1.4sqi.net\/img\/categories_v2\/building\/apartment_","suffix":".png"},"primary":"true"}],"verified":"false","restricted":"true","stats":{"checkinsCount":"28","usersCount":"9","tipCount":"0"},"specials":{"count":"0"},"hereNow":{"count":"0"},"referralId":"v-1392478112"},{"id":"4ac518c7f964a52044a520e3","name":"Bar 54","location":{"address":"54 Commercial Street","lat":"51.47816977","lng":"-0.075434","distance":"220","postalCode":"E1 6LT","cc":"GB","city":"London","state":"Greater London","country":"United Kingdom"},"categories":[{"id":"4bf58dd8d48988d123941735","name":"Wine Bar","pluralName":"Wine Bars","shortName":"Wine Bar","icon":{"prefix":"https:\/\/ss1.4sqi.net\/img\/categories_v2\/nightlife\/wine_","suffix":".png"},"primary":"true"}],"verified":"false","restricted":"true","stats":{"checkinsCount":"17","usersCount":"8","tipCount":"0"},"specials":{"count":"0"},"hereNow":{"count":"0"},"referralId":"v-1392478112"},{"id":"52b02b0c498ef2f407703c1b","name":"cator street PDC","location":{"lat":"51.477508","lng":"-0.074838","distance":"243","cc":"GB","country":"United Kingdom"},"categories":[{"id":"4bf58dd8d48988d130941735","name":"Building","pluralName":"Buildings","shortName":"Building","icon":{"prefix":"https:\/\/ss1.4sqi.net\/img\/categories_v2\/building\/default_","suffix":".png"},"primary":"true"}],"verified":"false","restricted":"true","stats":{"checkinsCount":"1","usersCount":"1","tipCount":"0"},"specials":{"count":"0"},"hereNow":{"count":"0"},"referralId":"v-1392478112"},{"id":"4fd7b8b6e4b09d7e936d7b9d","name":"Your Local Cost Less","location":{"lat":"51.477429027826815","lng":"-0.07143406411724144","distance":"227","cc":"GB","country":"United Kingdom"},"categories":[{"id":"4d954b0ea243a5684a65b473","name":"Convenience Store","pluralName":"Convenience Stores","shortName":"Convenience Stores","icon":{"prefix":"https:\/\/ss1.4sqi.net\/img\/categories_v2\/shops\/conveniencestore_","suffix":".png"},"primary":"true"}],"verified":"false","restricted":"true","stats":{"checkinsCount":"2","usersCount":"1","tipCount":"1"},"specials":{"count":"0"},"hereNow":{"count":"0"},"referralId":"v-1392478112"},{"id":"4fd7baf8e4b0471859f2232c","name":"CFC Fried Chicken","location":{"lat":"51.477474212646484","lng":"-0.071367546916008","distance":"225","cc":"GB","country":"United Kingdom"},"categories":[{"id":"4bf58dd8d48988d120951735","name":"Food Court","pluralName":"Food Courts","shortName":"Food Court","icon":{"prefix":"https:\/\/ss1.4sqi.net\/img\/categories_v2\/shops\/food_foodcourt_","suffix":".png"},"primary":"true"}],"verified":"false","restricted":"true","stats":{"checkinsCount":"6","usersCount":"2","tipCount":"1"},"specials":{"count":"0"},"hereNow":{"count":"0"},"referralId":"v-1392478112"}],"confident":"true"}}