{"meta":{"code":"200"},"response":{"venues":[{"id":"4adb1453f964a520562421e3","name":"Lambeth Palace","contact":{"phone":"+442078981200","formattedPhone":"+44 20 7898 1200"},"location":{"address":"Lambeth Palace Rd","lat":"51.4955322983947","lng":"-0.11951923370361328","distance":"182","postalCode":"SE1 7JU","cc":"GB","city":"London","state":"Greater London","country":"United Kingdom"},"categories":[{"id":"4deefb944765f83613cdba6e","name":"Historic Site","pluralName":"Historic Sites","shortName":"Historic Site","icon":{"prefix":"https:\/\/ss1.4sqi.net\/img\/categories_v2\/arts_entertainment\/historicsite_","suffix":".png"},"primary":"true"}],"verified":"false","restricted":"true","stats":{"checkinsCount":"605","usersCount":"337","tipCount":"4"},"specials":{"count":"0"},"hereNow":{"count":"0"},"referralId":"v-1392478069"},{"id":"4ac518b4f964a5207da020e3","name":"Novotel","contact":{"phone":"+442076600674","formattedPhone":"+44 20 7660 0674"},"location":{"address":"113 Lambeth Road","lat":"51.494559125395504","lng":"-0.1188022685772304","distance":"75","postalCode":"SE1 7LS","cc":"GB","city":"London","state":"Greater London","country":"United Kingdom"},"categories":[{"id":"4bf58dd8d48988d1fa931735","name":"Hotel","pluralName":"Hotels","shortName":"Hotel","icon":{"prefix":"https:\/\/ss1.4sqi.net\/img\/categories_v2\/travel\/hotel_","suffix":".png"},"primary":"true"}],"verified":"true","restricted":"true","stats":{"checkinsCount":"873","usersCount":"415","tipCount":"13"},"url":"http:\/\/www.novotel.com","specials":{"count":"0"},"hereNow":{"count":"0"},"storeId":"","referralId":"v-1392478069"},{"id":"50d43e11e4b044c009a3a6ef","name":"Southwest Train To Waterloo","location":{"lat":"51.493765","lng":"-0.117046","distance":"78","cc":"GB","country":"United Kingdom"},"categories":[{"id":"4bf58dd8d48988d1fc931735","name":"Light Rail","pluralName":"Light Rails","shortName":"Light Rail","icon":{"prefix":"https:\/\/ss1.4sqi.net\/img\/categories_v2\/travel\/lightrail_","suffix":".png"},"primary":"true"}],"verified":"false","restricted":"true","stats":{"checkinsCount":"273","usersCount":"169","tipCount":"0"},"specials":{"count":"0"},"hereNow":{"count":"0"},"referralId":"v-1392478069"},{"id":"4f4fab98e4b07dc4f0804b7b","name":"Sponge Bob Square Pants","location":{"address":"Btw. Waterloo and Vauxhall","lat":"51.494423485886074","lng":"-0.11647224426269531","distance":"93","cc":"GB","city":"London","state":"Greater London","country":"United Kingdom"},"categories":[{"id":"4bf58dd8d48988d1f1931735","name":"General Entertainment","pluralName":"General Entertainment","shortName":"Entertainment","icon":{"prefix":"https:\/\/ss1.4sqi.net\/img\/categories_v2\/arts_entertainment\/default_","suffix":".png"},"primary":"true"}],"verified":"false","restricted":"true","stats":{"checkinsCount":"340","usersCount":"77","tipCount":"2"},"specials":{"count":"0"},"hereNow":{"count":"0"},"referralId":"v-1392478069"},{"id":"4bf2489a99d02d7f9f0dca48","name":"International Maritime Organization","location":{"address":"4 Albert Embankment","lat":"51.49333000448494","lng":"-0.12072890118118823","distance":"229","postalCode":"SE1 7SR","cc":"GB","city":"Lambeth","state":"Greater London","country":"United Kingdom"},"categories":[{"id":"4bf58dd8d48988d127941735","name":"Conference Room","pluralName":"Conference Rooms","shortName":"Conference room","icon":{"prefix":"https:\/\/ss1.4sqi.net\/img\/categories_v2\/building\/office_conferenceroom_","suffix":".png"},"primary":"true"}],"verified":"false","restricted":"true","stats":{"checkinsCount":"548","usersCount":"154","tipCount":"0"},"specials":{"count":"0"},"hereNow":{"count":"0"},"referralId":"v-1392478069"},{"id":"52e92a52498e8f6d4ed62bfc","name":"Metropolitan Police Control Lambeth","location":{"lat":"51.494799","lng":"-0.117198","distance":"70","cc":"GB","country":"United Kingdom"},"categories":[{"id":"4bf58dd8d48988d130941735","name":"Building","pluralName":"Buildings","shortName":"Building","icon":{"prefix":"https:\/\/ss1.4sqi.net\/img\/categories_v2\/building\/default_","suffix":".png"},"primary":"true"}],"verified":"false","restricted":"true","stats":{"checkinsCount":"1","usersCount":"1","tipCount":"0"},"specials":{"count":"0"},"hereNow":{"count":"0"},"referralId":"v-1392478069"},{"id":"4ac518d3f964a5206fa720e3","name":"Garden Museum","location":{"address":"5 Lambeth Palace Road","lat":"51.49477258699718","lng":"-0.12008701690777904","distance":"167","postalCode":"SE1 7LB","cc":"GB","city":"London","state":"Greater London","country":"United Kingdom"},"categories":[{"id":"4bf58dd8d48988d181941735","name":"Museum","pluralName":"Museums","shortName":"Museum","icon":{"prefix":"https:\/\/ss1.4sqi.net\/img\/categories_v2\/arts_entertainment\/museum_","suffix":".png"},"primary":"true"}],"verified":"false","restricted":"true","stats":{"checkinsCount":"425","usersCount":"289","tipCount":"8"},"specials":{"count":"0"},"hereNow":{"count":"0"},"referralId":"v-1392478069"},{"id":"4c4ed82151c2c9283cb9ff9e","name":"Royal Pharmaceutical Society","contact":{"twitter":"rpharms"},"location":{"address":"Lambeth High Street","lat":"51.49453188158112","lng":"-0.11946649224491242","distance":"118","cc":"GB","city":"Lambeth","state":"Greater London","country":"United Kingdom"},"categories":[{"id":"4bf58dd8d48988d124941735","name":"Office","pluralName":"Offices","shortName":"Office","icon":{"prefix":"https:\/\/ss1.4sqi.net\/img\/categories_v2\/building\/default_","suffix":".png"},"primary":"true"}],"verified":"false","restricted":"true","stats":{"checkinsCount":"251","usersCount":"51","tipCount":"0"},"url":"http:\/\/www.rpharms.com","specials":{"count":"0"},"hereNow":{"count":"0"},"referralId":"v-1392478069"},{"id":"4bf9d6d25efe2d7f53ed6c34","name":"London Eye Hostel","location":{"lat":"51.494406","lng":"-0.114563","distance":"224","cc":"GB","country":"United Kingdom"},"categories":[{"id":"4bf58dd8d48988d1ee931735","name":"Hostel","pluralName":"Hostels","shortName":"Hostel","icon":{"prefix":"https:\/\/ss1.4sqi.net\/img\/categories_v2\/travel\/hostel_","suffix":".png"},"primary":"true"}],"verified":"false","restricted":"true","stats":{"checkinsCount":"470","usersCount":"214","tipCount":"9"},"specials":{"count":"0"},"hereNow":{"count":"0"},"referralId":"v-1392478069"},{"id":"513a2c04e4b0fbf39bef17df","name":"Parliament View","location":{"lat":"51.49463091629362","lng":"-0.12019660060603396","distance":"170","cc":"GB","country":"United Kingdom"},"categories":[{"id":"4d954b06a243a5684965b473","name":"Residential Building (Apartment \/ Condo)","pluralName":"Residential Buildings (Apartments \/ Condos)","shortName":"Residential","icon":{"prefix":"https:\/\/ss1.4sqi.net\/img\/categories_v2\/building\/apartment_","suffix":".png"},"primary":"true"}],"verified":"false","restricted":"true","stats":{"checkinsCount":"50","usersCount":"34","tipCount":"0"},"specials":{"count":"0"},"hereNow":{"count":"0"},"referralId":"v-1392478069"},{"id":"4b4c45edf964a52055b026e3","name":"The Roastery (Costa)","location":{"address":"Old Paradise Street","lat":"51.49342062654536","lng":"-0.11763559344011919","distance":"97","cc":"GB","city":"Lambeth","state":"Greater London","country":"United Kingdom"},"categories":[{"id":"4bf58dd8d48988d1e0931735","name":"Coffee Shop","pluralName":"Coffee Shops","shortName":"Coffee Shop","icon":{"prefix":"https:\/\/ss1.4sqi.net\/img\/categories_v2\/food\/coffeeshop_","suffix":".png"},"primary":"true"}],"verified":"false","restricted":"true","stats":{"checkinsCount":"126","usersCount":"39","tipCount":"2"},"specials":{"count":"0"},"hereNow":{"count":"0"},"referralId":"v-1392478069"},{"id":"4adc89aaf964a520002d21e3","name":"St Mary's Gardens","location":{"address":"Lambeth Palace Rd","lat":"51.49451163049231","lng":"-0.12034962458736626","distance":"178","cc":"GB","city":"London","state":"Greater London","country":"United Kingdom"},"categories":[{"id":"4bf58dd8d48988d15a941735","name":"Garden","pluralName":"Gardens","shortName":"Garden","icon":{"prefix":"https:\/\/ss1.4sqi.net\/img\/categories_v2\/parks_outdoors\/garden_","suffix":".png"},"primary":"true"}],"verified":"false","restricted":"true","stats":{"checkinsCount":"40","usersCount":"25","tipCount":"0"},"specials":{"count":"0"},"hereNow":{"count":"0"},"referralId":"v-1392478069"},{"id":"4d89bf1c7d4c548171805971","name":"Riverside Cafe","location":{"address":"Lambeth Pier","crossStreet":"Lambeth Bridge","lat":"51.494987502841084","lng":"-0.12121787046351894","distance":"249","cc":"GB","city":"Lambeth","state":"Greater London","country":"United Kingdom"},"categories":[{"id":"4bf58dd8d48988d16d941735","name":"Caf\u00e9","pluralName":"Caf\u00e9s","shortName":"Caf\u00e9","icon":{"prefix":"https:\/\/ss1.4sqi.net\/img\/categories_v2\/food\/cafe_","suffix":".png"},"primary":"true"}],"verified":"false","restricted":"true","stats":{"checkinsCount":"119","usersCount":"91","tipCount":"4"},"specials":{"count":"0"},"hereNow":{"count":"0"},"referralId":"v-1392478069"},{"id":"4e74eac71838f918899d30c4","name":"Element Bar","location":{"lat":"51.49442545354792","lng":"-0.11894930281206395","distance":"80","cc":"GB","city":"\u041b\u0430\u043c\u0431\u0435\u0442","country":"United Kingdom"},"categories":[{"id":"4bf58dd8d48988d1dd931735","name":"Soup Place","pluralName":"Soup Places","shortName":"Soup","icon":{"prefix":"https:\/\/ss1.4sqi.net\/img\/categories_v2\/food\/soup_","suffix":".png"},"primary":"true"}],"verified":"false","restricted":"true","stats":{"checkinsCount":"11","usersCount":"9","tipCount":"0"},"specials":{"count":"0"},"hereNow":{"count":"0"},"referralId":"v-1392478069"},{"id":"51dafd89498e99f46a5a7975","name":"Pimlico Plumbers","location":{"lat":"51.49485302295532","lng":"-0.1173159357879189","distance":"71","cc":"GB","country":"United Kingdom"},"categories":[{"id":"4bf58dd8d48988d112951735","name":"Hardware Store","pluralName":"Hardware Stores","shortName":"Hardware","icon":{"prefix":"https:\/\/ss1.4sqi.net\/img\/categories_v2\/shops\/hardware_","suffix":".png"},"primary":"true"}],"verified":"false","restricted":"true","stats":{"checkinsCount":"4","usersCount":"4","tipCount":"0"},"specials":{"count":"0"},"hereNow":{"count":"0"},"referralId":"v-1392478069"},{"id":"4e43ac4eaeb7d02fd0e0f80f","name":"Lambeth Support HQ","location":{"address":"Lambeth Road","lat":"51.49487381260443","lng":"-0.1171443960277028","distance":"79","cc":"GB","city":"London","state":"Greater London","country":"United Kingdom"},"categories":[{"id":"4bf58dd8d48988d12e941735","name":"Police Station","pluralName":"Police Stations","shortName":"Police Station","icon":{"prefix":"https:\/\/ss1.4sqi.net\/img\/categories_v2\/building\/government_policestation_","suffix":".png"},"primary":"true"}],"verified":"false","restricted":"true","stats":{"checkinsCount":"221","usersCount":"38","tipCount":"0"},"specials":{"count":"0"},"hereNow":{"count":"0"},"referralId":"v-1392478069"},{"id":"4d387701b9e5224bf5425490","name":"Lambeth CCC","location":{"lat":"51.49472487444103","lng":"-0.11717196290364788","distance":"65","cc":"GB","country":"United Kingdom"},"categories":[{"id":"4bf58dd8d48988d126941735","name":"Government Building","pluralName":"Government Buildings","shortName":"Government","icon":{"prefix":"https:\/\/ss1.4sqi.net\/img\/categories_v2\/building\/government_","suffix":".png"},"primary":"true"}],"verified":"false","restricted":"true","stats":{"checkinsCount":"17","usersCount":"7","tipCount":"0"},"specials":{"count":"0"},"hereNow":{"count":"0"},"referralId":"v-1392478069"},{"id":"4f11accce4b0d59e203a362c","name":"Lambeth High Street Recreation Ground","location":{"lat":"51.492220129784734","lng":"-0.11768298690260579","distance":"230","cc":"GB","country":"United Kingdom"},"categories":[{"id":"4bf58dd8d48988d163941735","name":"Park","pluralName":"Parks","shortName":"Park","icon":{"prefix":"https:\/\/ss1.4sqi.net\/img\/categories_v2\/parks_outdoors\/park_","suffix":".png"},"primary":"true"}],"verified":"false","restricted":"true","stats":{"checkinsCount":"34","usersCount":"15","tipCount":"0"},"specials":{"count":"0"},"hereNow":{"count":"0"},"referralId":"v-1392478069"},{"id":"4d9b78092e6d8cfa97102717","name":"The Windmill","location":{"address":"44 Lambeth High St.","lat":"51.49306406690306","lng":"-0.12019392709829152","distance":"214","postalCode":"SE1 7JS","cc":"GB","city":"Lambeth","state":"Greater London","country":"United Kingdom"},"categories":[{"id":"4bf58dd8d48988d11b941735","name":"Pub","pluralName":"Pubs","shortName":"Pub","icon":{"prefix":"https:\/\/ss1.4sqi.net\/img\/categories_v2\/nightlife\/pub_","suffix":".png"},"primary":"true"}],"verified":"false","restricted":"true","stats":{"checkinsCount":"79","usersCount":"64","tipCount":"2"},"specials":{"count":"0"},"hereNow":{"count":"0"},"referralId":"v-1392478069"},{"id":"4d9d8fe7c593a1cda1466219","name":"Westminster Live","location":{"address":"Albert Embankment 3","lat":"51.49368914264107","lng":"-0.12112815071710464","distance":"239","cc":"GB","city":"Lambeth","state":"Greater London","country":"United Kingdom"},"categories":[{"id":"4bf58dd8d48988d130941735","name":"Building","pluralName":"Buildings","shortName":"Building","icon":{"prefix":"https:\/\/ss1.4sqi.net\/img\/categories_v2\/building\/default_","suffix":".png"},"primary":"true"}],"verified":"false","restricted":"true","stats":{"checkinsCount":"20","usersCount":"15","tipCount":"0"},"specials":{"count":"0"},"hereNow":{"count":"0"},"referralId":"v-1392478069"},{"id":"4decb2c418386283a41d4084","name":"Blue Bridge Solutions","contact":{"phone":"+442031760528","formattedPhone":"+44 20 3176 0528"},"location":{"address":"Southbank House","crossStreet":"Black Prince Road","lat":"51.49198183981866","lng":"-0.11989720190870803","distance":"295","postalCode":"SE1 7JS","cc":"GB","city":"Lambeth","state":"Greater London","country":"United Kingdom"},"categories":[{"id":"4d4b7105d754a06375d81259","name":"Professional & Other Places","pluralName":"Professional & Other Places","shortName":"Professional","icon":{"prefix":"https:\/\/ss1.4sqi.net\/img\/categories_v2\/building\/default_","suffix":".png"},"primary":"true"}],"verified":"false","restricted":"true","stats":{"checkinsCount":"33","usersCount":"4","tipCount":"0"},"url":"http:\/\/www.bluebridgeltd.cm","specials":{"count":"0"},"hereNow":{"count":"0"},"referralId":"v-1392478069"},{"id":"504deaa4e4b011fb61b78eaa","name":"Trustwave","location":{"address":"Level 3, Tower, 3 Albert Embankment","lat":"51.49410058444519","lng":"-0.12038400637515775","distance":"180","cc":"GB","city":"London","state":"Greater London","country":"United Kingdom"},"categories":[{"id":"4bf58dd8d48988d124941735","name":"Office","pluralName":"Offices","shortName":"Office","icon":{"prefix":"https:\/\/ss1.4sqi.net\/img\/categories_v2\/building\/default_","suffix":".png"},"primary":"true"}],"verified":"false","restricted":"true","stats":{"checkinsCount":"53","usersCount":"5","tipCount":"1"},"specials":{"count":"0"},"hereNow":{"count":"0"},"referralId":"v-1392478069"},{"id":"50339cf5e4b0ca71ea7b5316","name":"The Knot Garden","location":{"lat":"51.49489801718363","lng":"-0.11850378485248514","distance":"83","cc":"GB","country":"United Kingdom"},"categories":[{"id":"4bf58dd8d48988d15a941735","name":"Garden","pluralName":"Gardens","shortName":"Garden","icon":{"prefix":"https:\/\/ss1.4sqi.net\/img\/categories_v2\/parks_outdoors\/garden_","suffix":".png"},"primary":"true"}],"verified":"false","restricted":"true","stats":{"checkinsCount":"11","usersCount":"9","tipCount":"0"},"specials":{"count":"0"},"hereNow":{"count":"0"},"referralId":"v-1392478069"},{"id":"50eac4cfe4b0d1b6d92c39a9","name":"Fitzroy Lodge","location":{"lat":"51.49500708751437","lng":"-0.11720183461686849","distance":"90","cc":"GB","country":"United Kingdom"},"categories":[{"id":"4bf58dd8d48988d176941735","name":"Gym","pluralName":"Gyms","shortName":"Gym","icon":{"prefix":"https:\/\/ss1.4sqi.net\/img\/categories_v2\/building\/gym_","suffix":".png"},"primary":"true"}],"verified":"false","restricted":"true","stats":{"checkinsCount":"2","usersCount":"2","tipCount":"0"},"specials":{"count":"0"},"hereNow":{"count":"0"},"referralId":"v-1392478069"},{"id":"51da7412498eee1e813e7bb2","name":"Costa Roastery","location":{"lat":"51.493359","lng":"-0.118102","distance":"105","cc":"GB","country":"United Kingdom"},"categories":[{"id":"4eb1bea83b7b6f98df247e06","name":"Factory","pluralName":"Factories","shortName":"Factory","icon":{"prefix":"https:\/\/ss1.4sqi.net\/img\/categories_v2\/building\/factory_","suffix":".png"},"primary":"true"}],"verified":"false","restricted":"true","stats":{"checkinsCount":"3","usersCount":"2","tipCount":"0"},"specials":{"count":"0"},"hereNow":{"count":"0"},"referralId":"v-1392478069"},{"id":"4d92e49c14228cfa5a4e567b","name":"IMO Main Hall","location":{"address":"4 Albert Embankment","lat":"51.49347789273408","lng":"-0.12022553108122251","distance":"190","cc":"GB","city":"London","state":"Greater London","country":"United Kingdom"},"categories":[{"id":"4bf58dd8d48988d1ff931735","name":"Convention Center","pluralName":"Convention Centers","shortName":"Convention Center","icon":{"prefix":"https:\/\/ss1.4sqi.net\/img\/categories_v2\/building\/conventioncenter_","suffix":".png"},"primary":"true"}],"verified":"false","restricted":"true","stats":{"checkinsCount":"33","usersCount":"13","tipCount":"0"},"specials":{"count":"0"},"hereNow":{"count":"0"},"referralId":"v-1392478069"},{"id":"4dec55af7d8b6c7a537025e8","name":"Small ROom","location":{"address":"Hercules Rd","lat":"51.494553","lng":"-0.116534","distance":"92","cc":"GB","city":"Lambeth","state":"Greater London","country":"United Kingdom"},"categories":[{"id":"4bf58dd8d48988d130941735","name":"Building","pluralName":"Buildings","shortName":"Building","icon":{"prefix":"https:\/\/ss1.4sqi.net\/img\/categories_v2\/building\/default_","suffix":".png"},"primary":"true"}],"verified":"false","restricted":"true","stats":{"checkinsCount":"2","usersCount":"1","tipCount":"0"},"specials":{"count":"0"},"hereNow":{"count":"0"},"referralId":"v-1392478069"},{"id":"517a49467ab483a8afd2923d","name":"Builders Lambeth","contact":{"phone":"+442034044796","formattedPhone":"+44 20 3404 4796"},"location":{"address":"113 Lambeth Rd","lat":"51.494637234974235","lng":"-0.11904716491699219","distance":"94","postalCode":"SE1 7LS","cc":"GB","city":"Lambeth","state":"Greater London","country":"United Kingdom"},"categories":[{"id":"4bf58dd8d48988d130941735","name":"Building","pluralName":"Buildings","shortName":"Building","icon":{"prefix":"https:\/\/ss1.4sqi.net\/img\/categories_v2\/building\/default_","suffix":".png"},"primary":"true"}],"verified":"false","restricted":"true","stats":{"checkinsCount":"0","usersCount":"0","tipCount":"3"},"specials":{"count":"0"},"hereNow":{"count":"0"},"referralId":"v-1392478069"},{"id":"50599d4ce4b046bed146d692","name":"Fairley House School","location":{"address":"218-220 Lambeth Road","lat":"51.49520185114362","lng":"-0.11744362651537182","distance":"104","cc":"GB","city":"London","state":"Greater London","country":"United Kingdom"},"categories":[{"id":"4f4533804b9074f6e4fb0105","name":"Elementary School","pluralName":"Elementary Schools","shortName":"Elementary School","icon":{"prefix":"https:\/\/ss1.4sqi.net\/img\/categories_v2\/building\/school_","suffix":".png"},"primary":"true"}],"verified":"false","restricted":"true","stats":{"checkinsCount":"8","usersCount":"3","tipCount":"0"},"specials":{"count":"0"},"hereNow":{"count":"0"},"referralId":"v-1392478069"},{"id":"4ad48899f964a52021e820e3","name":"Corner Cafe","location":{"address":"Hercules Rd","crossStreet":"Lambeth Rd","lat":"51.49566582284574","lng":"-0.11569626066727652","distance":"211","cc":"GB","city":"London","state":"Greater London","country":"United Kingdom"},"categories":[{"id":"4bf58dd8d48988d147941735","name":"Diner","pluralName":"Diners","shortName":"Diner","icon":{"prefix":"https:\/\/ss1.4sqi.net\/img\/categories_v2\/food\/diner_","suffix":".png"},"primary":"true"}],"verified":"false","restricted":"true","stats":{"checkinsCount":"208","usersCount":"77","tipCount":"2"},"specials":{"count":"0"},"hereNow":{"count":"0"},"referralId":"v-1392478069"}],"confident":"true"}}