{"meta":{"code":"200"},"response":{"venues":[{"id":"4ac518cef964a52015a620e3","name":"Battersea Park","contact":{"twitter":"batterseapksw11"},"location":{"address":"Albert Bridge Rd.","lat":"51.479512013817555","lng":"-0.1569843292236328","distance":"61","postalCode":"SW11 4NJ","cc":"GB","city":"London","state":"Greater London","country":"United Kingdom"},"categories":[{"id":"4bf58dd8d48988d163941735","name":"Park","pluralName":"Parks","shortName":"Park","icon":{"prefix":"https:\/\/ss1.4sqi.net\/img\/categories_v2\/parks_outdoors\/park_","suffix":".png"},"primary":"true"}],"verified":"false","restricted":"true","stats":{"checkinsCount":"6816","usersCount":"3344","tipCount":"30"},"specials":{"count":"0"},"hereNow":{"count":"1","groups":[{"type":"others","name":"Other people here","count":"1"}]},"referralId":"v-1392478104"},{"id":"4c433cbeaf052d7fd2128079","name":"Battersea Park Lake","location":{"address":"Battersea Park","lat":"51.479218011052446","lng":"-0.15226364135742188","distance":"384","postalCode":"SW11 4BN","cc":"GB","city":"London","state":"Greater London","country":"United Kingdom"},"categories":[{"id":"4bf58dd8d48988d161941735","name":"Lake","pluralName":"Lakes","shortName":"Lake","icon":{"prefix":"https:\/\/ss1.4sqi.net\/img\/categories_v2\/parks_outdoors\/lake_","suffix":".png"},"primary":"true"}],"verified":"false","restricted":"true","stats":{"checkinsCount":"764","usersCount":"591","tipCount":"2"},"specials":{"count":"0"},"hereNow":{"count":"0"},"referralId":"v-1392478104"},{"id":"4ac518cff964a5206da620e3","name":"The Peace Pagoda","location":{"address":"Battersea Park","lat":"51.48203100527882","lng":"-0.15903353691101074","distance":"316","postalCode":"SW11 4NJ","cc":"GB","city":"London","state":"Greater London","country":"United Kingdom"},"categories":[{"id":"4bf58dd8d48988d12d941735","name":"Monument \/ Landmark","pluralName":"Monuments \/ Landmarks","shortName":"Landmark","icon":{"prefix":"https:\/\/ss1.4sqi.net\/img\/categories_v2\/building\/government_monument_","suffix":".png"},"primary":"true"}],"verified":"false","restricted":"true","stats":{"checkinsCount":"668","usersCount":"398","tipCount":"5"},"specials":{"count":"0"},"hereNow":{"count":"0"},"referralId":"v-1392478104"},{"id":"4b191af6f964a5200dd823e3","name":"The Prince Albert Battersea","location":{"address":"Albert Bridge rd","lat":"51.47952798753977","lng":"-0.165759","distance":"552","cc":"GB","city":"London","state":"Greater London","country":"United Kingdom"},"categories":[{"id":"4bf58dd8d48988d11b941735","name":"Pub","pluralName":"Pubs","shortName":"Pub","icon":{"prefix":"https:\/\/ss1.4sqi.net\/img\/categories_v2\/nightlife\/pub_","suffix":".png"},"primary":"true"}],"verified":"false","restricted":"true","stats":{"checkinsCount":"1190","usersCount":"615","tipCount":"15"},"menu":{"type":"Menu","label":"Menu","anchor":"View Menu","url":"https:\/\/foursquare.com\/v\/the-prince-albert-battersea\/4b191af6f964a5200dd823e3\/menu","mobileUrl":"https:\/\/foursquare.com\/v\/4b191af6f964a5200dd823e3\/device_menu"},"specials":{"count":"0"},"hereNow":{"count":"0"},"referralId":"v-1392478104"},{"id":"4ac518bff964a52045a320e3","name":"The Lost Angel","contact":{"phone":"+442076222112","formattedPhone":"+44 20 7622 2112"},"location":{"address":"339 Battersea Park Rd","lat":"51.47418626089026","lng":"-0.15703260898590088","distance":"570","postalCode":"SW11 4LS","cc":"GB","city":"London","state":"Greater London","country":"United Kingdom"},"categories":[{"id":"4bf58dd8d48988d116941735","name":"Bar","pluralName":"Bars","shortName":"Bar","icon":{"prefix":"https:\/\/ss1.4sqi.net\/img\/categories_v2\/nightlife\/bar_","suffix":".png"},"primary":"true"}],"verified":"true","restricted":"true","stats":{"checkinsCount":"718","usersCount":"528","tipCount":"18"},"url":"http:\/\/www.lostangel.co.uk","reservations":{"url":"http:\/\/www.toptable.co.uk\/single.aspx?rid=50155&ref=9601"},"menu":{"type":"Menu","label":"Menu","anchor":"View Menu","url":"https:\/\/foursquare.com\/v\/the-lost-angel-london-greater-london\/4ac518bff964a52045a320e3\/menu","mobileUrl":"https:\/\/foursquare.com\/v\/4ac518bff964a52045a320e3\/device_menu"},"specials":{"count":"0"},"hereNow":{"count":"0"},"storeId":"","referralId":"v-1392478104"},{"id":"52f790ff498e272413ac3b67","name":"The Tea Terrace (Battersea Park)","location":{"address":"Battersea Park","lat":"51.480665","lng":"-0.158686","distance":"164","cc":"GB","city":"London","state":"Greater London","country":"United Kingdom"},"categories":[{"id":"4bf58dd8d48988d1e0931735","name":"Coffee Shop","pluralName":"Coffee Shops","shortName":"Coffee Shop","icon":{"prefix":"https:\/\/ss1.4sqi.net\/img\/categories_v2\/food\/coffeeshop_","suffix":".png"},"primary":"true"}],"verified":"false","restricted":"true","stats":{"checkinsCount":"1","usersCount":"1","tipCount":"0"},"specials":{"count":"0"},"hereNow":{"count":"0"},"referralId":"v-1392478104"},{"id":"4bceb0ac937ca59356f0ae92","name":"Battersea Park Children's Zoo","location":{"address":"Battersea Park","lat":"51.48140962243473","lng":"-0.1567697525024414","distance":"246","postalCode":"SW11 4NJ","cc":"GB","city":"London","state":"Greater London","country":"United Kingdom"},"categories":[{"id":"4bf58dd8d48988d17b941735","name":"Zoo","pluralName":"Zoos","shortName":"Zoo","icon":{"prefix":"https:\/\/ss1.4sqi.net\/img\/categories_v2\/arts_entertainment\/zoo_","suffix":".png"},"primary":"true"}],"verified":"false","restricted":"true","stats":{"checkinsCount":"302","usersCount":"256","tipCount":"8"},"specials":{"count":"0"},"hereNow":{"count":"0"},"referralId":"v-1392478104"},{"id":"4ac518eaf964a520eaab20e3","name":"Battersea Evolution","location":{"address":"Chelsea Bridge Entrance","lat":"51.48052764515145","lng":"-0.1556110382080078","distance":"205","postalCode":"SW11 4NJ","cc":"GB","city":"London","state":"Greater London","country":"United Kingdom"},"categories":[{"id":"4bf58dd8d48988d1f1931735","name":"General Entertainment","pluralName":"General Entertainment","shortName":"Entertainment","icon":{"prefix":"https:\/\/ss1.4sqi.net\/img\/categories_v2\/arts_entertainment\/default_","suffix":".png"},"primary":"true"}],"verified":"false","restricted":"true","stats":{"checkinsCount":"546","usersCount":"442","tipCount":"4"},"specials":{"count":"0"},"hereNow":{"count":"0"},"referralId":"v-1392478104"},{"id":"4ca6e67cd971b1f765f304e1","name":"Battersea Park All Weather Pitches","location":{"address":"Battersea Park","lat":"51.47625114982365","lng":"-0.15964508056640625","distance":"361","postalCode":"SW11 4NJ","cc":"GB","city":"London","state":"Greater London","country":"United Kingdom"},"categories":[{"id":"4cce455aebf7b749d5e191f5","name":"Soccer Field","pluralName":"Soccer Fields","shortName":"Soccer Field","icon":{"prefix":"https:\/\/ss1.4sqi.net\/img\/categories_v2\/arts_entertainment\/stadium_soccer_","suffix":".png"},"primary":"true"}],"verified":"false","restricted":"true","stats":{"checkinsCount":"192","usersCount":"93","tipCount":"1"},"specials":{"count":"0"},"hereNow":{"count":"0"},"referralId":"v-1392478104"},{"id":"4cbf28c0985aa35ddc6c4512","name":"Affordable Art Fair","location":{"address":"Battersea park","lat":"51.48062618830985","lng":"-0.155290358982944","distance":"229","cc":"GB","city":"Wandsworth","state":"Greater London","country":"United Kingdom"},"categories":[{"id":"4bf58dd8d48988d1f1931735","name":"General Entertainment","pluralName":"General Entertainment","shortName":"Entertainment","icon":{"prefix":"https:\/\/ss1.4sqi.net\/img\/categories_v2\/arts_entertainment\/default_","suffix":".png"},"primary":"true"}],"verified":"false","restricted":"true","stats":{"checkinsCount":"300","usersCount":"245","tipCount":"3"},"specials":{"count":"0"},"hereNow":{"count":"0"},"referralId":"v-1392478104"},{"id":"4dfded1dae6033b2a4798161","name":"Iglesia Ni Cristo","location":{"lat":"51.47904034271256","lng":"-0.1665273291745769","distance":"605","cc":"GB","city":"Wandsworth","state":"Greater London","country":"United Kingdom"},"categories":[{"id":"4bf58dd8d48988d132941735","name":"Church","pluralName":"Churches","shortName":"Church","icon":{"prefix":"https:\/\/ss1.4sqi.net\/img\/categories_v2\/building\/religious_church_","suffix":".png"},"primary":"true"}],"verified":"false","restricted":"true","stats":{"checkinsCount":"157","usersCount":"18","tipCount":"0"},"specials":{"count":"0"},"hereNow":{"count":"0"},"referralId":"v-1392478104"},{"id":"4c0cec75c700c9b6c58ca1dd","name":"Battersea Park Millenium Arena","location":{"address":"Albert Bridge Rd.","lat":"51.481223494582174","lng":"-0.15096484953476394","distance":"520","postalCode":"SW11 4NJ","cc":"GB","city":"London","state":"Greater London","country":"United Kingdom"},"categories":[{"id":"4bf58dd8d48988d106941735","name":"Track","pluralName":"Tracks","shortName":"Track","icon":{"prefix":"https:\/\/ss1.4sqi.net\/img\/categories_v2\/shops\/gym_track_","suffix":".png"},"primary":"true"}],"verified":"false","restricted":"true","stats":{"checkinsCount":"386","usersCount":"210","tipCount":"1"},"specials":{"count":"0"},"hereNow":{"count":"0"},"referralId":"v-1392478104"},{"id":"4e8e033d46907a17cbefd0a3","name":"Worfield Street","location":{"lat":"51.4769808082452","lng":"-0.16511767995016882","distance":"568","cc":"GB","city":"Wandsworth","state":"Greater London","country":"United Kingdom"},"categories":[{"id":"4d954b16a243a5684b65b473","name":"Rest Area","pluralName":"Rest Areas","shortName":"Rest Areas","icon":{"prefix":"https:\/\/ss1.4sqi.net\/img\/categories_v2\/travel\/restarea_","suffix":".png"},"primary":"true"}],"verified":"false","restricted":"true","stats":{"checkinsCount":"155","usersCount":"11","tipCount":"0"},"specials":{"count":"0"},"hereNow":{"count":"0"},"referralId":"v-1392478104"},{"id":"4f12e398e4b0044a24aef858","name":"La Gondola al Parco","location":{"address":"Battersea Park","lat":"51.47964117885496","lng":"-0.1514050811176391","distance":"445","cc":"GB","country":"United Kingdom"},"categories":[{"id":"4bf58dd8d48988d16d941735","name":"Caf\u00e9","pluralName":"Caf\u00e9s","shortName":"Caf\u00e9","icon":{"prefix":"https:\/\/ss1.4sqi.net\/img\/categories_v2\/food\/cafe_","suffix":".png"},"primary":"true"}],"verified":"false","restricted":"true","stats":{"checkinsCount":"180","usersCount":"122","tipCount":"5"},"specials":{"count":"0"},"hereNow":{"count":"0"},"referralId":"v-1392478104"},{"id":"4bf91bcd508c0f47510e3f31","name":"Sub-Tropical Garden","location":{"address":"Battersea Park","lat":"51.47728021814556","lng":"-0.15777826309204102","distance":"223","postalCode":"SW11 4NJ","cc":"GB","city":"London","state":"Greater London","country":"United Kingdom"},"categories":[{"id":"4bf58dd8d48988d15a941735","name":"Garden","pluralName":"Gardens","shortName":"Garden","icon":{"prefix":"https:\/\/ss1.4sqi.net\/img\/categories_v2\/parks_outdoors\/garden_","suffix":".png"},"primary":"true"}],"verified":"false","restricted":"true","stats":{"checkinsCount":"81","usersCount":"64","tipCount":"1"},"specials":{"count":"0"},"hereNow":{"count":"0"},"referralId":"v-1392478104"},{"id":"520b354e11d2190dd1cc9aab","name":"Petworth Street (BF)","location":{"lat":"51.47691415517471","lng":"-0.1651186508806205","distance":"571","cc":"GB","country":"United Kingdom"},"categories":[{"id":"4bf58dd8d48988d1fe931735","name":"Bus Station","pluralName":"Bus Stations","shortName":"Bus Station","icon":{"prefix":"https:\/\/ss1.4sqi.net\/img\/categories_v2\/travel\/busstation_","suffix":".png"},"primary":"true"}],"verified":"false","restricted":"true","stats":{"checkinsCount":"37","usersCount":"1","tipCount":"0"},"specials":{"count":"0"},"hereNow":{"count":"0"},"referralId":"v-1392478104"},{"id":"51d2db58498ec90230188582","name":"Tea Terrace","location":{"lat":"51.48044238562731","lng":"-0.1587275611592698","distance":"143","cc":"GB","country":"United Kingdom"},"categories":[{"id":"4bf58dd8d48988d16d941735","name":"Caf\u00e9","pluralName":"Caf\u00e9s","shortName":"Caf\u00e9","icon":{"prefix":"https:\/\/ss1.4sqi.net\/img\/categories_v2\/food\/cafe_","suffix":".png"},"primary":"true"}],"verified":"false","restricted":"true","stats":{"checkinsCount":"6","usersCount":"5","tipCount":"0"},"specials":{"count":"0"},"hereNow":{"count":"0"},"referralId":"v-1392478104"},{"id":"4e0f54a27d8bb178a8b1cd1d","name":"Battersea Park Outdoor Gym","location":{"address":"Carriage Dr E","lat":"51.48023078596584","lng":"-0.1514344960405307","distance":"453","postalCode":"SW8 4","cc":"GB","city":"Wandsworth","state":"Greater London","country":"United Kingdom"},"categories":[{"id":"4bf58dd8d48988d175941735","name":"Gym \/ Fitness Center","pluralName":"Gyms or Fitness Centers","shortName":"Gym \/ Fitness","icon":{"prefix":"https:\/\/ss1.4sqi.net\/img\/categories_v2\/building\/gym_","suffix":".png"},"primary":"true"}],"verified":"false","restricted":"true","stats":{"checkinsCount":"67","usersCount":"21","tipCount":"0"},"specials":{"count":"0"},"hereNow":{"count":"0"},"referralId":"v-1392478104"},{"id":"4ac518d3f964a52083a720e3","name":"The Pump House Gallery","location":{"address":"Battersea Park","lat":"51.47889727860177","lng":"-0.15473127365112305","distance":"217","postalCode":"SW11 4NJ","cc":"GB","city":"London","state":"Greater London","country":"United Kingdom"},"categories":[{"id":"4bf58dd8d48988d1e2931735","name":"Art Gallery","pluralName":"Art Galleries","shortName":"Art Gallery","icon":{"prefix":"https:\/\/ss1.4sqi.net\/img\/categories_v2\/arts_entertainment\/artgallery_","suffix":".png"},"primary":"true"}],"verified":"false","restricted":"true","stats":{"checkinsCount":"129","usersCount":"84","tipCount":"2"},"specials":{"count":"0"},"hereNow":{"count":"0"},"referralId":"v-1392478104"},{"id":"4e6b068f18a83989ecba2f24","name":"Ethelburga Street","location":{"address":"Ethelburgastreet","lat":"51.4769808082452","lng":"-0.16512931040023243","distance":"569","cc":"GB","city":"London","state":"Greater London","country":"United Kingdom"},"categories":[{"id":"4d954b06a243a5684965b473","name":"Residential Building (Apartment \/ Condo)","pluralName":"Residential Buildings (Apartments \/ Condos)","shortName":"Residential","icon":{"prefix":"https:\/\/ss1.4sqi.net\/img\/categories_v2\/building\/apartment_","suffix":".png"},"primary":"true"}],"verified":"false","restricted":"true","stats":{"checkinsCount":"164","usersCount":"13","tipCount":"0"},"specials":{"count":"0"},"hereNow":{"count":"0"},"referralId":"v-1392478104"},{"id":"4d31b12ef8c9224beb62a9d2","name":"Battersea Park Adventure Playground","location":{"address":"Off Prince of Wales \/ Albert Bridge Rd","lat":"51.476052868242704","lng":"-0.1614373299369366","distance":"439","cc":"GB","city":"Wandsworth","state":"Greater London","country":"United Kingdom"},"categories":[{"id":"4bf58dd8d48988d1e7941735","name":"Playground","pluralName":"Playgrounds","shortName":"Playground","icon":{"prefix":"https:\/\/ss1.4sqi.net\/img\/categories_v2\/parks_outdoors\/playground_","suffix":".png"},"primary":"true"}],"verified":"false","restricted":"true","stats":{"checkinsCount":"155","usersCount":"120","tipCount":"1"},"specials":{"count":"0"},"hereNow":{"count":"0"},"referralId":"v-1392478104"},{"id":"4bc5889d0a30d13ac8215a9c","name":"Captain Correlli's","location":{"address":"132 Battersea Park Road","lat":"51.4745872175105","lng":"-0.15517115592956543","distance":"554","cc":"GB","city":"Wandsworth","state":"Greater London","country":"United Kingdom"},"categories":[{"id":"4bf58dd8d48988d110941735","name":"Italian Restaurant","pluralName":"Italian Restaurants","shortName":"Italian","icon":{"prefix":"https:\/\/ss1.4sqi.net\/img\/categories_v2\/food\/italian_","suffix":".png"},"primary":"true"}],"verified":"false","restricted":"true","stats":{"checkinsCount":"205","usersCount":"57","tipCount":"9"},"specials":{"count":"0"},"hereNow":{"count":"0"},"referralId":"v-1392478104"},{"id":"51e593d9498efac3f51f7bf0","name":"Stafford Mansions","location":{"address":"Stafford Mansions\nAlbert Bridge Road\nLondon\nSW11 4QG","lat":"51.47805861479216","lng":"-0.16490685714211156","distance":"511","cc":"GB","country":"United Kingdom"},"categories":[{"id":"4d954b06a243a5684965b473","name":"Residential Building (Apartment \/ Condo)","pluralName":"Residential Buildings (Apartments \/ Condos)","shortName":"Residential","icon":{"prefix":"https:\/\/ss1.4sqi.net\/img\/categories_v2\/building\/apartment_","suffix":".png"},"primary":"true"}],"verified":"false","restricted":"true","stats":{"checkinsCount":"6","usersCount":"2","tipCount":"0"},"specials":{"count":"0"},"hereNow":{"count":"0"},"referralId":"v-1392478104"},{"id":"4c5a9552b05c1b8d5681d8b1","name":"British Genius Site","location":{"lat":"51.480383","lng":"-0.155605","distance":"195","cc":"GB","country":"United Kingdom"},"categories":[{"id":"4bf58dd8d48988d171941735","name":"Event Space","pluralName":"Event Spaces","shortName":"Event Space","icon":{"prefix":"https:\/\/ss1.4sqi.net\/img\/categories_v2\/building\/eventspace_","suffix":".png"},"primary":"true"}],"verified":"false","restricted":"true","stats":{"checkinsCount":"4","usersCount":"3","tipCount":"0"},"specials":{"count":"0"},"hereNow":{"count":"0"},"referralId":"v-1392478104"},{"id":"4b97f0edf964a520fc2035e3","name":"AAF","location":{"address":"Battersea Park","lat":"51.480574","lng":"-0.155817","distance":"198","cc":"GB","city":"London","state":"Greater London","country":"United Kingdom"},"verified":"false","restricted":"true","stats":{"checkinsCount":"25","usersCount":"25","tipCount":"0"},"specials":{"count":"0"},"hereNow":{"count":"0"},"referralId":"v-1392478104"},{"id":"4f64ba2ce4b045fbd3fd8a93","name":"Handmade","location":{"address":"The Affordable Art Fair","crossStreet":"Battersea Park","lat":"51.480465938422476","lng":"-0.15570870366347667","distance":"195","cc":"GB","city":"London","state":"Greater London","country":"United Kingdom"},"categories":[{"id":"4bf58dd8d48988d1e0931735","name":"Coffee Shop","pluralName":"Coffee Shops","shortName":"Coffee Shop","icon":{"prefix":"https:\/\/ss1.4sqi.net\/img\/categories_v2\/food\/coffeeshop_","suffix":".png"},"primary":"true"}],"verified":"false","restricted":"true","stats":{"checkinsCount":"5","usersCount":"5","tipCount":"0"},"specials":{"count":"0"},"hereNow":{"count":"0"},"referralId":"v-1392478104"},{"id":"52e50126498e0872fc60caf4","name":"Decorative Fair","location":{"lat":"51.48060528615225","lng":"-0.1563218020334148","distance":"178","cc":"GB","country":"United Kingdom"},"categories":[{"id":"5267e4d9e4b0ec79466e48c9","name":"Convention","pluralName":"Conventions","shortName":"Convention","icon":{"prefix":"https:\/\/ss1.4sqi.net\/img\/categories_v2\/event\/default_","suffix":".png"},"primary":"true"}],"verified":"false","restricted":"true","stats":{"checkinsCount":"3","usersCount":"3","tipCount":"0"},"specials":{"count":"0"},"hereNow":{"count":"0"},"referralId":"v-1392478104"},{"id":"4bc9afe60687ef3bd446dacc","name":"The lemurs","location":{"lat":"51.48117","lng":"-0.157512","distance":"210","cc":"GB","country":"United Kingdom"},"verified":"false","restricted":"true","stats":{"checkinsCount":"2","usersCount":"1","tipCount":"0"},"specials":{"count":"0"},"hereNow":{"count":"0"},"referralId":"v-1392478104"},{"id":"522c698b498e7b8dc9d17100","name":"RM Auctions","location":{"address":"Battersea park","lat":"51.480665","lng":"-0.15573","distance":"210","cc":"GB","city":"London","state":"Greater London","country":"United Kingdom"},"categories":[{"id":"4bf58dd8d48988d124951735","name":"Automotive Shop","pluralName":"Automotive Shops","shortName":"Automotive","icon":{"prefix":"https:\/\/ss1.4sqi.net\/img\/categories_v2\/shops\/automotive_","suffix":".png"},"primary":"true"}],"verified":"false","restricted":"true","stats":{"checkinsCount":"3","usersCount":"3","tipCount":"0"},"specials":{"count":"0"},"hereNow":{"count":"0"},"referralId":"v-1392478104"},{"id":"4c20bf434d4a20a1872d9b70","name":"Albany Mansions","location":{"address":"Albert Bridge Road","lat":"51.47839172578739","lng":"-0.16531348707015645","distance":"530","postalCode":"SW11","cc":"GB","city":"Wandsworth","state":"Greater London","country":"United Kingdom"},"categories":[{"id":"4d954b06a243a5684965b473","name":"Residential Building (Apartment \/ Condo)","pluralName":"Residential Buildings (Apartments \/ Condos)","shortName":"Residential","icon":{"prefix":"https:\/\/ss1.4sqi.net\/img\/categories_v2\/building\/apartment_","suffix":".png"},"primary":"true"}],"verified":"false","restricted":"true","stats":{"checkinsCount":"156","usersCount":"10","tipCount":"0"},"specials":{"count":"0"},"hereNow":{"count":"0"},"referralId":"v-1392478104"}],"confident":"true"}}