{"meta":{"code":"200"},"response":{"venues":[{"id":"4b62a4e8f964a520bb4d2ae3","name":"London College of Communication","contact":{"phone":"+442075146569","formattedPhone":"+44 20 7514 6569"},"location":{"address":"Elephant & Castle","lat":"51.49476081747037","lng":"-0.10167829741104123","distance":"93","postalCode":"SE1 6SB","cc":"GB","city":"London","state":"Greater London","country":"United Kingdom"},"categories":[{"id":"4bf58dd8d48988d1ae941735","name":"University","pluralName":"Universities","shortName":"University","icon":{"prefix":"https:\/\/ss1.4sqi.net\/img\/categories_v2\/education\/default_","suffix":".png"},"primary":"true"}],"verified":"false","restricted":"true","stats":{"checkinsCount":"5731","usersCount":"935","tipCount":"11"},"specials":{"count":"0"},"hereNow":{"count":"1","groups":[{"type":"others","name":"Other people here","count":"1"}]},"referralId":"v-1392478070"},{"id":"4cefb7bf821254815d0e6ba1","name":"LCC - Canteen","location":{"address":"London College of Communication","crossStreet":"Elephant & Castle","lat":"51.49484203366598","lng":"-0.10211963555492973","distance":"77","postalCode":"SE1 6SB","cc":"GB","city":"London","state":"Greater London","country":"United Kingdom"},"categories":[{"id":"4bf58dd8d48988d1a1941735","name":"College Cafeteria","pluralName":"College Cafeterias","shortName":"Cafeteria","icon":{"prefix":"https:\/\/ss1.4sqi.net\/img\/categories_v2\/education\/cafeteria_","suffix":".png"},"primary":"true"}],"verified":"false","restricted":"true","stats":{"checkinsCount":"183","usersCount":"44","tipCount":"1"},"specials":{"count":"0"},"hereNow":{"count":"0"},"referralId":"v-1392478070"},{"id":"4b705da1f964a5208b152de3","name":"Elephant & Castle Shopping Centre","contact":{"phone":"+442077035678","formattedPhone":"+44 20 7703 5678"},"location":{"address":"Elephant & Castle","crossStreet":"at New Kent Rd.","lat":"51.49445020457691","lng":"-0.09982109069824219","distance":"207","postalCode":"SE1 6TE","cc":"GB","city":"Elephant & Castle","state":"Greater London","country":"United Kingdom"},"categories":[{"id":"4bf58dd8d48988d1fd941735","name":"Mall","pluralName":"Malls","shortName":"Mall","icon":{"prefix":"https:\/\/ss1.4sqi.net\/img\/categories_v2\/shops\/mall_","suffix":".png"},"primary":"true"}],"verified":"false","restricted":"true","stats":{"checkinsCount":"3006","usersCount":"1276","tipCount":"19"},"specials":{"count":"0"},"hereNow":{"count":"0"},"referralId":"v-1392478070"},{"id":"4b745da9f964a520f2d72de3","name":"Mamu\u015bka!","contact":{"phone":"+442036021898","formattedPhone":"+44 20 3602 1898","twitter":"mamuska_net","facebook":"121312154590773"},"location":{"address":"Elephant and Castle Shopping Centre","lat":"51.49406278202701","lng":"-0.09997129440307617","distance":"197","postalCode":"SE1 6TE","cc":"GB","city":"London","state":"Greater London","country":"United Kingdom"},"categories":[{"id":"4bf58dd8d48988d109941735","name":"Eastern European Restaurant","pluralName":"Eastern European Restaurants","shortName":"Eastern European","icon":{"prefix":"https:\/\/ss1.4sqi.net\/img\/categories_v2\/food\/default_","suffix":".png"},"primary":"true"}],"verified":"true","restricted":"true","stats":{"checkinsCount":"802","usersCount":"396","tipCount":"25"},"url":"http:\/\/www.mamuska.net","menu":{"type":"Menu","label":"Menu","anchor":"View Menu","url":"https:\/\/foursquare.com\/v\/mamu%C5%9Bka\/4b745da9f964a520f2d72de3\/menu","mobileUrl":"https:\/\/foursquare.com\/v\/4b745da9f964a520f2d72de3\/device_menu"},"specials":{"count":"0"},"hereNow":{"count":"1","groups":[{"type":"others","name":"Other people here","count":"1"}]},"venuePage":{"id":"49535880"},"storeId":"1","referralId":"v-1392478070"},{"id":"525e7179498ef64e504d4cb2","name":"The Newsroom @ LCC","location":{"lat":"51.494415120450185","lng":"-0.10221541147186028","distance":"43","cc":"GB","country":"United Kingdom"},"categories":[{"id":"4bf58dd8d48988d19a941735","name":"College Communications Building","pluralName":"College Communications Buildings","shortName":"Communications","icon":{"prefix":"https:\/\/ss1.4sqi.net\/img\/categories_v2\/education\/collegeacademicbuildings_communications_","suffix":".png"},"primary":"true"}],"verified":"false","restricted":"true","stats":{"checkinsCount":"16","usersCount":"6","tipCount":"0"},"specials":{"count":"0"},"hereNow":{"count":"0"},"referralId":"v-1392478070"},{"id":"4f8c0a29e4b002b90d9eb578","name":"Typo Cafe (London College of Communication)","location":{"lat":"51.49482155155981","lng":"-0.10150038540047361","distance":"108","cc":"GB","country":"United Kingdom"},"categories":[{"id":"4bf58dd8d48988d1a1941735","name":"College Cafeteria","pluralName":"College Cafeterias","shortName":"Cafeteria","icon":{"prefix":"https:\/\/ss1.4sqi.net\/img\/categories_v2\/education\/cafeteria_","suffix":".png"},"primary":"true"}],"verified":"false","restricted":"true","stats":{"checkinsCount":"286","usersCount":"53","tipCount":"2"},"specials":{"count":"0"},"hereNow":{"count":"0"},"referralId":"v-1392478070"},{"id":"5076a87de4b0e1c6e0f79db2","name":"LCC Tower Block","location":{"lat":"51.494862362005875","lng":"-0.10178761029899097","distance":"95","cc":"GB","country":"United Kingdom"},"categories":[{"id":"4bf58dd8d48988d1a0941735","name":"College Classroom","pluralName":"College Classrooms","shortName":"Classroom","icon":{"prefix":"https:\/\/ss1.4sqi.net\/img\/categories_v2\/education\/classroom_","suffix":".png"},"primary":"true"}],"verified":"false","restricted":"true","stats":{"checkinsCount":"52","usersCount":"14","tipCount":"0"},"specials":{"count":"0"},"hereNow":{"count":"0"},"referralId":"v-1392478070"},{"id":"4ca318f7d7c337045c9f9d62","name":"University Of The Arts","location":{"lat":"51.49483","lng":"-0.10136","distance":"116","cc":"GB","city":"Elephant & Castle","state":"Greater London","country":"United Kingdom"},"categories":[{"id":"4bf58dd8d48988d199941735","name":"College Arts Building","pluralName":"College Arts Buildings","shortName":"Arts","icon":{"prefix":"https:\/\/ss1.4sqi.net\/img\/categories_v2\/arts_entertainment\/default_","suffix":".png"},"primary":"true"}],"verified":"false","restricted":"true","stats":{"checkinsCount":"282","usersCount":"79","tipCount":"0"},"specials":{"count":"0"},"hereNow":{"count":"0"},"referralId":"v-1392478070"},{"id":"4f0b1ed1e4b0fcefab3adc91","name":"LCC Library Silent Zone","contact":{"phone":"+442075146569","formattedPhone":"+44 20 7514 6569"},"location":{"address":"Elephant & Castle","lat":"51.494734673904226","lng":"-0.10135653231415855","distance":"111","cc":"GB","city":"London","state":"Greater London","country":"United Kingdom"},"categories":[{"id":"4bf58dd8d48988d1a7941735","name":"College Library","pluralName":"College Libraries","shortName":"Library","icon":{"prefix":"https:\/\/ss1.4sqi.net\/img\/categories_v2\/building\/library_","suffix":".png"},"primary":"true"}],"verified":"false","restricted":"true","stats":{"checkinsCount":"315","usersCount":"91","tipCount":"1"},"specials":{"count":"0"},"hereNow":{"count":"0"},"referralId":"v-1392478070"},{"id":"4ec53717be7bd3e1851f8527","name":"LCC Library Groop Zone","location":{"lat":"51.49487301662921","lng":"-0.10169003112563502","distance":"100","cc":"GB","city":"\u041a\u0430\u043c\u0431\u0435\u0440\u0443\u044d\u043b\u043b","country":"United Kingdom"},"categories":[{"id":"4bf58dd8d48988d1a7941735","name":"College Library","pluralName":"College Libraries","shortName":"Library","icon":{"prefix":"https:\/\/ss1.4sqi.net\/img\/categories_v2\/building\/library_","suffix":".png"},"primary":"true"}],"verified":"false","restricted":"true","stats":{"checkinsCount":"137","usersCount":"35","tipCount":"0"},"specials":{"count":"0"},"hereNow":{"count":"0"},"referralId":"v-1392478070"},{"id":"4f856826e4b0e90cd467b7c8","name":"Age UK London","contact":{"phone":"+442078206770","formattedPhone":"+44 20 7820 6770","twitter":"ageuklondon"},"location":{"address":"21 St George's Rd, London, Greater London SE1 6ES","lat":"51.49515982561057","lng":"-0.10158695954194222","distance":"128","postalCode":"SE1 6ES","cc":"GB","city":"London","state":"Greater London","country":"United Kingdom"},"categories":[{"id":"4bf58dd8d48988d124941735","name":"Office","pluralName":"Offices","shortName":"Office","icon":{"prefix":"https:\/\/ss1.4sqi.net\/img\/categories_v2\/building\/default_","suffix":".png"},"primary":"true"}],"verified":"false","restricted":"true","stats":{"checkinsCount":"44","usersCount":"2","tipCount":"1"},"specials":{"count":"0"},"hereNow":{"count":"0"},"referralId":"v-1392478070"},{"id":"4d52b95f4015b1f7acad7dcf","name":"LCC SU Bar (Darkroom)","contact":{"phone":"+442075146569","formattedPhone":"+44 20 7514 6569"},"location":{"address":"London College of Communication","crossStreet":"Elephant and Castle","lat":"51.494769758396764","lng":"-0.10202769784285287","distance":"75","postalCode":"SE1 6SB","cc":"GB","city":"London","state":"Greater London","country":"United Kingdom"},"categories":[{"id":"4bf58dd8d48988d1a9941735","name":"College Rec Center","pluralName":"College Rec Centers","shortName":"Rec Center","icon":{"prefix":"https:\/\/ss1.4sqi.net\/img\/categories_v2\/education\/reccenter_","suffix":".png"},"primary":"true"}],"verified":"false","restricted":"true","stats":{"checkinsCount":"120","usersCount":"53","tipCount":"3"},"specials":{"count":"0"},"hereNow":{"count":"0"},"referralId":"v-1392478070"},{"id":"50b74d7ae4b0b3ebc10fdde0","name":"LCC Digital Space","location":{"lat":"51.494492365051485","lng":"-0.10120001950361678","distance":"113","cc":"GB","country":"United Kingdom"},"categories":[{"id":"4bf58dd8d48988d1a0941735","name":"College Classroom","pluralName":"College Classrooms","shortName":"Classroom","icon":{"prefix":"https:\/\/ss1.4sqi.net\/img\/categories_v2\/education\/classroom_","suffix":".png"},"primary":"true"}],"verified":"false","restricted":"true","stats":{"checkinsCount":"103","usersCount":"28","tipCount":"1"},"specials":{"count":"0"},"hereNow":{"count":"0"},"referralId":"v-1392478070"},{"id":"4bd5db276f649521a5d36fec","name":"Tai Tip Mein","location":{"lat":"51.493857","lng":"-0.100376","distance":"174","cc":"GB","country":"United Kingdom"},"categories":[{"id":"4bf58dd8d48988d145941735","name":"Chinese Restaurant","pluralName":"Chinese Restaurants","shortName":"Chinese","icon":{"prefix":"https:\/\/ss1.4sqi.net\/img\/categories_v2\/food\/chinese_","suffix":".png"},"primary":"true"}],"verified":"false","restricted":"true","stats":{"checkinsCount":"329","usersCount":"115","tipCount":"8"},"specials":{"count":"0"},"hereNow":{"count":"0"},"referralId":"v-1392478070"},{"id":"4bd4ba357b1876b03caf8986","name":"TfL Bus 35","contact":{"phone":"+443432221234","formattedPhone":"+44 343 222 1234","twitter":"tflbusalerts"},"location":{"address":"Moving Target!","lat":"51.49453036055544","lng":"-0.100250244140625","distance":"178","cc":"GB","city":"London","state":"Greater London","country":"United Kingdom"},"categories":[{"id":"4bf58dd8d48988d12b951735","name":"Bus Line","pluralName":"Bus Lines","shortName":"Bus","icon":{"prefix":"https:\/\/ss1.4sqi.net\/img\/categories_v2\/travel\/busstation_","suffix":".png"},"primary":"true"}],"verified":"false","restricted":"true","stats":{"checkinsCount":"750","usersCount":"180","tipCount":"3"},"url":"http:\/\/tfl.gov.uk","specials":{"count":"0"},"hereNow":{"count":"0"},"referralId":"v-1392478070"},{"id":"517a4994e4b04ad96a57235b","name":"LCC Studio WG28","location":{"lat":"51.49438040278131","lng":"-0.10171667065450572","distance":"75","cc":"GB","country":"United Kingdom"},"categories":[{"id":"4bf58dd8d48988d1a0941735","name":"College Classroom","pluralName":"College Classrooms","shortName":"Classroom","icon":{"prefix":"https:\/\/ss1.4sqi.net\/img\/categories_v2\/education\/classroom_","suffix":".png"},"primary":"true"}],"verified":"false","restricted":"true","stats":{"checkinsCount":"17","usersCount":"4","tipCount":"0"},"specials":{"count":"0"},"hereNow":{"count":"0"},"referralId":"v-1392478070"},{"id":"4e8d7f1c77c8aa870709ac12","name":"LCC Studio 2","location":{"lat":"51.49421","lng":"-0.102538","distance":"20","cc":"GB","city":"Camberwell","state":"Greater London","country":"United Kingdom"},"categories":[{"id":"4bf58dd8d48988d199941735","name":"College Arts Building","pluralName":"College Arts Buildings","shortName":"Arts","icon":{"prefix":"https:\/\/ss1.4sqi.net\/img\/categories_v2\/arts_entertainment\/default_","suffix":".png"},"primary":"true"}],"verified":"false","restricted":"true","stats":{"checkinsCount":"2","usersCount":"2","tipCount":"0"},"specials":{"count":"0"},"hereNow":{"count":"0"},"referralId":"v-1392478070"},{"id":"4eb190c91081ba283625937a","name":"Elephant and Castle Bus Stop (Z) - London College of Communication","location":{"address":"St. Georges Road","lat":"51.49542208631043","lng":"-0.10258376598358154","distance":"127","cc":"GB","city":"London","state":"Greater London","country":"United Kingdom"},"categories":[{"id":"4bf58dd8d48988d1fe931735","name":"Bus Station","pluralName":"Bus Stations","shortName":"Bus Station","icon":{"prefix":"https:\/\/ss1.4sqi.net\/img\/categories_v2\/travel\/busstation_","suffix":".png"},"primary":"true"}],"verified":"false","restricted":"true","stats":{"checkinsCount":"35","usersCount":"21","tipCount":"0"},"specials":{"count":"0"},"hereNow":{"count":"0"},"referralId":"v-1392478070"},{"id":"4f339fb8e4b0cc4cf7d9d7bb","name":"Typo","location":{"lat":"51.494862654395014","lng":"-0.10144317963119681","distance":"113","cc":"GB","country":"United Kingdom"},"verified":"false","restricted":"true","stats":{"checkinsCount":"11","usersCount":"4","tipCount":"0"},"specials":{"count":"0"},"hereNow":{"count":"0"},"referralId":"v-1392478070"},{"id":"4bbc88a2ed7776b0aab73f51","name":"Hannibal House","location":{"address":"Elephant & Castle","lat":"51.49411032736606","lng":"-0.10016746611133576","distance":"183","postalCode":"SE1 6TE","cc":"GB","city":"Elephant & Castle","state":"Greater London","country":"United Kingdom"},"categories":[{"id":"4bf58dd8d48988d130941735","name":"Building","pluralName":"Buildings","shortName":"Building","icon":{"prefix":"https:\/\/ss1.4sqi.net\/img\/categories_v2\/building\/default_","suffix":".png"},"primary":"true"}],"verified":"false","restricted":"true","stats":{"checkinsCount":"324","usersCount":"83","tipCount":"2"},"specials":{"count":"0"},"hereNow":{"count":"0"},"referralId":"v-1392478070"},{"id":"50f3f53ee4b03b38c75c0387","name":"D112","location":{"lat":"51.494361","lng":"-0.102359","distance":"31","cc":"GB","country":"United Kingdom"},"categories":[{"id":"4bf58dd8d48988d1a0941735","name":"College Classroom","pluralName":"College Classrooms","shortName":"Classroom","icon":{"prefix":"https:\/\/ss1.4sqi.net\/img\/categories_v2\/education\/classroom_","suffix":".png"},"primary":"true"}],"verified":"false","restricted":"true","stats":{"checkinsCount":"7","usersCount":"2","tipCount":"0"},"specials":{"count":"0"},"hereNow":{"count":"0"},"referralId":"v-1392478070"},{"id":"511a3e11e4b0f04136fb9755","name":"Sabor Peruano","location":{"lat":"51.49462162452315","lng":"-0.10106320200506204","distance":"126","cc":"GB","country":"United Kingdom"},"categories":[{"id":"4eb1bfa43b7b52c0e1adc2e8","name":"Peruvian Restaurant","pluralName":"Peruvian Restaurants","shortName":"Peruvian","icon":{"prefix":"https:\/\/ss1.4sqi.net\/img\/categories_v2\/food\/default_","suffix":".png"},"primary":"true"}],"verified":"false","restricted":"true","stats":{"checkinsCount":"10","usersCount":"7","tipCount":"1"},"specials":{"count":"0"},"hereNow":{"count":"0"},"referralId":"v-1392478070"},{"id":"50705fc9e4b0c34b4fef5a41","name":"Bus Stop R @ Elephant & Castle Station","location":{"lat":"51.493938","lng":"-0.100371","distance":"173","cc":"GB","country":"United Kingdom"},"categories":[{"id":"4bf58dd8d48988d1fe931735","name":"Bus Station","pluralName":"Bus Stations","shortName":"Bus Station","icon":{"prefix":"https:\/\/ss1.4sqi.net\/img\/categories_v2\/travel\/busstation_","suffix":".png"},"primary":"true"}],"verified":"false","restricted":"true","stats":{"checkinsCount":"24","usersCount":"14","tipCount":"0"},"specials":{"count":"0"},"hereNow":{"count":"0"},"referralId":"v-1392478070"},{"id":"52f63f7a498ee194d52cee2e","name":"Upper Street Gallery, University of the Arts London","location":{"address":"London College of Communications","lat":"51.495391845703125","lng":"-0.10200739651918411","distance":"134","cc":"GB","city":"London","state":"Greater London","country":"United Kingdom"},"categories":[{"id":"4bf58dd8d48988d1e2931735","name":"Art Gallery","pluralName":"Art Galleries","shortName":"Art Gallery","icon":{"prefix":"https:\/\/ss1.4sqi.net\/img\/categories_v2\/arts_entertainment\/artgallery_","suffix":".png"},"primary":"true"}],"verified":"false","restricted":"true","stats":{"checkinsCount":"1","usersCount":"1","tipCount":"0"},"specials":{"count":"0"},"hereNow":{"count":"0"},"referralId":"v-1392478070"},{"id":"4e8c1735b634adfa528248b4","name":"LCC Podium Lecture Theater","location":{"lat":"51.49468303134892","lng":"-0.10184402979807534","distance":"79","cc":"GB","city":"Camberwell","state":"Greater London","country":"United Kingdom"},"categories":[{"id":"4bf58dd8d48988d1ac941735","name":"College Theater","pluralName":"College Theaters","shortName":"Theater","icon":{"prefix":"https:\/\/ss1.4sqi.net\/img\/categories_v2\/education\/collegetheater_","suffix":".png"},"primary":"true"}],"verified":"false","restricted":"true","stats":{"checkinsCount":"33","usersCount":"19","tipCount":"0"},"specials":{"count":"0"},"hereNow":{"count":"0"},"referralId":"v-1392478070"},{"id":"4fa100c1e4b026ec6374e8b7","name":"LCC Main Lecture Theatre","location":{"lat":"51.494652424313934","lng":"-0.10124740987467802","distance":"115","cc":"GB","country":"United Kingdom"},"categories":[{"id":"4bf58dd8d48988d1ac941735","name":"College Theater","pluralName":"College Theaters","shortName":"Theater","icon":{"prefix":"https:\/\/ss1.4sqi.net\/img\/categories_v2\/education\/collegetheater_","suffix":".png"},"primary":"true"}],"verified":"false","restricted":"true","stats":{"checkinsCount":"38","usersCount":"21","tipCount":"0"},"specials":{"count":"0"},"hereNow":{"count":"0"},"referralId":"v-1392478070"},{"id":"4e970358b8f7d8c6910a71c2","name":"LCC Digital Studio","location":{"lat":"51.49397387141288","lng":"-0.10260423716258933","distance":"37","cc":"GB","city":"Southwark","state":"Greater London","country":"United Kingdom"},"categories":[{"id":"4d4b7104d754a06370d81259","name":"Arts & Entertainment","pluralName":"Arts & Entertainment","shortName":"Arts & Entertainment","icon":{"prefix":"https:\/\/ss1.4sqi.net\/img\/categories_v2\/arts_entertainment\/default_","suffix":".png"},"primary":"true"}],"verified":"false","restricted":"true","stats":{"checkinsCount":"7","usersCount":"4","tipCount":"0"},"specials":{"count":"0"},"hereNow":{"count":"0"},"referralId":"v-1392478070"},{"id":"51825b75498e53156353295a","name":"D109","location":{"lat":"51.494473","lng":"-0.102338","distance":"38","cc":"GB","country":"United Kingdom"},"categories":[{"id":"4bf58dd8d48988d1a0941735","name":"College Classroom","pluralName":"College Classrooms","shortName":"Classroom","icon":{"prefix":"https:\/\/ss1.4sqi.net\/img\/categories_v2\/education\/classroom_","suffix":".png"},"primary":"true"}],"verified":"false","restricted":"true","stats":{"checkinsCount":"1","usersCount":"1","tipCount":"0"},"specials":{"count":"0"},"hereNow":{"count":"0"},"referralId":"v-1392478070"},{"id":"52f0d52a498e2d79c4b4a6fb","name":"Bus Stop S - Elephant & Castle Station","location":{"lat":"51.493972","lng":"-0.100818","distance":"142","cc":"GB","country":"United Kingdom"},"categories":[{"id":"4bf58dd8d48988d1fe931735","name":"Bus Station","pluralName":"Bus Stations","shortName":"Bus Station","icon":{"prefix":"https:\/\/ss1.4sqi.net\/img\/categories_v2\/travel\/busstation_","suffix":".png"},"primary":"true"}],"verified":"false","restricted":"true","stats":{"checkinsCount":"1","usersCount":"1","tipCount":"0"},"specials":{"count":"0"},"hereNow":{"count":"0"},"referralId":"v-1392478070"},{"id":"4c7e6e305af8b60c40669210","name":"Princess Street Group Practice","location":{"lat":"51.495671","lng":"-0.102331","distance":"157","cc":"GB","country":"United Kingdom"},"categories":[{"id":"4bf58dd8d48988d104941735","name":"Medical Center","pluralName":"Medical Centers","shortName":"Medical","icon":{"prefix":"https:\/\/ss1.4sqi.net\/img\/categories_v2\/building\/medical_","suffix":".png"},"primary":"true"}],"verified":"false","restricted":"true","stats":{"checkinsCount":"56","usersCount":"23","tipCount":"2"},"specials":{"count":"0"},"hereNow":{"count":"0"},"referralId":"v-1392478070"}],"confident":"true"}}