{"meta":{"code":"200"},"response":{"venues":[{"id":"4b9151c5f964a520cbb233e3","name":"Asda","contact":{"phone":"+442075007900","formattedPhone":"+44 20 7500 7900"},"location":{"address":"Old Kent Rd","crossStreet":"Ossory Rd","lat":"51.48520460280602","lng":"-0.07153987884521484","distance":"523","postalCode":"SE1 5AG","cc":"GB","city":"London","state":"Greater London","country":"United Kingdom"},"categories":[{"id":"4bf58dd8d48988d118951735","name":"Grocery Store","pluralName":"Grocery Stores","shortName":"Grocery Store","icon":{"prefix":"https:\/\/ss1.4sqi.net\/img\/categories_v2\/shops\/food_grocery_","suffix":".png"},"primary":"true"}],"verified":"false","restricted":"true","stats":{"checkinsCount":"1202","usersCount":"466","tipCount":"4"},"specials":{"count":"0"},"hereNow":{"count":"0"},"referralId":"v-1392478087"},{"id":"4e552ea51838d8d1dad9d483","name":"The Old Bank","location":{"address":"Southwark","lat":"51.49053621940008","lng":"-0.06581263303530449","distance":"195","postalCode":"SE16","cc":"GB","city":"London","state":"Greater London","country":"United Kingdom"},"categories":[{"id":"4bf58dd8d48988d11b941735","name":"Pub","pluralName":"Pubs","shortName":"Pub","icon":{"prefix":"https:\/\/ss1.4sqi.net\/img\/categories_v2\/nightlife\/pub_","suffix":".png"},"primary":"true"}],"verified":"false","restricted":"true","stats":{"checkinsCount":"73","usersCount":"18","tipCount":"1"},"specials":{"count":"0"},"hereNow":{"count":"1","groups":[{"type":"others","name":"Other people here","count":"1"}]},"referralId":"v-1392478087"},{"id":"4bab25adf964a520d4963ae3","name":"City of London Academy","location":{"address":"240 Lynton Rd","lat":"51.48942865447284","lng":"-0.06566001972179057","distance":"149","cc":"GB","city":"Southwark","state":"Greater London","country":"United Kingdom"},"categories":[{"id":"4bf58dd8d48988d13d941735","name":"High School","pluralName":"High Schools","shortName":"High School","icon":{"prefix":"https:\/\/ss1.4sqi.net\/img\/categories_v2\/building\/school_","suffix":".png"},"primary":"true"}],"verified":"false","restricted":"true","stats":{"checkinsCount":"152","usersCount":"76","tipCount":"0"},"specials":{"count":"0"},"hereNow":{"count":"0"},"referralId":"v-1392478087"},{"id":"4dc2780845ddd5b5b6ac62d0","name":"St. Anne's Church","location":{"address":"Thorburn Square","lat":"51.49074983679502","lng":"-0.06958834061276921","distance":"204","postalCode":"SE1 5QH","cc":"GB","city":"Camberwell","state":"Greater London","country":"United Kingdom"},"categories":[{"id":"4bf58dd8d48988d132941735","name":"Church","pluralName":"Churches","shortName":"Church","icon":{"prefix":"https:\/\/ss1.4sqi.net\/img\/categories_v2\/building\/religious_church_","suffix":".png"},"primary":"true"}],"verified":"false","restricted":"true","stats":{"checkinsCount":"10","usersCount":"7","tipCount":"0"},"specials":{"count":"0"},"hereNow":{"count":"0"},"referralId":"v-1392478087"},{"id":"4ee347747ee5334d940f9c62","name":"Esmeralda Road Bus Stop JX","location":{"lat":"51.49043869171761","lng":"-0.06620680911562132","distance":"169","cc":"GB","country":"United Kingdom"},"categories":[{"id":"4bf58dd8d48988d12b951735","name":"Bus Line","pluralName":"Bus Lines","shortName":"Bus","icon":{"prefix":"https:\/\/ss1.4sqi.net\/img\/categories_v2\/travel\/busstation_","suffix":".png"},"primary":"true"}],"verified":"false","restricted":"true","stats":{"checkinsCount":"74","usersCount":"11","tipCount":"0"},"specials":{"count":"0"},"hereNow":{"count":"0"},"referralId":"v-1392478087"},{"id":"4b53381bf964a520c99227e3","name":"Tesco Express","contact":{"phone":"+448456757239","formattedPhone":"+44 845 675 7239","twitter":"uktescooffers"},"location":{"address":"186-188 Southwark Park Road","lat":"51.492256","lng":"-0.06717","distance":"333","postalCode":"SE16 3RP","cc":"GB","city":"Bermondsey","state":"Greater London","country":"United Kingdom"},"categories":[{"id":"4bf58dd8d48988d118951735","name":"Grocery Store","pluralName":"Grocery Stores","shortName":"Grocery Store","icon":{"prefix":"https:\/\/ss1.4sqi.net\/img\/categories_v2\/shops\/food_grocery_","suffix":".png"},"primary":"true"}],"verified":"true","restricted":"true","stats":{"checkinsCount":"314","usersCount":"90","tipCount":"1"},"url":"http:\/\/www.tesco.com","specials":{"count":"0"},"hereNow":{"count":"0"},"storeId":"6070","referralId":"v-1392478087"},{"id":"4e5b869418a8c2047525fca5","name":"Total Service Station","location":{"address":"St. James's Road","crossStreet":"Rolls Road","lat":"51.488390017260215","lng":"-0.06839007432893543","distance":"108","postalCode":"SE1","cc":"GB","city":"London","state":"Greater London","country":"United Kingdom"},"categories":[{"id":"4bf58dd8d48988d113951735","name":"Gas Station \/ Garage","pluralName":"Gas Stations \/ Garages","shortName":"Gas Station \/ Garage","icon":{"prefix":"https:\/\/ss1.4sqi.net\/img\/categories_v2\/shops\/gas_","suffix":".png"},"primary":"true"}],"verified":"false","restricted":"true","stats":{"checkinsCount":"26","usersCount":"10","tipCount":"0"},"specials":{"count":"0"},"hereNow":{"count":"0"},"referralId":"v-1392478087"},{"id":"4b50a50af964a520152b27e3","name":"Paterson Park","location":{"address":"Monnow Rd.","crossStreet":"Lynton Rd.","lat":"51.489052711092484","lng":"-0.06686210632324219","distance":"70","postalCode":"SE1 5","cc":"GB","city":"London","state":"Greater London","country":"United Kingdom"},"categories":[{"id":"4bf58dd8d48988d163941735","name":"Park","pluralName":"Parks","shortName":"Park","icon":{"prefix":"https:\/\/ss1.4sqi.net\/img\/categories_v2\/parks_outdoors\/park_","suffix":".png"},"primary":"true"}],"verified":"false","restricted":"true","stats":{"checkinsCount":"215","usersCount":"36","tipCount":"1"},"specials":{"count":"0"},"hereNow":{"count":"0"},"referralId":"v-1392478087"},{"id":"500ad431e4b02a36e9fb95a6","name":"Rollmer Corporation International","location":{"lat":"51.49216079711914","lng":"-0.06673820316791534","distance":"328","cc":"GB","country":"United Kingdom"},"categories":[{"id":"4bf58dd8d48988d118941735","name":"Dive Bar","pluralName":"Dive Bars","shortName":"Dive Bar","icon":{"prefix":"https:\/\/ss1.4sqi.net\/img\/categories_v2\/nightlife\/divebar_","suffix":".png"},"primary":"true"}],"verified":"false","restricted":"true","stats":{"checkinsCount":"65","usersCount":"8","tipCount":"1"},"specials":{"count":"0"},"hereNow":{"count":"0"},"referralId":"v-1392478087"},{"id":"4cf11aa2e9425481b92768c5","name":"Avondale Square Estate","location":{"crossStreet":"Old Kent Road","lat":"51.48852","lng":"-0.071637","distance":"279","postalCode":"SE1","cc":"GB","city":"Southwark","state":"Greater London","country":"United Kingdom"},"verified":"false","restricted":"true","stats":{"checkinsCount":"3","usersCount":"3","tipCount":"0"},"specials":{"count":"0"},"hereNow":{"count":"0"},"referralId":"v-1392478087"},{"id":"4f2ad192e4b05b4a411280c8","name":"UTA Training","location":{"address":"City Of London Academy","lat":"51.48932022232563","lng":"-0.06603772580979227","distance":"122","cc":"GB","country":"United Kingdom"},"categories":[{"id":"4bf58dd8d48988d1b2941735","name":"College Gym","pluralName":"College Gyms","shortName":"Gym","icon":{"prefix":"https:\/\/ss1.4sqi.net\/img\/categories_v2\/building\/gym_","suffix":".png"},"primary":"true"}],"verified":"false","restricted":"true","stats":{"checkinsCount":"8","usersCount":"5","tipCount":"0"},"specials":{"count":"0"},"hereNow":{"count":"0"},"referralId":"v-1392478087"},{"id":"4cee5f22f368b1f7205f80f7","name":"Malt Street Bus Stop","location":{"address":"478-488 Old Kent Rd","lat":"51.485367165579845","lng":"-0.06967183117646016","distance":"455","postalCode":"SE1 5","cc":"GB","city":"Camberwell","state":"Greater London","country":"United Kingdom"},"categories":[{"id":"4bf58dd8d48988d12b951735","name":"Bus Line","pluralName":"Bus Lines","shortName":"Bus","icon":{"prefix":"https:\/\/ss1.4sqi.net\/img\/categories_v2\/travel\/busstation_","suffix":".png"},"primary":"true"}],"verified":"false","restricted":"true","stats":{"checkinsCount":"59","usersCount":"33","tipCount":"0"},"specials":{"count":"0"},"hereNow":{"count":"0"},"referralId":"v-1392478087"},{"id":"4fa387c70039399ba5a7875c","name":"Sultan House","location":{"address":"St James Road","lat":"51.489533701793555","lng":"-0.06566047668457031","distance":"150","postalCode":"SE1 5LJ","cc":"GB","city":"Bermondsey","state":"Greater London","country":"United Kingdom"},"categories":[{"id":"4d954b06a243a5684965b473","name":"Residential Building (Apartment \/ Condo)","pluralName":"Residential Buildings (Apartments \/ Condos)","shortName":"Residential","icon":{"prefix":"https:\/\/ss1.4sqi.net\/img\/categories_v2\/building\/apartment_","suffix":".png"},"primary":"true"}],"verified":"false","restricted":"true","stats":{"checkinsCount":"40","usersCount":"5","tipCount":"1"},"specials":{"count":"0"},"hereNow":{"count":"0"},"referralId":"v-1392478087"},{"id":"4f12eab0e4b067f67119191c","name":"Morley's","location":{"lat":"51.49046441295248","lng":"-0.0661951535781217","distance":"171","cc":"GB","city":"Camberwell","state":"Greater London","country":"United Kingdom"},"categories":[{"id":"4bf58dd8d48988d14f941735","name":"Southern \/ Soul Food Restaurant","pluralName":"Southern \/ Soul Food Restaurants","shortName":"Southern \/ Soul","icon":{"prefix":"https:\/\/ss1.4sqi.net\/img\/categories_v2\/food\/southern_","suffix":".png"},"primary":"true"}],"verified":"false","restricted":"true","stats":{"checkinsCount":"2","usersCount":"0","tipCount":"0"},"specials":{"count":"0"},"hereNow":{"count":"0"},"referralId":"v-1392478087"},{"id":"4be15889a7380f47dfbc19b0","name":"The Co-operative Food","contact":{"phone":"+442072378827","formattedPhone":"+44 20 7237 8827","twitter":"cooperativefood","facebook":"10150110761225377"},"location":{"address":"193-221 Southwark Park Road, Bermondsey","lat":"51.492366099661986","lng":"-0.06411552429199219","distance":"427","postalCode":"SE16 3TS","cc":"GB","city":"London","state":"Greater London","country":"United Kingdom"},"categories":[{"id":"4bf58dd8d48988d118951735","name":"Grocery Store","pluralName":"Grocery Stores","shortName":"Grocery Store","icon":{"prefix":"https:\/\/ss1.4sqi.net\/img\/categories_v2\/shops\/food_grocery_","suffix":".png"},"primary":"true"}],"verified":"true","restricted":"true","stats":{"checkinsCount":"87","usersCount":"37","tipCount":"0"},"url":"http:\/\/co-operativefood.co.uk","specials":{"count":"0"},"hereNow":{"count":"0"},"storeId":"5000128100450","referralId":"v-1392478087"},{"id":"50e2663de4b0e421f99bc2ad","name":"Dreamland Record Shop UK","location":{"lat":"51.48936378792614","lng":"-0.0705419558114201","distance":"190","cc":"GB","country":"United Kingdom"},"categories":[{"id":"4bf58dd8d48988d10d951735","name":"Record Shop","pluralName":"Record Shops","shortName":"Record Shop","icon":{"prefix":"https:\/\/ss1.4sqi.net\/img\/categories_v2\/shops\/record_shop_","suffix":".png"},"primary":"true"}],"verified":"false","restricted":"true","stats":{"checkinsCount":"2","usersCount":"2","tipCount":"0"},"specials":{"count":"0"},"hereNow":{"count":"0"},"referralId":"v-1392478087"},{"id":"51460248e4b00b9d30bbca11","name":"Butovo","location":{"lat":"51.493904","lng":"-0.06961","distance":"528","cc":"GB","country":"United Kingdom"},"categories":[{"id":"4f2a25ac4b909258e854f55f","name":"Neighborhood","pluralName":"Neighborhoods","shortName":"Neighborhood","icon":{"prefix":"https:\/\/ss1.4sqi.net\/img\/categories_v2\/parks_outdoors\/neighborhood_","suffix":".png"},"primary":"true"}],"verified":"false","restricted":"true","stats":{"checkinsCount":"53","usersCount":"11","tipCount":"1"},"specials":{"count":"0"},"hereNow":{"count":"0"},"referralId":"v-1392478087"},{"id":"522afe7611d239b3590e5f5e","name":"Captain Cash","location":{"address":"Southwark Park Road","lat":"51.49228593987783","lng":"-0.06437301635742188","distance":"409","cc":"GB","country":"United Kingdom"},"categories":[{"id":"4bf58dd8d48988d1ff941735","name":"Miscellaneous Shop","pluralName":"Miscellaneous Shops","shortName":"Shop","icon":{"prefix":"https:\/\/ss1.4sqi.net\/img\/categories_v2\/shops\/default_","suffix":".png"},"primary":"true"}],"verified":"false","restricted":"true","stats":{"checkinsCount":"2","usersCount":"1","tipCount":"0"},"specials":{"count":"0"},"hereNow":{"count":"0"},"referralId":"v-1392478087"},{"id":"52d157d2498e8d897da1a02e","name":"Flowers by the bonsai","location":{"lat":"51.49179","lng":"-0.065236","distance":"330","cc":"GB","country":"United Kingdom"},"categories":[{"id":"4bf58dd8d48988d11b951735","name":"Flower Shop","pluralName":"Flower Shops","shortName":"Flower Shop","icon":{"prefix":"https:\/\/ss1.4sqi.net\/img\/categories_v2\/shops\/flowershop_","suffix":".png"},"primary":"true"}],"verified":"false","restricted":"true","stats":{"checkinsCount":"2","usersCount":"1","tipCount":"0"},"specials":{"count":"0"},"hereNow":{"count":"0"},"referralId":"v-1392478087"},{"id":"4cb818c690c9a14392b07cd6","name":"Lou Farrow's Pie 'n' Mash & Cafe","location":{"address":"Southwark Park Road","lat":"51.49149282698778","lng":"-0.06764577726651413","distance":"245","postalCode":"SE16","cc":"GB","city":"London","state":"Greater London","country":"United Kingdom"},"categories":[{"id":"4bf58dd8d48988d16d941735","name":"Caf\u00e9","pluralName":"Caf\u00e9s","shortName":"Caf\u00e9","icon":{"prefix":"https:\/\/ss1.4sqi.net\/img\/categories_v2\/food\/cafe_","suffix":".png"},"primary":"true"}],"verified":"false","restricted":"true","stats":{"checkinsCount":"11","usersCount":"10","tipCount":"1"},"specials":{"count":"0"},"hereNow":{"count":"0"},"referralId":"v-1392478087"},{"id":"4c07ff16340720a1516f8293","name":"St. James Supermarket","location":{"address":"191 Southwark Park Road","lat":"51.49106493951408","lng":"-0.06557473756742181","distance":"250","cc":"GB","city":"Bermondsey","state":"Greater London","country":"United Kingdom"},"categories":[{"id":"4bf58dd8d48988d118951735","name":"Grocery Store","pluralName":"Grocery Stores","shortName":"Grocery Store","icon":{"prefix":"https:\/\/ss1.4sqi.net\/img\/categories_v2\/shops\/food_grocery_","suffix":".png"},"primary":"true"}],"verified":"false","restricted":"true","stats":{"checkinsCount":"129","usersCount":"20","tipCount":"2"},"specials":{"count":"0"},"hereNow":{"count":"0"},"referralId":"v-1392478087"},{"id":"4b9240cff964a52085ee33e3","name":"Adam cafe","location":{"address":"3 market place","lat":"51.49139008046697","lng":"-0.06737662321928974","distance":"235","postalCode":"SE16","cc":"GB","country":"United Kingdom"},"categories":[{"id":"4bf58dd8d48988d16d941735","name":"Caf\u00e9","pluralName":"Caf\u00e9s","shortName":"Caf\u00e9","icon":{"prefix":"https:\/\/ss1.4sqi.net\/img\/categories_v2\/food\/cafe_","suffix":".png"},"primary":"true"}],"verified":"false","restricted":"true","stats":{"checkinsCount":"8","usersCount":"5","tipCount":"0"},"specials":{"count":"0"},"hereNow":{"count":"0"},"referralId":"v-1392478087"},{"id":"52c3085611d2dba4968f3b0c","name":"Subway","location":{"address":"Old Kent Road","lat":"51.48519515991211","lng":"-0.06954990327358246","distance":"471","cc":"GB","city":"London","state":"Greater London","country":"United Kingdom"},"categories":[{"id":"4bf58dd8d48988d16e941735","name":"Fast Food Restaurant","pluralName":"Fast Food Restaurants","shortName":"Fast Food","icon":{"prefix":"https:\/\/ss1.4sqi.net\/img\/categories_v2\/food\/fastfood_","suffix":".png"},"primary":"true"}],"verified":"false","restricted":"true","stats":{"checkinsCount":"2","usersCount":"2","tipCount":"1"},"specials":{"count":"0"},"hereNow":{"count":"0"},"referralId":"v-1392478087"},{"id":"50754557e4b0aadb12f18e87","name":"Hairy Jock Strap Club","location":{"lat":"51.489224916537495","lng":"-0.0710860226940415","distance":"227","cc":"GB","country":"United Kingdom"},"categories":[{"id":"4bf58dd8d48988d1d6941735","name":"Strip Club","pluralName":"Strip Clubs","shortName":"Strip Club","icon":{"prefix":"https:\/\/ss1.4sqi.net\/img\/categories_v2\/nightlife\/stripclub_","suffix":".png"},"primary":"true"}],"verified":"false","restricted":"true","stats":{"checkinsCount":"30","usersCount":"9","tipCount":"1"},"specials":{"count":"0"},"hereNow":{"count":"0"},"referralId":"v-1392478087"},{"id":"4d0cc3521f6bf04d1a347931","name":"Star Burger","contact":{"phone":"+442072320340","formattedPhone":"+44 20 7232 0340","twitter":"hulusikadir"},"location":{"address":"13 Market Place","lat":"51.492313247767385","lng":"-0.0637295336428483","distance":"439","postalCode":"SE16 3UQ","cc":"GB","city":"Bermondsey","state":"Greater London","country":"United Kingdom"},"categories":[{"id":"4bf58dd8d48988d143941735","name":"Breakfast Spot","pluralName":"Breakfast Spots","shortName":"Breakfast","icon":{"prefix":"https:\/\/ss1.4sqi.net\/img\/categories_v2\/food\/breakfast_","suffix":".png"},"primary":"true"}],"verified":"false","restricted":"true","stats":{"checkinsCount":"36","usersCount":"7","tipCount":"0"},"specials":{"count":"0"},"hereNow":{"count":"0"},"referralId":"v-1392478087"},{"id":"52ca9722498ece9a4810eb2a","name":"St. James Supermarket (24 hours)","location":{"lat":"51.49239730834961","lng":"-0.06543269753456116","distance":"383","cc":"GB","country":"United Kingdom"},"categories":[{"id":"4bf58dd8d48988d1f9941735","name":"Food & Drink Shop","pluralName":"Food & Drink Shops","shortName":"Food & Drink","icon":{"prefix":"https:\/\/ss1.4sqi.net\/img\/categories_v2\/shops\/foodanddrink_","suffix":".png"},"primary":"true"}],"verified":"false","restricted":"true","stats":{"checkinsCount":"1","usersCount":"1","tipCount":"0"},"specials":{"count":"0"},"hereNow":{"count":"0"},"referralId":"v-1392478087"},{"id":"4e8b04a0be7b5e7d96376a45","name":"Dickens Inn","location":{"lat":"51.491555447886114","lng":"-0.06679291737946852","distance":"261","cc":"GB","country":"United Kingdom"},"categories":[{"id":"4bf58dd8d48988d116941735","name":"Bar","pluralName":"Bars","shortName":"Bar","icon":{"prefix":"https:\/\/ss1.4sqi.net\/img\/categories_v2\/nightlife\/bar_","suffix":".png"},"primary":"true"}],"verified":"false","restricted":"true","stats":{"checkinsCount":"5","usersCount":"5","tipCount":"0"},"specials":{"count":"0"},"hereNow":{"count":"0"},"referralId":"v-1392478087"},{"id":"4ea15d0b7ee52a35dc6ba0ab","name":"Universal House","location":{"lat":"51.48589862892568","lng":"-0.0644827025411325","distance":"442","cc":"GB","city":"Camberwell","state":"Greater London","country":"United Kingdom"},"categories":[{"id":"4bf58dd8d48988d130941735","name":"Building","pluralName":"Buildings","shortName":"Building","icon":{"prefix":"https:\/\/ss1.4sqi.net\/img\/categories_v2\/building\/default_","suffix":".png"},"primary":"true"}],"verified":"false","restricted":"true","stats":{"checkinsCount":"16","usersCount":"4","tipCount":"0"},"specials":{"count":"0"},"hereNow":{"count":"0"},"referralId":"v-1392478087"},{"id":"520fe6bb11d284d489216422","name":"St Augustine's Vicarage","location":{"lat":"51.489349","lng":"-0.063866","distance":"272","cc":"GB","country":"United Kingdom"},"categories":[{"id":"4d954b06a243a5684965b473","name":"Residential Building (Apartment \/ Condo)","pluralName":"Residential Buildings (Apartments \/ Condos)","shortName":"Residential","icon":{"prefix":"https:\/\/ss1.4sqi.net\/img\/categories_v2\/building\/apartment_","suffix":".png"},"primary":"true"}],"verified":"false","restricted":"true","stats":{"checkinsCount":"1","usersCount":"1","tipCount":"0"},"specials":{"count":"0"},"hereNow":{"count":"0"},"referralId":"v-1392478087"},{"id":"4f4e5076e4b0774b576ad586","name":"Astley Cooper Tenants Hall","location":{"lat":"51.489322","lng":"-0.07208","distance":"296","cc":"GB","country":"United Kingdom"},"categories":[{"id":"4bf58dd8d48988d130941735","name":"Building","pluralName":"Buildings","shortName":"Building","icon":{"prefix":"https:\/\/ss1.4sqi.net\/img\/categories_v2\/building\/default_","suffix":".png"},"primary":"true"}],"verified":"false","restricted":"true","stats":{"checkinsCount":"1","usersCount":"1","tipCount":"0"},"specials":{"count":"0"},"hereNow":{"count":"0"},"referralId":"v-1392478087"}],"confident":"true"}}