{"meta":{"code":"200"},"response":{"venues":[{"id":"50d5a869e4b07f4e5c86d420","name":"Elephant & Castle","location":{"lat":"51.49431355394777","lng":"-0.09563316302849269","distance":"196","cc":"GB","country":"United Kingdom"},"categories":[{"id":"4f2a25ac4b909258e854f55f","name":"Neighborhood","pluralName":"Neighborhoods","shortName":"Neighborhood","icon":{"prefix":"https:\/\/ss1.4sqi.net\/img\/categories_v2\/parks_outdoors\/neighborhood_","suffix":".png"},"primary":"true"}],"verified":"false","restricted":"true","stats":{"checkinsCount":"203","usersCount":"129","tipCount":"0"},"specials":{"count":"0"},"hereNow":{"count":"0"},"referralId":"v-1392478071"},{"id":"4c2601b7f1272d7f6eb285c5","name":"Kwik-Fit","location":{"address":"New Kent Road","lat":"51.49396656954464","lng":"-0.09265972271125938","distance":"37","cc":"GB","city":"Southwark","state":"Greater London","country":"United Kingdom"},"categories":[{"id":"4bf58dd8d48988d124951735","name":"Automotive Shop","pluralName":"Automotive Shops","shortName":"Automotive","icon":{"prefix":"https:\/\/ss1.4sqi.net\/img\/categories_v2\/shops\/automotive_","suffix":".png"},"primary":"true"}],"verified":"false","restricted":"true","stats":{"checkinsCount":"30","usersCount":"26","tipCount":"1"},"specials":{"count":"0"},"hereNow":{"count":"0"},"referralId":"v-1392478071"},{"id":"5063eff1e4b05ef2f2df018b","name":"Restup London","location":{"address":"172 New Kent Road","lat":"51.494007","lng":"-0.090508","distance":"162","cc":"GB","city":"London","state":"Greater London","country":"United Kingdom"},"categories":[{"id":"4bf58dd8d48988d1ee931735","name":"Hostel","pluralName":"Hostels","shortName":"Hostel","icon":{"prefix":"https:\/\/ss1.4sqi.net\/img\/categories_v2\/travel\/hostel_","suffix":".png"},"primary":"true"}],"verified":"false","restricted":"true","stats":{"checkinsCount":"629","usersCount":"348","tipCount":"14"},"specials":{"count":"0"},"hereNow":{"count":"0"},"referralId":"v-1392478071"},{"id":"528a637011d2863860f56a4a","name":"Globe Academy","location":{"lat":"51.49468544468143","lng":"-0.09230104468319776","distance":"56","cc":"GB","country":"United Kingdom"},"categories":[{"id":"4f4533814b9074f6e4fb0106","name":"Middle School","pluralName":"Middle Schools","shortName":"Middle School","icon":{"prefix":"https:\/\/ss1.4sqi.net\/img\/categories_v2\/building\/school_","suffix":".png"},"primary":"true"}],"verified":"false","restricted":"true","stats":{"checkinsCount":"6","usersCount":"3","tipCount":"0"},"specials":{"count":"0"},"hereNow":{"count":"0"},"referralId":"v-1392478071"},{"id":"51d9b134498e3561cc7c13b3","name":"The Rising Sun","location":{"lat":"51.49476190015707","lng":"-0.09307526041513402","distance":"55","cc":"GB","country":"United Kingdom"},"categories":[{"id":"4bf58dd8d48988d11b941735","name":"Pub","pluralName":"Pubs","shortName":"Pub","icon":{"prefix":"https:\/\/ss1.4sqi.net\/img\/categories_v2\/nightlife\/pub_","suffix":".png"},"primary":"true"}],"verified":"false","restricted":"true","stats":{"checkinsCount":"11","usersCount":"10","tipCount":"0"},"specials":{"count":"0"},"hereNow":{"count":"0"},"referralId":"v-1392478071"},{"id":"4c1bf03b63750f47aebbb567","name":"Lebanese Grill","contact":{"phone":"+442074071155","formattedPhone":"+44 20 7407 1155"},"location":{"address":"173 New Kent Rd.","lat":"51.49418279122091","lng":"-0.09154720471953885","distance":"87","postalCode":"SE1 4AG","cc":"GB","city":"Southwark","state":"Greater London","country":"United Kingdom"},"categories":[{"id":"4bf58dd8d48988d115941735","name":"Middle Eastern Restaurant","pluralName":"Middle Eastern Restaurants","shortName":"Middle Eastern","icon":{"prefix":"https:\/\/ss1.4sqi.net\/img\/categories_v2\/food\/default_","suffix":".png"},"primary":"true"}],"verified":"false","restricted":"true","stats":{"checkinsCount":"82","usersCount":"46","tipCount":"5"},"specials":{"count":"0"},"hereNow":{"count":"0"},"referralId":"v-1392478071"},{"id":"4c14e792a1010f47b3134d18","name":"BP Petrol Station","location":{"address":"New Kent Road","lat":"51.494263890009556","lng":"-0.09101549015527201","distance":"123","cc":"GB","country":"United Kingdom"},"categories":[{"id":"4bf58dd8d48988d113951735","name":"Gas Station \/ Garage","pluralName":"Gas Stations \/ Garages","shortName":"Gas Station \/ Garage","icon":{"prefix":"https:\/\/ss1.4sqi.net\/img\/categories_v2\/shops\/gas_","suffix":".png"},"primary":"true"}],"verified":"false","restricted":"true","stats":{"checkinsCount":"61","usersCount":"43","tipCount":"1"},"specials":{"count":"0"},"hereNow":{"count":"0"},"referralId":"v-1392478071"},{"id":"4e00c1f4d1647696f1213399","name":"TfL Barclays Cycle Hire - New Kent Road","location":{"address":"New Kent Rd.","crossStreet":"New Kent Road","lat":"51.49443684523344","lng":"-0.09299755096435547","distance":"21","postalCode":"SE1","cc":"GB","city":"Borough","country":"United Kingdom"},"categories":[{"id":"4e4c9077bd41f78e849722f9","name":"Bike Rental \/ Bike Share","pluralName":"Bike Rentals \/ Bike Shares","shortName":"Bike","icon":{"prefix":"https:\/\/ss1.4sqi.net\/img\/categories_v2\/shops\/bikeshop_","suffix":".png"},"primary":"true"}],"verified":"false","restricted":"true","stats":{"checkinsCount":"59","usersCount":"16","tipCount":"1"},"specials":{"count":"0"},"hereNow":{"count":"0"},"referralId":"v-1392478071"},{"id":"4fae29d4e4b097c37e2f17ca","name":"Cafe Reality","location":{"lat":"51.494171142578125","lng":"-0.09172829985618591","distance":"75","cc":"GB","country":"United Kingdom"},"categories":[{"id":"4bf58dd8d48988d143941735","name":"Breakfast Spot","pluralName":"Breakfast Spots","shortName":"Breakfast","icon":{"prefix":"https:\/\/ss1.4sqi.net\/img\/categories_v2\/food\/breakfast_","suffix":".png"},"primary":"true"}],"verified":"false","restricted":"true","stats":{"checkinsCount":"22","usersCount":"10","tipCount":"1"},"specials":{"count":"0"},"hereNow":{"count":"0"},"referralId":"v-1392478071"},{"id":"4d6a7660fd7ea35dc128b24a","name":"Rodney Place","location":{"lat":"51.494155035696664","lng":"-0.09389255278942135","distance":"76","cc":"GB","country":"United Kingdom"},"categories":[{"id":"4bf58dd8d48988d1fe931735","name":"Bus Station","pluralName":"Bus Stations","shortName":"Bus Station","icon":{"prefix":"https:\/\/ss1.4sqi.net\/img\/categories_v2\/travel\/busstation_","suffix":".png"},"primary":"true"}],"verified":"false","restricted":"true","stats":{"checkinsCount":"134","usersCount":"40","tipCount":"1"},"specials":{"count":"0"},"hereNow":{"count":"0"},"referralId":"v-1392478071"},{"id":"4ce7bb9ef1c6236a544e5bf0","name":"New Kent Road","contact":{"phone":"+442074079174","formattedPhone":"+44 20 7407 9174","twitter":"lsbu"},"location":{"address":"83 New Kent Rd.","lat":"51.49440507904834","lng":"-0.09601773551491233","distance":"223","postalCode":"SE1 6RD","cc":"GB","city":"London","state":"Greater London","country":"United Kingdom"},"categories":[{"id":"4bf58dd8d48988d1a3941735","name":"College Residence Hall","pluralName":"College Residence Halls","shortName":"Residence Hall","icon":{"prefix":"https:\/\/ss1.4sqi.net\/img\/categories_v2\/education\/residencehall_","suffix":".png"},"primary":"true"}],"verified":"false","restricted":"true","stats":{"checkinsCount":"412","usersCount":"102","tipCount":"1"},"specials":{"count":"0"},"hereNow":{"count":"0"},"referralId":"v-1392478071"},{"id":"50e6cee2e4b0bf941b0d3129","name":"Tesco Express","location":{"address":"New Kent Rd","lat":"51.49417783431109","lng":"-0.09205287633468308","distance":"53","cc":"GB","city":"London","state":"Greater London","country":"United Kingdom"},"categories":[{"id":"4bf58dd8d48988d118951735","name":"Grocery Store","pluralName":"Grocery Stores","shortName":"Grocery Store","icon":{"prefix":"https:\/\/ss1.4sqi.net\/img\/categories_v2\/shops\/food_grocery_","suffix":".png"},"primary":"true"}],"verified":"false","restricted":"true","stats":{"checkinsCount":"39","usersCount":"22","tipCount":"0"},"specials":{"count":"0"},"hereNow":{"count":"0"},"referralId":"v-1392478071"},{"id":"4e5544aed16452af67a92948","name":"Marks & Spencer","location":{"address":"New Kent Road","lat":"51.493963169401646","lng":"-0.0908665070556663","distance":"139","cc":"GB","city":"London","state":"Greater London","country":"United Kingdom"},"categories":[{"id":"4bf58dd8d48988d118951735","name":"Grocery Store","pluralName":"Grocery Stores","shortName":"Grocery Store","icon":{"prefix":"https:\/\/ss1.4sqi.net\/img\/categories_v2\/shops\/food_grocery_","suffix":".png"},"primary":"true"}],"verified":"false","restricted":"true","stats":{"checkinsCount":"47","usersCount":"37","tipCount":"0"},"specials":{"count":"0"},"hereNow":{"count":"0"},"referralId":"v-1392478071"},{"id":"519abbd5e4b035e0646ae391","name":"New Kent Road General Store","location":{"lat":"51.494335","lng":"-0.091798","distance":"69","cc":"GB","country":"United Kingdom"},"categories":[{"id":"4d954b0ea243a5684a65b473","name":"Convenience Store","pluralName":"Convenience Stores","shortName":"Convenience Stores","icon":{"prefix":"https:\/\/ss1.4sqi.net\/img\/categories_v2\/shops\/conveniencestore_","suffix":".png"},"primary":"true"}],"verified":"false","restricted":"true","stats":{"checkinsCount":"1","usersCount":"1","tipCount":"0"},"specials":{"count":"0"},"hereNow":{"count":"0"},"referralId":"v-1392478071"},{"id":"4d569786cff7721e5186b7f5","name":"Heygate Estate","location":{"address":"Heygate Estate","crossStreet":"at Rodney Pl","lat":"51.49324784798508","lng":"-0.0960874557495117","distance":"255","cc":"GB","city":"Walworth","state":"Greater London","country":"United Kingdom"},"categories":[{"id":"4deefb944765f83613cdba6e","name":"Historic Site","pluralName":"Historic Sites","shortName":"Historic Site","icon":{"prefix":"https:\/\/ss1.4sqi.net\/img\/categories_v2\/arts_entertainment\/historicsite_","suffix":".png"},"primary":"true"}],"verified":"false","restricted":"true","stats":{"checkinsCount":"239","usersCount":"72","tipCount":"2"},"specials":{"count":"0"},"hereNow":{"count":"0"},"referralId":"v-1392478071"},{"id":"4f368f1ae4b0d26ba00a0dfc","name":"Tower Bridge Care Home","location":{"lat":"51.49463998181656","lng":"-0.09382040257266708","distance":"80","cc":"GB","country":"United Kingdom"},"verified":"false","restricted":"true","stats":{"checkinsCount":"10","usersCount":"3","tipCount":"0"},"specials":{"count":"0"},"hereNow":{"count":"0"},"referralId":"v-1392478071"},{"id":"526b9a0511d288389a49ecbc","name":"Bus Stop J - Elephant & Castle\/New Kent Road","location":{"lat":"51.495003792446965","lng":"-0.09812272726942486","distance":"377","cc":"GB","country":"United Kingdom"},"categories":[{"id":"4bf58dd8d48988d1fe931735","name":"Bus Station","pluralName":"Bus Stations","shortName":"Bus Station","icon":{"prefix":"https:\/\/ss1.4sqi.net\/img\/categories_v2\/travel\/busstation_","suffix":".png"},"primary":"true"}],"verified":"false","restricted":"true","stats":{"checkinsCount":"19","usersCount":"3","tipCount":"0"},"specials":{"count":"0"},"hereNow":{"count":"0"},"referralId":"v-1392478071"},{"id":"522f7b2c8abfe94118bd2da4","name":"Shebele Ethiopian Restaurant","location":{"address":"189-191 New Kent Rd.","lat":"51.4942570390005","lng":"-0.0906327749995626","distance":"150","postalCode":"SE1 4AG","cc":"GB","city":"London","state":"Greater London","country":"United Kingdom"},"categories":[{"id":"4bf58dd8d48988d1c4941735","name":"Restaurant","pluralName":"Restaurants","shortName":"Restaurant","icon":{"prefix":"https:\/\/ss1.4sqi.net\/img\/categories_v2\/food\/default_","suffix":".png"},"primary":"true"}],"verified":"false","restricted":"true","stats":{"checkinsCount":"1","usersCount":"1","tipCount":"0"},"url":"http:\/\/www.shebele.co.uk","reservations":{"url":"http:\/\/www.toptable.co.uk\/single.aspx?rid=97164&ref=9601"},"menu":{"type":"Menu","label":"Menu","anchor":"View Menu","url":"https:\/\/foursquare.com\/v\/shebele-ethiopian-restaurant\/522f7b2c8abfe94118bd2da4\/menu","mobileUrl":"https:\/\/foursquare.com\/v\/522f7b2c8abfe94118bd2da4\/device_menu"},"specials":{"count":"0"},"hereNow":{"count":"0"},"referralId":"v-1392478071"},{"id":"4feb35b9e4b009d74ac14cf9","name":"Globe academy","location":{"lat":"51.49479429943456","lng":"-0.0909022275240869","distance":"143","cc":"GB","country":"United Kingdom"},"categories":[{"id":"4bf58dd8d48988d1ab941735","name":"Student Center","pluralName":"Student Centers","shortName":"Student Center","icon":{"prefix":"https:\/\/ss1.4sqi.net\/img\/categories_v2\/education\/studentcenter_","suffix":".png"},"primary":"true"}],"verified":"false","restricted":"true","stats":{"checkinsCount":"27","usersCount":"14","tipCount":"0"},"specials":{"count":"0"},"hereNow":{"count":"0"},"referralId":"v-1392478071"},{"id":"4e2ad26562e144b5d3a52394","name":"Crown and Anchor","location":{"address":"116 New Kent Rd.","lat":"51.494221944900374","lng":"-0.09438110735364652","distance":"109","postalCode":"SE1 6TU","cc":"GB","city":"Camberwell","state":"Greater London","country":"United Kingdom"},"categories":[{"id":"4bf58dd8d48988d11b941735","name":"Pub","pluralName":"Pubs","shortName":"Pub","icon":{"prefix":"https:\/\/ss1.4sqi.net\/img\/categories_v2\/nightlife\/pub_","suffix":".png"},"primary":"true"}],"verified":"false","restricted":"true","stats":{"checkinsCount":"23","usersCount":"16","tipCount":"2"},"specials":{"count":"0"},"hereNow":{"count":"0"},"referralId":"v-1392478071"},{"id":"4e2ca085b61cd01083822f23","name":"Malzza","location":{"lat":"51.493637","lng":"-0.091752","distance":"102","cc":"GB","city":"\ucea0\ubc8c\uc6f0","country":"United Kingdom"},"categories":[{"id":"4bf58dd8d48988d1f8931735","name":"Bed & Breakfast","pluralName":"Bed & Breakfasts","shortName":"B & B","icon":{"prefix":"https:\/\/ss1.4sqi.net\/img\/categories_v2\/travel\/bedandbreakfast_","suffix":".png"},"primary":"true"}],"verified":"false","restricted":"true","stats":{"checkinsCount":"2","usersCount":"2","tipCount":"0"},"specials":{"count":"0"},"hereNow":{"count":"0"},"referralId":"v-1392478071"},{"id":"4d7a2272f87b236a7e453b1f","name":"Baitul-Aziz Mosque","location":{"address":"Dickens Square","lat":"51.4974139688939","lng":"-0.09470271549239455","distance":"371","cc":"GB","city":"London","state":"Greater London","country":"United Kingdom"},"categories":[{"id":"4bf58dd8d48988d138941735","name":"Mosque","pluralName":"Mosques","shortName":"Mosque","icon":{"prefix":"https:\/\/ss1.4sqi.net\/img\/categories_v2\/building\/religious_mosque_","suffix":".png"},"primary":"true"}],"verified":"false","restricted":"true","stats":{"checkinsCount":"121","usersCount":"39","tipCount":"0"},"specials":{"count":"0"},"hereNow":{"count":"0"},"referralId":"v-1392478071"},{"id":"4d6d6c6f423d54810708eeb1","name":"Boiler room","location":{"lat":"51.4952427148819","lng":"-0.09350180625915527","distance":"116","postalCode":"SE17 1","cc":"GB","city":"Camberwell","state":"Greater London","country":"United Kingdom"},"categories":[{"id":"4bf58dd8d48988d1d4941735","name":"Speakeasy","pluralName":"Speakeasies","shortName":"Speakeasy","icon":{"prefix":"https:\/\/ss1.4sqi.net\/img\/categories_v2\/nightlife\/secretbar_","suffix":".png"},"primary":"true"}],"verified":"false","restricted":"true","stats":{"checkinsCount":"10","usersCount":"6","tipCount":"0"},"specials":{"count":"0"},"hereNow":{"count":"0"},"referralId":"v-1392478071"},{"id":"4ef359e0b8f7f381f7f666d3","name":"Mojo Manor","location":{"address":"Shaftesbury Court","lat":"51.4969","lng":"-0.090958","distance":"317","cc":"GB","city":"London","state":"Greater London","country":"United Kingdom"},"categories":[{"id":"4bf58dd8d48988d18d941735","name":"Gaming Cafe","pluralName":"Gaming Cafes","shortName":"Gaming Cafe","icon":{"prefix":"https:\/\/ss1.4sqi.net\/img\/categories_v2\/shops\/gamingcafe_","suffix":".png"},"primary":"true"}],"verified":"false","restricted":"true","stats":{"checkinsCount":"81","usersCount":"12","tipCount":"0"},"specials":{"count":"0"},"hereNow":{"count":"0"},"referralId":"v-1392478071"},{"id":"518fee1a498ea99a84046dd9","name":"Balfour Street","location":{"lat":"51.493445","lng":"-0.091566","distance":"127","cc":"GB","country":"United Kingdom"},"categories":[{"id":"50328a8e91d4c4b30a586d6c","name":"Non-Profit","pluralName":"Non-Profits","shortName":"Non-Profit","icon":{"prefix":"https:\/\/ss1.4sqi.net\/img\/categories_v2\/building\/default_","suffix":".png"},"primary":"true"}],"verified":"false","restricted":"true","stats":{"checkinsCount":"1","usersCount":"1","tipCount":"0"},"specials":{"count":"0"},"hereNow":{"count":"0"},"referralId":"v-1392478071"},{"id":"5155f090e4b02a486f6c52ac","name":"Crossway United Reform Church","location":{"lat":"51.494187","lng":"-0.094676","distance":"130","cc":"GB","country":"United Kingdom"},"categories":[{"id":"4bf58dd8d48988d130941735","name":"Building","pluralName":"Buildings","shortName":"Building","icon":{"prefix":"https:\/\/ss1.4sqi.net\/img\/categories_v2\/building\/default_","suffix":".png"},"primary":"true"}],"verified":"false","restricted":"true","stats":{"checkinsCount":"1","usersCount":"1","tipCount":"0"},"specials":{"count":"0"},"hereNow":{"count":"0"},"referralId":"v-1392478071"},{"id":"51339648e4b0a2e133eba44b","name":"Bus Stop BT","location":{"lat":"51.494046","lng":"-0.094678","distance":"132","cc":"GB","country":"United Kingdom"},"categories":[{"id":"4bf58dd8d48988d1fe931735","name":"Bus Station","pluralName":"Bus Stations","shortName":"Bus Station","icon":{"prefix":"https:\/\/ss1.4sqi.net\/img\/categories_v2\/travel\/busstation_","suffix":".png"},"primary":"true"}],"verified":"false","restricted":"true","stats":{"checkinsCount":"1","usersCount":"1","tipCount":"0"},"specials":{"count":"0"},"hereNow":{"count":"0"},"referralId":"v-1392478071"},{"id":"50aaa47ae4b00e0a779fed66","name":"The Co-operative Food","contact":{"twitter":"cooperativefood"},"location":{"address":"Great Dover St.","crossStreet":"Blackhorse Court","lat":"51.49654757293984","lng":"-0.08835196495056151","distance":"397","postalCode":"SE1","cc":"GB","city":"London","state":"Greater London","country":"United Kingdom"},"categories":[{"id":"4bf58dd8d48988d118951735","name":"Grocery Store","pluralName":"Grocery Stores","shortName":"Grocery Store","icon":{"prefix":"https:\/\/ss1.4sqi.net\/img\/categories_v2\/shops\/food_grocery_","suffix":".png"},"primary":"true"}],"verified":"false","restricted":"true","stats":{"checkinsCount":"34","usersCount":"19","tipCount":"2"},"specials":{"count":"0"},"hereNow":{"count":"0"},"referralId":"v-1392478071"},{"id":"522e6ffc4dcb9d240ce1f130","name":"Habesha","location":{"address":"189 - 191 New Kent Rd. Elephant And Castle","lat":"51.4942570390005","lng":"-0.0906944179995435","distance":"146","postalCode":"SE1 4AG","cc":"GB","city":"London","state":"Greater London","country":"United Kingdom"},"categories":[{"id":"4bf58dd8d48988d1c4941735","name":"Restaurant","pluralName":"Restaurants","shortName":"Restaurant","icon":{"prefix":"https:\/\/ss1.4sqi.net\/img\/categories_v2\/food\/default_","suffix":".png"},"primary":"true"}],"verified":"false","restricted":"true","stats":{"checkinsCount":"0","usersCount":"0","tipCount":"0"},"url":"http:\/\/www.habeshalondon.co.uk","menu":{"type":"Menu","label":"Menu","anchor":"View Menu","url":"https:\/\/foursquare.com\/v\/habesha\/522e6ffc4dcb9d240ce1f130\/menu","mobileUrl":"https:\/\/foursquare.com\/v\/522e6ffc4dcb9d240ce1f130\/device_menu"},"specials":{"count":"0"},"hereNow":{"count":"0"},"referralId":"v-1392478071"},{"id":"5167c5cf72da21989f823acf","name":"The Warehouse Sports & Performing Arts Centre","contact":{"phone":"+442088558289","formattedPhone":"+44 20 8855 8289"},"location":{"address":"Speranza St","crossStreet":"Quilter St","lat":"51.49557237545021","lng":"-0.09207487106323241","distance":"151","postalCode":"SE18 1NX","cc":"GB","city":"Plumstead","state":"Greater London","country":"United Kingdom"},"verified":"false","restricted":"true","stats":{"checkinsCount":"0","usersCount":"0","tipCount":"3"},"specials":{"count":"0"},"hereNow":{"count":"0"},"referralId":"v-1392478071"}],"confident":"true"}}