{"meta":{"code":"200"},"response":{"venues":[{"id":"4b8c276bf964a52006c132e3","name":"Dolphin Square","contact":{"phone":"+442077988000","formattedPhone":"+44 20 7798 8000"},"location":{"address":"Chichester St.","lat":"51.48728903510795","lng":"-0.13666391372680664","distance":"343","postalCode":"SW1V 3LX","cc":"GB","city":"London","state":"Greater London","country":"United Kingdom"},"categories":[{"id":"4bf58dd8d48988d164941735","name":"Plaza","pluralName":"Plazas","shortName":"Plaza","icon":{"prefix":"https:\/\/ss1.4sqi.net\/img\/categories_v2\/parks_outdoors\/plaza_","suffix":".png"},"primary":"true"}],"verified":"false","restricted":"true","stats":{"checkinsCount":"1351","usersCount":"388","tipCount":"4"},"specials":{"count":"0"},"hereNow":{"count":"0"},"referralId":"v-1392478093"},{"id":"4ac518f6f964a5207aaf20e3","name":"Dolphin Square Sports Club","location":{"address":"Dolphin Sq.","lat":"51.48740776010332","lng":"-0.136836511342898","distance":"353","postalCode":"SW1V 3PP","cc":"GB","city":"London","state":"Greater London","country":"United Kingdom"},"categories":[{"id":"4bf58dd8d48988d105941735","name":"Gym Pool","pluralName":"Gym Pools","shortName":"Pool","icon":{"prefix":"https:\/\/ss1.4sqi.net\/img\/categories_v2\/shops\/gym_pool_","suffix":".png"},"primary":"true"}],"verified":"false","restricted":"true","stats":{"checkinsCount":"1056","usersCount":"173","tipCount":"2"},"specials":{"count":"0"},"hereNow":{"count":"0"},"referralId":"v-1392478093"},{"id":"4cbf1b041c6c6dcbdf926c5e","name":"Shelley House","location":{"address":"lupus street","lat":"51.486037373542786","lng":"-0.13992547988891602","distance":"243","postalCode":"SW1V 3","cc":"GB","city":"London","state":"Greater London","country":"United Kingdom"},"categories":[{"id":"4bf58dd8d48988d130941735","name":"Building","pluralName":"Buildings","shortName":"Building","icon":{"prefix":"https:\/\/ss1.4sqi.net\/img\/categories_v2\/building\/default_","suffix":".png"},"primary":"true"}],"verified":"false","restricted":"true","stats":{"checkinsCount":"7","usersCount":"4","tipCount":"0"},"specials":{"count":"0"},"hereNow":{"count":"1","groups":[{"type":"others","name":"Other people here","count":"1"}]},"referralId":"v-1392478093"},{"id":"4fbe05bfe4b099768600bc22","name":"Churchill Gardens","location":{"lat":"51.485439238979104","lng":"-0.1390364823987965","distance":"153","cc":"GB","country":"United Kingdom"},"categories":[{"id":"4f2a25ac4b909258e854f55f","name":"Neighborhood","pluralName":"Neighborhoods","shortName":"Neighborhood","icon":{"prefix":"https:\/\/ss1.4sqi.net\/img\/categories_v2\/parks_outdoors\/neighborhood_","suffix":".png"},"primary":"true"}],"verified":"false","restricted":"true","stats":{"checkinsCount":"122","usersCount":"38","tipCount":"0"},"specials":{"count":"0"},"hereNow":{"count":"0"},"referralId":"v-1392478093"},{"id":"4adf75b6f964a520c97a21e3","name":"St Georges Square","location":{"address":"St Georges Square","lat":"51.48835829929586","lng":"-0.13504858782006174","distance":"491","cc":"GB","city":"London","state":"Greater London","country":"United Kingdom"},"categories":[{"id":"4bf58dd8d48988d164941735","name":"Plaza","pluralName":"Plazas","shortName":"Plaza","icon":{"prefix":"https:\/\/ss1.4sqi.net\/img\/categories_v2\/parks_outdoors\/plaza_","suffix":".png"},"primary":"true"}],"verified":"false","restricted":"true","stats":{"checkinsCount":"652","usersCount":"264","tipCount":"4"},"specials":{"count":"0"},"hereNow":{"count":"0"},"referralId":"v-1392478093"},{"id":"4ac518ebf964a52031ac20e3","name":"The Battersea Barge","contact":{"phone":"+442074980004","formattedPhone":"+44 20 7498 0004"},"location":{"address":"9 Elms Lane","lat":"51.483047","lng":"-0.1362776756286621","distance":"174","postalCode":"SW8 5BP","cc":"GB","city":"London","state":"Greater London","country":"United Kingdom"},"categories":[{"id":"4bf58dd8d48988d1f1931735","name":"General Entertainment","pluralName":"General Entertainment","shortName":"Entertainment","icon":{"prefix":"https:\/\/ss1.4sqi.net\/img\/categories_v2\/arts_entertainment\/default_","suffix":".png"},"primary":"true"}],"verified":"false","restricted":"true","stats":{"checkinsCount":"290","usersCount":"241","tipCount":"1"},"menu":{"type":"Menu","label":"Menu","anchor":"View Menu","url":"https:\/\/foursquare.com\/v\/the-battersea-barge\/4ac518ebf964a52031ac20e3\/menu","mobileUrl":"https:\/\/foursquare.com\/v\/4ac518ebf964a52031ac20e3\/device_menu"},"specials":{"count":"0"},"hereNow":{"count":"0"},"referralId":"v-1392478093"},{"id":"4cdf280cf8cdb1f728ef8f12","name":"Pimlico Academy","contact":{"phone":"+442078280881","formattedPhone":"+44 20 7828 0881","twitter":"pimlicoacademy"},"location":{"address":"Lupus St.","lat":"51.48795710221961","lng":"-0.1371145248413086","distance":"411","postalCode":"SW1V 3AT","cc":"GB","city":"London","state":"Greater London","country":"United Kingdom"},"categories":[{"id":"4bf58dd8d48988d13d941735","name":"High School","pluralName":"High Schools","shortName":"High School","icon":{"prefix":"https:\/\/ss1.4sqi.net\/img\/categories_v2\/building\/school_","suffix":".png"},"primary":"true"}],"verified":"false","restricted":"true","stats":{"checkinsCount":"531","usersCount":"194","tipCount":"4"},"url":"http:\/\/www.pimlicoacademy.org","specials":{"count":"0"},"hereNow":{"count":"0"},"referralId":"v-1392478093"},{"id":"4bbf6849ba9776b05c11ffc8","name":"Dolphin Bar & Grill","location":{"address":"Dolphin Square","lat":"51.48693511054458","lng":"-0.13663429438832503","distance":"305","postalCode":"Sw1v 3nu","cc":"GB","city":"London","state":"Greater London","country":"United Kingdom"},"categories":[{"id":"4bf58dd8d48988d1c4941735","name":"Restaurant","pluralName":"Restaurants","shortName":"Restaurant","icon":{"prefix":"https:\/\/ss1.4sqi.net\/img\/categories_v2\/food\/default_","suffix":".png"},"primary":"true"}],"verified":"false","restricted":"true","stats":{"checkinsCount":"108","usersCount":"70","tipCount":"4"},"menu":{"type":"Menu","label":"Menu","anchor":"View Menu","url":"https:\/\/foursquare.com\/v\/dolphin-bar--grill\/4bbf6849ba9776b05c11ffc8\/menu","mobileUrl":"https:\/\/foursquare.com\/v\/4bbf6849ba9776b05c11ffc8\/device_menu"},"specials":{"count":"0"},"hereNow":{"count":"1","groups":[{"type":"others","name":"Other people here","count":"1"}]},"referralId":"v-1392478093"},{"id":"4fab9ac8e4b050ddfdf5fc68","name":"Shell","location":{"address":"Grosvenor Rd.","lat":"51.48532486110585","lng":"-0.1367497444152832","distance":"136","postalCode":"SW1V 3JY","cc":"GB","city":"City of Westminster","state":"Greater London","country":"United Kingdom"},"categories":[{"id":"4bf58dd8d48988d113951735","name":"Gas Station \/ Garage","pluralName":"Gas Stations \/ Garages","shortName":"Gas Station \/ Garage","icon":{"prefix":"https:\/\/ss1.4sqi.net\/img\/categories_v2\/shops\/gas_","suffix":".png"},"primary":"true"}],"verified":"true","restricted":"true","stats":{"checkinsCount":"93","usersCount":"74","tipCount":"0"},"url":"http:\/\/www.shell.co.uk","specials":{"count":"0"},"hereNow":{"count":"0"},"storeId":"","referralId":"v-1392478093"},{"id":"4d8b2dbe7139b1f74b57d9d4","name":"Tesco Express","contact":{"phone":"+448456719316","formattedPhone":"+44 845 671 9316","twitter":"uktescooffers"},"location":{"address":"89-95 Lupus Street","lat":"51.487776725064144","lng":"-0.14080524444580078","distance":"440","postalCode":"SW1V 3EN","cc":"GB","city":"London","state":"Greater London","country":"United Kingdom"},"categories":[{"id":"4bf58dd8d48988d118951735","name":"Grocery Store","pluralName":"Grocery Stores","shortName":"Grocery Store","icon":{"prefix":"https:\/\/ss1.4sqi.net\/img\/categories_v2\/shops\/food_grocery_","suffix":".png"},"primary":"true"}],"verified":"true","restricted":"true","stats":{"checkinsCount":"371","usersCount":"132","tipCount":"1"},"url":"http:\/\/www.tesco.com","specials":{"count":"0"},"hereNow":{"count":"0"},"storeId":"5714","referralId":"v-1392478093"},{"id":"4c0fd3f381e976b0612a0eeb","name":"Dolphin Gym","location":{"lat":"51.48713490152536","lng":"-0.13697780072196034","distance":"321","cc":"GB","country":"United Kingdom"},"categories":[{"id":"4bf58dd8d48988d176941735","name":"Gym","pluralName":"Gyms","shortName":"Gym","icon":{"prefix":"https:\/\/ss1.4sqi.net\/img\/categories_v2\/building\/gym_","suffix":".png"},"primary":"true"}],"verified":"false","restricted":"true","stats":{"checkinsCount":"226","usersCount":"41","tipCount":"1"},"specials":{"count":"0"},"hereNow":{"count":"0"},"referralId":"v-1392478093"},{"id":"4bb9069a7421a593f766c240","name":"Travel Joy Hostels","contact":{"phone":"+442078349689","formattedPhone":"+44 20 7834 9689"},"location":{"address":"111 Grosvenor Rd, Pimlico","lat":"51.485304383333336","lng":"-0.1419973","distance":"311","postalCode":"SW1V 3LG","cc":"GB","city":"London","state":"Greater London","country":"United Kingdom"},"categories":[{"id":"4bf58dd8d48988d1ee931735","name":"Hostel","pluralName":"Hostels","shortName":"Hostel","icon":{"prefix":"https:\/\/ss1.4sqi.net\/img\/categories_v2\/travel\/hostel_","suffix":".png"},"primary":"true"}],"verified":"false","restricted":"true","stats":{"checkinsCount":"459","usersCount":"236","tipCount":"7"},"url":"http:\/\/www.traveljoyhostels.com","menu":{"type":"Menu","label":"Menu","anchor":"View Menu","url":"https:\/\/foursquare.com\/v\/travel-joy-hostels\/4bb9069a7421a593f766c240\/menu","mobileUrl":"https:\/\/foursquare.com\/v\/4bb9069a7421a593f766c240\/device_menu"},"specials":{"count":"0"},"hereNow":{"count":"0"},"referralId":"v-1392478093"},{"id":"4d543f995b3f6dcbce44ddcc","name":"Dolphin House - Serviced Apartments","location":{"address":"Chichester St Westminster","lat":"51.48721188749616","lng":"-0.13632629255246687","distance":"341","postalCode":"Chichester S","cc":"GB","city":"London","state":"Greater London","country":"United Kingdom"},"categories":[{"id":"4bf58dd8d48988d1fa931735","name":"Hotel","pluralName":"Hotels","shortName":"Hotel","icon":{"prefix":"https:\/\/ss1.4sqi.net\/img\/categories_v2\/travel\/hotel_","suffix":".png"},"primary":"true"}],"verified":"false","restricted":"true","stats":{"checkinsCount":"289","usersCount":"140","tipCount":"1"},"specials":{"count":"0"},"hereNow":{"count":"0"},"referralId":"v-1392478093"},{"id":"4bd72189304fce72ce1e33ab","name":"King William IV","location":{"address":"111 Grosvenor Rd.","lat":"51.485320625","lng":"-0.141833","distance":"302","postalCode":"SW1V 4","cc":"GB","city":"London","state":"Greater London","country":"United Kingdom"},"categories":[{"id":"4bf58dd8d48988d11b941735","name":"Pub","pluralName":"Pubs","shortName":"Pub","icon":{"prefix":"https:\/\/ss1.4sqi.net\/img\/categories_v2\/nightlife\/pub_","suffix":".png"},"primary":"true"}],"verified":"false","restricted":"true","stats":{"checkinsCount":"328","usersCount":"200","tipCount":"4"},"menu":{"type":"Menu","label":"Menu","anchor":"View Menu","url":"https:\/\/foursquare.com\/v\/king-william-iv-london-greater-london\/4bd72189304fce72ce1e33ab\/menu","mobileUrl":"https:\/\/foursquare.com\/v\/4bd72189304fce72ce1e33ab\/device_menu"},"specials":{"count":"0"},"hereNow":{"count":"0"},"referralId":"v-1392478093"},{"id":"4f785411e4b0488e2fbb3be4","name":"Nine Elms Pier","location":{"lat":"51.48482310311614","lng":"-0.13864265243639268","distance":"83","cc":"GB","country":"United Kingdom"},"categories":[{"id":"4e74f6cabd41c4836eac4c31","name":"Pier","pluralName":"Pier","shortName":"Pier","icon":{"prefix":"https:\/\/ss1.4sqi.net\/img\/categories_v2\/travel\/ferry_pier_","suffix":".png"},"primary":"true"}],"verified":"false","restricted":"true","stats":{"checkinsCount":"63","usersCount":"25","tipCount":"1"},"specials":{"count":"0"},"hereNow":{"count":"0"},"referralId":"v-1392478093"},{"id":"4ac518b6f964a5200fa120e3","name":"Dolphin Square Hotel","location":{"address":"Dolphin Square","lat":"51.48721190084356","lng":"-0.13672600344349953","distance":"333","postalCode":"SW1V 3LX","cc":"GB","city":"London","state":"Greater London","country":"United Kingdom"},"categories":[{"id":"4bf58dd8d48988d1fa931735","name":"Hotel","pluralName":"Hotels","shortName":"Hotel","icon":{"prefix":"https:\/\/ss1.4sqi.net\/img\/categories_v2\/travel\/hotel_","suffix":".png"},"primary":"true"}],"verified":"false","restricted":"true","stats":{"checkinsCount":"163","usersCount":"72","tipCount":"1"},"specials":{"count":"0"},"hereNow":{"count":"0"},"referralId":"v-1392478093"},{"id":"4cda9788958f236aa8b2a703","name":"Pimlico Library","contact":{"phone":"+442076411300","formattedPhone":"+44 20 7641 1300","twitter":"wcclibraries"},"location":{"address":"Lupus St.","lat":"51.48803726961521","lng":"-0.1383805274963379","distance":"419","postalCode":"SW1V 3AT","cc":"GB","city":"London","state":"Greater London","country":"United Kingdom"},"categories":[{"id":"4bf58dd8d48988d12f941735","name":"Library","pluralName":"Libraries","shortName":"Library","icon":{"prefix":"https:\/\/ss1.4sqi.net\/img\/categories_v2\/building\/library_","suffix":".png"},"primary":"true"}],"verified":"false","restricted":"true","stats":{"checkinsCount":"259","usersCount":"122","tipCount":"2"},"url":"http:\/\/www.westminster.gov.uk\/libraries","specials":{"count":"0"},"hereNow":{"count":"0"},"referralId":"v-1392478093"},{"id":"4e89af95e5fa82ad4c0aa03b","name":"Pimlico Gardens","location":{"lat":"51.48563970246465","lng":"-0.13413776365808092","distance":"295","cc":"GB","city":"London","state":"Greater London","country":"United Kingdom"},"categories":[{"id":"4bf58dd8d48988d15a941735","name":"Garden","pluralName":"Gardens","shortName":"Garden","icon":{"prefix":"https:\/\/ss1.4sqi.net\/img\/categories_v2\/parks_outdoors\/garden_","suffix":".png"},"primary":"true"}],"verified":"false","restricted":"true","stats":{"checkinsCount":"211","usersCount":"94","tipCount":"0"},"specials":{"count":"0"},"hereNow":{"count":"0"},"referralId":"v-1392478093"},{"id":"4bf574e0cad2c92889149d99","name":"Delizie D'italia","location":{"address":"Lupus Street","lat":"51.48809551958939","lng":"-0.14040128761128387","distance":"460","cc":"GB","city":"London","state":"Greater London","country":"United Kingdom"},"categories":[{"id":"4bf58dd8d48988d146941735","name":"Deli \/ Bodega","pluralName":"Delis \/ Bodegas","shortName":"Deli \/ Bodega","icon":{"prefix":"https:\/\/ss1.4sqi.net\/img\/categories_v2\/food\/deli_","suffix":".png"},"primary":"true"}],"verified":"false","restricted":"true","stats":{"checkinsCount":"67","usersCount":"28","tipCount":"3"},"specials":{"count":"0"},"hereNow":{"count":"0"},"referralId":"v-1392478093"},{"id":"4ac518d8f964a52084a820e3","name":"Pomegranates","location":{"address":"94 Grosvenor Road","lat":"51.485228","lng":"-0.137239","distance":"111","postalCode":"SW1V 3LF","cc":"GB","city":"London","state":"Greater London","country":"United Kingdom"},"categories":[{"id":"4bf58dd8d48988d1c4941735","name":"Restaurant","pluralName":"Restaurants","shortName":"Restaurant","icon":{"prefix":"https:\/\/ss1.4sqi.net\/img\/categories_v2\/food\/default_","suffix":".png"},"primary":"true"}],"verified":"false","restricted":"true","stats":{"checkinsCount":"5","usersCount":"4","tipCount":"1"},"specials":{"count":"0"},"hereNow":{"count":"0"},"referralId":"v-1392478093"},{"id":"52d3a8e8498e56476479a074","name":"Cemex - Battersea","location":{"lat":"51.481776","lng":"-0.140382","distance":"331","cc":"GB","country":"United Kingdom"},"categories":[{"id":"4eb1bea83b7b6f98df247e06","name":"Factory","pluralName":"Factories","shortName":"Factory","icon":{"prefix":"https:\/\/ss1.4sqi.net\/img\/categories_v2\/building\/factory_","suffix":".png"},"primary":"true"}],"verified":"false","restricted":"true","stats":{"checkinsCount":"1","usersCount":"1","tipCount":"0"},"specials":{"count":"0"},"hereNow":{"count":"0"},"referralId":"v-1392478093"},{"id":"4ac518bff964a5203ea320e3","name":"Goya","location":{"address":"34 Lupus St.","lat":"51.488418","lng":"-0.13731837272644043","distance":"460","postalCode":"SW1V 3EB","cc":"GB","city":"London","state":"Greater London","country":"United Kingdom"},"categories":[{"id":"4bf58dd8d48988d1db931735","name":"Tapas Restaurant","pluralName":"Tapas Restaurants","shortName":"Tapas","icon":{"prefix":"https:\/\/ss1.4sqi.net\/img\/categories_v2\/food\/tapas_","suffix":".png"},"primary":"true"}],"verified":"false","restricted":"true","stats":{"checkinsCount":"334","usersCount":"240","tipCount":"15"},"url":"http:\/\/www.goyarestaurant.co.uk","menu":{"type":"Menu","label":"Menu","anchor":"View Menu","url":"https:\/\/foursquare.com\/v\/goya\/4ac518bff964a5203ea320e3\/menu","mobileUrl":"https:\/\/foursquare.com\/v\/4ac518bff964a5203ea320e3\/device_menu"},"specials":{"count":"0"},"hereNow":{"count":"0"},"referralId":"v-1392478093"},{"id":"4fbdf0aee4b0f1c2f5cc73cd","name":"Grosvenor Lodge","location":{"lat":"51.48532849913286","lng":"-0.13730246037096178","distance":"120","cc":"GB","country":"United Kingdom"},"categories":[{"id":"4bf58dd8d48988d130941735","name":"Building","pluralName":"Buildings","shortName":"Building","icon":{"prefix":"https:\/\/ss1.4sqi.net\/img\/categories_v2\/building\/default_","suffix":".png"},"primary":"true"}],"verified":"false","restricted":"true","stats":{"checkinsCount":"44","usersCount":"9","tipCount":"1"},"specials":{"count":"0"},"hereNow":{"count":"0"},"referralId":"v-1392478093"},{"id":"4fbe1104e4b0accea5ee463e","name":"Caretakers Cottage","location":{"lat":"51.48538876100886","lng":"-0.13812332810881878","distance":"124","cc":"GB","country":"United Kingdom"},"categories":[{"id":"4bf58dd8d48988d130941735","name":"Building","pluralName":"Buildings","shortName":"Building","icon":{"prefix":"https:\/\/ss1.4sqi.net\/img\/categories_v2\/building\/default_","suffix":".png"},"primary":"true"}],"verified":"false","restricted":"true","stats":{"checkinsCount":"3","usersCount":"1","tipCount":"0"},"specials":{"count":"0"},"hereNow":{"count":"0"},"referralId":"v-1392478093"},{"id":"4c0aa943a1b32d7f31bd99f0","name":"Valulla Boat - Decks On Deck","location":{"lat":"51.48321567347822","lng":"-0.13717056678536682","distance":"127","cc":"GB","country":"United Kingdom"},"categories":[{"id":"4bf58dd8d48988d12d951735","name":"Boat or Ferry","pluralName":"Boats or Ferries","shortName":"Boat \/ Ferry","icon":{"prefix":"https:\/\/ss1.4sqi.net\/img\/categories_v2\/travel\/boat_","suffix":".png"},"primary":"true"}],"verified":"false","restricted":"true","stats":{"checkinsCount":"31","usersCount":"26","tipCount":"0"},"specials":{"count":"0"},"hereNow":{"count":"0"},"referralId":"v-1392478093"},{"id":"52f32bcd498e27143f8c545c","name":"\ub7f0\ub358 \ube0c\ub7f0\uce58 \ubbfc\ubc15","location":{"lat":"51.485856","lng":"-0.142917","distance":"395","cc":"GB","country":"United Kingdom"},"categories":[{"id":"4bf58dd8d48988d1f8931735","name":"Bed & Breakfast","pluralName":"Bed & Breakfasts","shortName":"B & B","icon":{"prefix":"https:\/\/ss1.4sqi.net\/img\/categories_v2\/travel\/bedandbreakfast_","suffix":".png"},"primary":"true"}],"verified":"false","restricted":"true","stats":{"checkinsCount":"1","usersCount":"1","tipCount":"0"},"specials":{"count":"0"},"hereNow":{"count":"0"},"referralId":"v-1392478093"},{"id":"50803bf0e4b0921f5ac682d1","name":"White Hart Dock","location":{"lat":"51.48356480464368","lng":"-0.13588820312559907","distance":"155","cc":"GB","country":"United Kingdom"},"categories":[{"id":"4bf58dd8d48988d165941735","name":"Scenic Lookout","pluralName":"Scenic Lookouts","shortName":"Scenic Lookout","icon":{"prefix":"https:\/\/ss1.4sqi.net\/img\/categories_v2\/parks_outdoors\/sceniclookout_","suffix":".png"},"primary":"true"}],"verified":"false","restricted":"true","stats":{"checkinsCount":"8","usersCount":"3","tipCount":"0"},"specials":{"count":"0"},"hereNow":{"count":"0"},"referralId":"v-1392478093"},{"id":"4dd9632ffa76ad96d154a02b","name":"Claverton Street","location":{"lat":"51.48572763190342","lng":"-0.1375343490165508","distance":"161","cc":"GB","city":"London","state":"Greater London","country":"United Kingdom"},"categories":[{"id":"4d954b06a243a5684965b473","name":"Residential Building (Apartment \/ Condo)","pluralName":"Residential Buildings (Apartments \/ Condos)","shortName":"Residential","icon":{"prefix":"https:\/\/ss1.4sqi.net\/img\/categories_v2\/building\/apartment_","suffix":".png"},"primary":"true"}],"verified":"false","restricted":"true","stats":{"checkinsCount":"63","usersCount":"15","tipCount":"0"},"specials":{"count":"0"},"hereNow":{"count":"0"},"referralId":"v-1392478093"},{"id":"4c7abb4f93ef236ab591b30f","name":"Wibke's Diner","location":{"address":"Dolphin Square","crossStreet":"Hawkins House","lat":"51.485707","lng":"-0.13697369083579247","distance":"167","cc":"GB","city":"London","state":"Greater London","country":"United Kingdom"},"categories":[{"id":"4bf58dd8d48988d147941735","name":"Diner","pluralName":"Diners","shortName":"Diner","icon":{"prefix":"https:\/\/ss1.4sqi.net\/img\/categories_v2\/food\/diner_","suffix":".png"},"primary":"true"}],"verified":"false","restricted":"true","stats":{"checkinsCount":"13","usersCount":"7","tipCount":"1"},"specials":{"count":"0"},"hereNow":{"count":"0"},"referralId":"v-1392478093"},{"id":"4f465134e4b0ab39f56fb5ee","name":"Marven Medical Practice","contact":{"phone":"+442078341160","formattedPhone":"+44 20 7834 1160"},"location":{"address":"46-50 Lupus Street","lat":"51.485856671390515","lng":"-0.1373051353425584","distance":"177","postalCode":"SW1V 3EB","cc":"GB","city":"London","state":"Greater London","country":"United Kingdom"},"categories":[{"id":"4bf58dd8d48988d104941735","name":"Medical Center","pluralName":"Medical Centers","shortName":"Medical","icon":{"prefix":"https:\/\/ss1.4sqi.net\/img\/categories_v2\/building\/medical_","suffix":".png"},"primary":"true"}],"verified":"false","restricted":"true","stats":{"checkinsCount":"1","usersCount":"1","tipCount":"0"},"specials":{"count":"0"},"hereNow":{"count":"0"},"referralId":"v-1392478093"}],"confident":"false"}}