{"meta":{"code":"200"},"response":{"venues":[{"id":"51b44ccd498e87bc8d40ca24","name":"Harris + Hoole","location":{"address":"215 Townmead Rd","crossStreet":"Imperial Wharf","lat":"51.474604921747435","lng":"-0.18282647422240747","distance":"35","postalCode":"SW6 2TW","cc":"GB","city":"Chelsea","state":"Greater London","country":"United Kingdom"},"categories":[{"id":"4bf58dd8d48988d16d941735","name":"Caf\u00e9","pluralName":"Caf\u00e9s","shortName":"Caf\u00e9","icon":{"prefix":"https:\/\/ss1.4sqi.net\/img\/categories_v2\/food\/cafe_","suffix":".png"},"primary":"true"}],"verified":"false","restricted":"true","stats":{"checkinsCount":"189","usersCount":"85","tipCount":"5"},"url":"http:\/\/www.harrisandhoole.co.uk\/shops\/imperial-wharf","specials":{"count":"0"},"hereNow":{"count":"1","groups":[{"type":"others","name":"Other people here","count":"1"}]},"referralId":"v-1392478114"},{"id":"4d826532bb2c54818913e3ab","name":"Tesco Express","contact":{"phone":"+448456746411","formattedPhone":"+44 845 674 6411","twitter":"uktescooffers"},"location":{"address":"Imperial Wharf","lat":"51.47432659610822","lng":"-0.18402099609375","distance":"84","postalCode":"SW6 2TW","cc":"GB","city":"London","state":"Greater London","country":"United Kingdom"},"categories":[{"id":"4bf58dd8d48988d118951735","name":"Grocery Store","pluralName":"Grocery Stores","shortName":"Grocery Store","icon":{"prefix":"https:\/\/ss1.4sqi.net\/img\/categories_v2\/shops\/food_grocery_","suffix":".png"},"primary":"true"}],"verified":"true","restricted":"true","stats":{"checkinsCount":"756","usersCount":"151","tipCount":"7"},"url":"http:\/\/www.tesco.com","specials":{"count":"0"},"hereNow":{"count":"0"},"storeId":"6315","referralId":"v-1392478114"},{"id":"4edc7f788231efe391e1e8d3","name":"Peekaboo Invt.","location":{"lat":"51.474645765836904","lng":"-0.18304815723311824","distance":"43","cc":"GB","city":"London","state":"Greater London","country":"United Kingdom"},"categories":[{"id":"4bf58dd8d48988d130941735","name":"Building","pluralName":"Buildings","shortName":"Building","icon":{"prefix":"https:\/\/ss1.4sqi.net\/img\/categories_v2\/building\/default_","suffix":".png"},"primary":"true"}],"verified":"false","restricted":"true","stats":{"checkinsCount":"717","usersCount":"17","tipCount":"0"},"url":"http:\/\/www.peekabooinvest.com","specials":{"count":"0"},"hereNow":{"count":"0"},"referralId":"v-1392478114"},{"id":"4b5ad4a8f964a52086d628e3","name":"Gambado","contact":{"phone":"+442073841635","formattedPhone":"+44 20 7384 1635"},"location":{"address":"7 Station Court","lat":"51.474192943529474","lng":"-0.1833021640777588","distance":"36","postalCode":"SW6 2PY","cc":"GB","city":"Chelsea","state":"Greater London","country":"United Kingdom"},"categories":[{"id":"4bf58dd8d48988d1e7941735","name":"Playground","pluralName":"Playgrounds","shortName":"Playground","icon":{"prefix":"https:\/\/ss1.4sqi.net\/img\/categories_v2\/parks_outdoors\/playground_","suffix":".png"},"primary":"true"}],"verified":"false","restricted":"true","stats":{"checkinsCount":"329","usersCount":"172","tipCount":"7"},"specials":{"count":"0"},"hereNow":{"count":"0"},"referralId":"v-1392478114"},{"id":"4c1b4ae08b3aa593f6ea965f","name":"TfL Bus C3","location":{"address":"Moving Target!","lat":"51.474195","lng":"-0.183017","distance":"18","cc":"GB","city":"London","state":"Greater London","country":"United Kingdom"},"categories":[{"id":"4bf58dd8d48988d1fe931735","name":"Bus Station","pluralName":"Bus Stations","shortName":"Bus Station","icon":{"prefix":"https:\/\/ss1.4sqi.net\/img\/categories_v2\/travel\/busstation_","suffix":".png"},"primary":"true"}],"verified":"false","restricted":"true","stats":{"checkinsCount":"153","usersCount":"44","tipCount":"3"},"specials":{"count":"0"},"hereNow":{"count":"0"},"referralId":"v-1392478114"},{"id":"4ef1c9b549010b41f4bfd03b","name":"Roca London Gallery","location":{"address":"Station Court","crossStreet":"at Townmead Rd","lat":"51.474496260347955","lng":"-0.18309639501653446","distance":"30","postalCode":"SW6 2PY","cc":"GB","city":"Fulham","state":"Greater London","country":"United Kingdom"},"categories":[{"id":"4bf58dd8d48988d130941735","name":"Building","pluralName":"Buildings","shortName":"Building","icon":{"prefix":"https:\/\/ss1.4sqi.net\/img\/categories_v2\/building\/default_","suffix":".png"},"primary":"true"}],"verified":"true","restricted":"true","stats":{"checkinsCount":"77","usersCount":"60","tipCount":"1"},"url":"http:\/\/www.rocalondongallery.com","specials":{"count":"0"},"hereNow":{"count":"0"},"venuePage":{"id":"67665276"},"referralId":"v-1392478114"},{"id":"5036b36acc6417d4bcd9a1ba","name":"Imperial Wharf London Overground Station","contact":{"phone":"+448432221234","formattedPhone":"+44 843 222 1234","twitter":"tflofficial","facebook":"212038972186253"},"location":{"address":"Townmead Rd.","lat":"51.47502027116863","lng":"-0.1829878974018347","distance":"82","postalCode":"SW6 2ZH","cc":"GB","city":"London","state":"Greater London","country":"United Kingdom"},"categories":[{"id":"4bf58dd8d48988d129951735","name":"Train Station","pluralName":"Train Stations","shortName":"Train Station","icon":{"prefix":"https:\/\/ss1.4sqi.net\/img\/categories_v2\/travel\/trainstation_","suffix":".png"},"primary":"true"}],"verified":"true","restricted":"true","stats":{"checkinsCount":"3097","usersCount":"982","tipCount":"7"},"url":"http:\/\/www.tfl.gov.uk\/livetravelnews","specials":{"count":"0"},"hereNow":{"count":"0"},"storeId":"","referralId":"v-1392478114"},{"id":"4bdc3dfd63c5c9b60be02a68","name":"Chelsea Harbour","location":{"lat":"51.475369072783394","lng":"-0.18114566802978516","distance":"166","cc":"GB","city":"Chelsea","state":"Greater London","country":"United Kingdom"},"categories":[{"id":"4bf58dd8d48988d1e0941735","name":"Harbor \/ Marina","pluralName":"Harbors \/ Marinas","shortName":"Harbor \/ Marina","icon":{"prefix":"https:\/\/ss1.4sqi.net\/img\/categories_v2\/parks_outdoors\/harbor_","suffix":".png"},"primary":"true"}],"verified":"false","restricted":"true","stats":{"checkinsCount":"1371","usersCount":"551","tipCount":"7"},"specials":{"count":"0"},"hereNow":{"count":"0"},"referralId":"v-1392478114"},{"id":"4eda6a1db8f7fcd0404c5cc2","name":"Imperial Wharf","location":{"lat":"51.47316067903987","lng":"-0.1828105610175721","distance":"125","cc":"GB","country":"United Kingdom"},"categories":[{"id":"4d954b06a243a5684965b473","name":"Residential Building (Apartment \/ Condo)","pluralName":"Residential Buildings (Apartments \/ Condos)","shortName":"Residential","icon":{"prefix":"https:\/\/ss1.4sqi.net\/img\/categories_v2\/building\/apartment_","suffix":".png"},"primary":"true"}],"verified":"false","restricted":"true","stats":{"checkinsCount":"925","usersCount":"293","tipCount":"2"},"specials":{"count":"0"},"hereNow":{"count":"1","groups":[{"type":"others","name":"Other people here","count":"1"}]},"referralId":"v-1392478114"},{"id":"4b75932df964a52058152ee3","name":"Jury's Inn Chelsea Hotel","contact":{"phone":"+442074112200","formattedPhone":"+44 20 7411 2200"},"location":{"address":"Imperial Wharf","lat":"51.47396769592598","lng":"-0.18372611357316404","distance":"73","postalCode":"SW6 2GA","cc":"GB","city":"Chelsea","state":"Greater London","country":"United Kingdom"},"categories":[{"id":"4bf58dd8d48988d1fa931735","name":"Hotel","pluralName":"Hotels","shortName":"Hotel","icon":{"prefix":"https:\/\/ss1.4sqi.net\/img\/categories_v2\/travel\/hotel_","suffix":".png"},"primary":"true"}],"verified":"true","restricted":"true","stats":{"checkinsCount":"611","usersCount":"285","tipCount":"10"},"url":"http:\/\/www.jurysinns.com\u200e","specials":{"count":"0"},"hereNow":{"count":"0"},"storeId":"","referralId":"v-1392478114"},{"id":"4ac518b5f964a5208aa020e3","name":"Wyndham Grand London Chelsea Harbour","contact":{"phone":"+448004458667","formattedPhone":"+44 800 445 8667"},"location":{"address":"Chelsea Harbour, Lots Rd.","lat":"51.47573053366325","lng":"-0.181533842531931","distance":"183","postalCode":"SW10 0XG","cc":"GB","city":"London","state":"Greater London","country":"United Kingdom"},"categories":[{"id":"4bf58dd8d48988d1fa931735","name":"Hotel","pluralName":"Hotels","shortName":"Hotel","icon":{"prefix":"https:\/\/ss1.4sqi.net\/img\/categories_v2\/travel\/hotel_","suffix":".png"},"primary":"true"}],"verified":"true","restricted":"true","stats":{"checkinsCount":"1145","usersCount":"497","tipCount":"15"},"url":"http:\/\/www.wyndhamgrandlondon.co.uk","menu":{"type":"Menu","label":"Menu","anchor":"View Menu","url":"https:\/\/foursquare.com\/v\/wyndham-grand-london-chelsea-harbour\/4ac518b5f964a5208aa020e3\/menu","mobileUrl":"https:\/\/foursquare.com\/v\/4ac518b5f964a5208aa020e3\/device_menu"},"specials":{"count":"1","items":[{"id":"4ce4187888e460fc9dd5748d","type":"count","message":"As a foursquare user you are entitled to a free cup of coffee on your 5th check-in!","description":"Unlocked on your 5th check-in","icon":"frequency","title":"Loyalty Special","provider":"foursquare","redemption":"standard"}]},"hereNow":{"count":"0"},"referralId":"v-1392478114"},{"id":"4d287edf342d6dcb4aeaf8ca","name":"Yamal Alsham","contact":{"phone":"+442030101100","formattedPhone":"+44 20 3010 1100","twitter":"yamalalshamuk"},"location":{"address":"5 The Boulevard, Imperial Wharf","crossStreet":"Townmead Rd","lat":"51.47339506537382","lng":"-0.18230729204261092","distance":"105","postalCode":"SW6 2UB","cc":"GB","city":"London","state":"Greater London","country":"United Kingdom"},"categories":[{"id":"4bf58dd8d48988d115941735","name":"Middle Eastern Restaurant","pluralName":"Middle Eastern Restaurants","shortName":"Middle Eastern","icon":{"prefix":"https:\/\/ss1.4sqi.net\/img\/categories_v2\/food\/default_","suffix":".png"},"primary":"true"}],"verified":"false","restricted":"true","stats":{"checkinsCount":"363","usersCount":"169","tipCount":"9"},"url":"http:\/\/www.yamalalsham.co.uk","reservations":{"url":"http:\/\/www.toptable.co.uk\/single.aspx?rid=54883&ref=9601"},"menu":{"type":"Menu","label":"Menu","anchor":"View Menu","url":"https:\/\/foursquare.com\/v\/yamal-alsham\/4d287edf342d6dcb4aeaf8ca\/menu","mobileUrl":"https:\/\/foursquare.com\/v\/4d287edf342d6dcb4aeaf8ca\/device_menu"},"specials":{"count":"0"},"hereNow":{"count":"0"},"referralId":"v-1392478114"},{"id":"51920ae7498ef2510ad02e70","name":"Chelsea Creek","location":{"lat":"51.47486022685655","lng":"-0.1841681136177513","distance":"114","cc":"GB","country":"United Kingdom"},"categories":[{"id":"4d954b06a243a5684965b473","name":"Residential Building (Apartment \/ Condo)","pluralName":"Residential Buildings (Apartments \/ Condos)","shortName":"Residential","icon":{"prefix":"https:\/\/ss1.4sqi.net\/img\/categories_v2\/building\/apartment_","suffix":".png"},"primary":"true"}],"verified":"false","restricted":"true","stats":{"checkinsCount":"168","usersCount":"34","tipCount":"0"},"specials":{"count":"0"},"hereNow":{"count":"0"},"referralId":"v-1392478114"},{"id":"4bd1d4da9854d13aa64efa4d","name":"The Waterside","contact":{"phone":"+442073710802","formattedPhone":"+44 20 7371 0802","twitter":"thewatersidesw6"},"location":{"address":"The Boulevard","crossStreet":"Imperial Wharf","lat":"51.47313058376312","lng":"-0.18112421035766602","distance":"173","postalCode":"SW6 2SU","cc":"GB","city":"London","state":"Greater London","country":"United Kingdom"},"categories":[{"id":"4bf58dd8d48988d11b941735","name":"Pub","pluralName":"Pubs","shortName":"Pub","icon":{"prefix":"https:\/\/ss1.4sqi.net\/img\/categories_v2\/nightlife\/pub_","suffix":".png"},"primary":"true"}],"verified":"false","restricted":"true","stats":{"checkinsCount":"933","usersCount":"417","tipCount":"17"},"url":"http:\/\/www.watersideimperialwharf.co.uk","menu":{"type":"Menu","label":"Menu","anchor":"View Menu","url":"https:\/\/foursquare.com\/v\/the-waterside\/4bd1d4da9854d13aa64efa4d\/menu","mobileUrl":"https:\/\/foursquare.com\/v\/4bd1d4da9854d13aa64efa4d\/device_menu"},"specials":{"count":"0"},"hereNow":{"count":"0"},"referralId":"v-1392478114"},{"id":"4ac518eef964a52018ad20e3","name":"Design Centre Chelsea Harbour","contact":{"phone":"+442072259101","formattedPhone":"+44 20 7225 9101"},"location":{"address":"Lots Road","lat":"51.47649171332882","lng":"-0.18294811248779297","distance":"245","postalCode":"SW10 0XF","cc":"GB","city":"London","state":"Greater London","country":"United Kingdom"},"categories":[{"id":"4bf58dd8d48988d127951735","name":"Arts & Crafts Store","pluralName":"Arts & Crafts Stores","shortName":"Arts & Crafts","icon":{"prefix":"https:\/\/ss1.4sqi.net\/img\/categories_v2\/shops\/artstore_","suffix":".png"},"primary":"true"}],"verified":"false","restricted":"true","stats":{"checkinsCount":"581","usersCount":"263","tipCount":"1"},"specials":{"count":"0"},"hereNow":{"count":"0"},"referralId":"v-1392478114"},{"id":"4fb26d57e4b0aed64c78df72","name":"flexion mobile","location":{"address":"306 harbour Yard","crossStreet":"Chelsea Harbour","lat":"51.475011481254334","lng":"-0.18202840276970012","distance":"96","postalCode":"sw10 0xd","cc":"GB","city":"London","state":"Greater London","country":"United Kingdom"},"categories":[{"id":"4bf58dd8d48988d125941735","name":"Tech Startup","pluralName":"Tech Startups","shortName":"Tech Startup","icon":{"prefix":"https:\/\/ss1.4sqi.net\/img\/categories_v2\/shops\/technology_","suffix":".png"},"primary":"true"}],"verified":"false","restricted":"true","stats":{"checkinsCount":"20","usersCount":"2","tipCount":"0"},"specials":{"count":"0"},"hereNow":{"count":"0"},"referralId":"v-1392478114"},{"id":"4bdc3eaa2a3a0f4758fab1b6","name":"Chelsea Harbour Pier","location":{"lat":"51.473891469376795","lng":"-0.1800345180274979","distance":"196","cc":"GB","country":"United Kingdom"},"categories":[{"id":"4bf58dd8d48988d12d951735","name":"Boat or Ferry","pluralName":"Boats or Ferries","shortName":"Boat \/ Ferry","icon":{"prefix":"https:\/\/ss1.4sqi.net\/img\/categories_v2\/travel\/boat_","suffix":".png"},"primary":"true"}],"verified":"false","restricted":"true","stats":{"checkinsCount":"393","usersCount":"123","tipCount":"1"},"specials":{"count":"0"},"hereNow":{"count":"0"},"referralId":"v-1392478114"},{"id":"4beb0ad2415e20a18fcfe5bb","name":"Harbour Yard, Chelsea Harbour","location":{"lat":"51.47518627798585","lng":"-0.18201554953993632","distance":"113","cc":"GB","country":"United Kingdom"},"categories":[{"id":"4bf58dd8d48988d124941735","name":"Office","pluralName":"Offices","shortName":"Office","icon":{"prefix":"https:\/\/ss1.4sqi.net\/img\/categories_v2\/building\/default_","suffix":".png"},"primary":"true"}],"verified":"false","restricted":"true","stats":{"checkinsCount":"182","usersCount":"43","tipCount":"0"},"specials":{"count":"0"},"hereNow":{"count":"0"},"referralId":"v-1392478114"},{"id":"5091247de4b0e45182bd4655","name":"Imperial Wharf Marina","location":{"lat":"51.47331319045789","lng":"-0.18280011735527146","distance":"108","cc":"GB","country":"United Kingdom"},"categories":[{"id":"4bf58dd8d48988d1e0941735","name":"Harbor \/ Marina","pluralName":"Harbors \/ Marinas","shortName":"Harbor \/ Marina","icon":{"prefix":"https:\/\/ss1.4sqi.net\/img\/categories_v2\/parks_outdoors\/harbor_","suffix":".png"},"primary":"true"}],"verified":"false","restricted":"true","stats":{"checkinsCount":"84","usersCount":"37","tipCount":"2"},"specials":{"count":"0"},"hereNow":{"count":"0"},"referralId":"v-1392478114"},{"id":"4f1dc6a0e4b08fa66732c593","name":"The Blue Elephant","contact":{"phone":"+442077513111","formattedPhone":"+44 20 7751 3111"},"location":{"address":"The Boulevard","lat":"51.47303275410675","lng":"-0.18089075030090723","distance":"192","postalCode":"SW6 2UB","cc":"GB","city":"London","state":"Greater London","country":"United Kingdom"},"categories":[{"id":"4bf58dd8d48988d149941735","name":"Thai Restaurant","pluralName":"Thai Restaurants","shortName":"Thai","icon":{"prefix":"https:\/\/ss1.4sqi.net\/img\/categories_v2\/food\/thai_","suffix":".png"},"primary":"true"}],"verified":"false","restricted":"true","stats":{"checkinsCount":"285","usersCount":"246","tipCount":"6"},"url":"http:\/\/www.blueelephant.com\/london\/","reservations":{"url":"http:\/\/www.toptable.co.uk\/single.aspx?rid=85411&ref=9601"},"menu":{"type":"Menu","label":"Menu","anchor":"View Menu","url":"https:\/\/foursquare.com\/v\/the-blue-elephant\/4f1dc6a0e4b08fa66732c593\/menu","mobileUrl":"https:\/\/foursquare.com\/v\/4f1dc6a0e4b08fa66732c593\/device_menu"},"specials":{"count":"0"},"hereNow":{"count":"0"},"referralId":"v-1392478114"},{"id":"51cd6062498efc5310c5f58b","name":"The Spa at Chelsea Creek","location":{"lat":"51.47482779186513","lng":"-0.18467962515255668","distance":"143","cc":"GB","country":"United Kingdom"},"categories":[{"id":"4bf58dd8d48988d105941735","name":"Gym Pool","pluralName":"Gym Pools","shortName":"Pool","icon":{"prefix":"https:\/\/ss1.4sqi.net\/img\/categories_v2\/shops\/gym_pool_","suffix":".png"},"primary":"true"}],"verified":"false","restricted":"true","stats":{"checkinsCount":"22","usersCount":"5","tipCount":"0"},"specials":{"count":"0"},"hereNow":{"count":"0"},"referralId":"v-1392478114"},{"id":"4c40241eaf052d7f6c597b79","name":"Orient House","location":{"address":"Imperial road","crossStreet":"Fulham","lat":"51.47486629680115","lng":"-0.18411886863859941","distance":"111","postalCode":"Sw62ep","cc":"GB","city":"London","state":"Greater London","country":"United Kingdom"},"categories":[{"id":"4bf58dd8d48988d1a3941735","name":"College Residence Hall","pluralName":"College Residence Halls","shortName":"Residence Hall","icon":{"prefix":"https:\/\/ss1.4sqi.net\/img\/categories_v2\/education\/residencehall_","suffix":".png"},"primary":"true"}],"verified":"false","restricted":"true","stats":{"checkinsCount":"109","usersCount":"23","tipCount":"1"},"specials":{"count":"0"},"hereNow":{"count":"0"},"referralId":"v-1392478114"},{"id":"52f55d4c498ec985c57ac22c","name":"L'Opera ( home ) \ud83d\ude1b\ud83d\ude02","location":{"lat":"51.473149","lng":"-0.181708","distance":"147","cc":"GB","country":"United Kingdom"},"categories":[{"id":"4bf58dd8d48988d16d941735","name":"Caf\u00e9","pluralName":"Caf\u00e9s","shortName":"Caf\u00e9","icon":{"prefix":"https:\/\/ss1.4sqi.net\/img\/categories_v2\/food\/cafe_","suffix":".png"},"primary":"true"}],"verified":"false","restricted":"true","stats":{"checkinsCount":"2","usersCount":"2","tipCount":"0"},"specials":{"count":"0"},"hereNow":{"count":"0"},"referralId":"v-1392478114"},{"id":"4d2caf13fb8e59415ba95254","name":"Blue Harbour Health Club and Spa","contact":{"phone":"+442078233000","formattedPhone":"+44 20 7823 3000","twitter":"blueharbourspa"},"location":{"address":"Chelsea Harbour","lat":"51.475477","lng":"-0.181617","distance":"155","postalCode":"SW10 0XG","cc":"GB","city":"Chelsea","state":"Greater London","country":"United Kingdom"},"categories":[{"id":"4bf58dd8d48988d1ed941735","name":"Spa","pluralName":"Spas","shortName":"Spa","icon":{"prefix":"https:\/\/ss1.4sqi.net\/img\/categories_v2\/shops\/spa_","suffix":".png"},"primary":"true"}],"verified":"true","restricted":"true","stats":{"checkinsCount":"53","usersCount":"26","tipCount":"1"},"url":"http:\/\/www.blueharbourspa.co.uk","specials":{"count":"0"},"hereNow":{"count":"0"},"venuePage":{"id":"49363653"},"storeId":"","referralId":"v-1392478114"},{"id":"4dfcca2452b18923030d477d","name":"Chelsea yoga","location":{"lat":"51.47436","lng":"-0.183383","distance":"40","cc":"GB","city":"Hammersmith","state":"Greater London","country":"United Kingdom"},"categories":[{"id":"4bf58dd8d48988d102941735","name":"Yoga Studio","pluralName":"Yoga Studios","shortName":"Yoga Studio","icon":{"prefix":"https:\/\/ss1.4sqi.net\/img\/categories_v2\/shops\/gym_yogastudio_","suffix":".png"},"primary":"true"}],"verified":"false","restricted":"true","stats":{"checkinsCount":"3","usersCount":"3","tipCount":"0"},"specials":{"count":"0"},"hereNow":{"count":"0"},"referralId":"v-1392478114"},{"id":"4dfcc9b7227185f38b95ecc6","name":"Fulham Hardware","location":{"lat":"51.47436","lng":"-0.183383","distance":"40","cc":"GB","city":"Hammersmith","state":"Greater London","country":"United Kingdom"},"categories":[{"id":"4bf58dd8d48988d112951735","name":"Hardware Store","pluralName":"Hardware Stores","shortName":"Hardware","icon":{"prefix":"https:\/\/ss1.4sqi.net\/img\/categories_v2\/shops\/hardware_","suffix":".png"},"primary":"true"}],"verified":"false","restricted":"true","stats":{"checkinsCount":"4","usersCount":"4","tipCount":"0"},"specials":{"count":"0"},"hereNow":{"count":"0"},"referralId":"v-1392478114"},{"id":"523c6d9e11d29473965c2616","name":"Original BTC","location":{"lat":"51.474671","lng":"-0.182838","distance":"42","cc":"GB","country":"United Kingdom"},"categories":[{"id":"4bf58dd8d48988d1f8941735","name":"Furniture \/ Home Store","pluralName":"Furniture \/ Home Stores","shortName":"Furniture \/ Home","icon":{"prefix":"https:\/\/ss1.4sqi.net\/img\/categories_v2\/shops\/furniture_","suffix":".png"},"primary":"true"}],"verified":"false","restricted":"true","stats":{"checkinsCount":"1","usersCount":"1","tipCount":"0"},"specials":{"count":"0"},"hereNow":{"count":"0"},"referralId":"v-1392478114"},{"id":"4f748f99e4b07d85bf5d623b","name":"Platform 1","location":{"address":"Imperial Wharf Station (IMW)","lat":"51.47471860356632","lng":"-0.18270030475356744","distance":"48","cc":"GB","country":"United Kingdom"},"categories":[{"id":"4f4531504b9074f6e4fb0102","name":"Platform","pluralName":"Platforms","shortName":"Platform","icon":{"prefix":"https:\/\/ss1.4sqi.net\/img\/categories_v2\/travel\/trainstation_","suffix":".png"},"primary":"true"}],"verified":"false","restricted":"true","stats":{"checkinsCount":"14","usersCount":"3","tipCount":"0"},"specials":{"count":"0"},"hereNow":{"count":"0"},"referralId":"v-1392478114"},{"id":"4d4981c37d36f04d2d7812e5","name":"The Body Sanctuary","location":{"address":"126 Wandsworth Bridge Road","lat":"51.474779","lng":"-0.182976","distance":"55","cc":"GB","city":"London","state":"Greater London","country":"United Kingdom"},"categories":[{"id":"4bf58dd8d48988d10c951735","name":"Cosmetics Shop","pluralName":"Cosmetics Shops","shortName":"Cosmetics","icon":{"prefix":"https:\/\/ss1.4sqi.net\/img\/categories_v2\/shops\/beauty_cosmetic_","suffix":".png"},"primary":"true"}],"verified":"false","restricted":"true","stats":{"checkinsCount":"3","usersCount":"3","tipCount":"0"},"specials":{"count":"0"},"hereNow":{"count":"0"},"referralId":"v-1392478114"},{"id":"4dfcceba1f6e05048d871f31","name":"For The Record","location":{"lat":"51.474436","lng":"-0.183584","distance":"56","cc":"GB","city":"Hammersmith","state":"Greater London","country":"United Kingdom"},"categories":[{"id":"4bf58dd8d48988d10d951735","name":"Record Shop","pluralName":"Record Shops","shortName":"Record Shop","icon":{"prefix":"https:\/\/ss1.4sqi.net\/img\/categories_v2\/shops\/record_shop_","suffix":".png"},"primary":"true"}],"verified":"false","restricted":"true","stats":{"checkinsCount":"2","usersCount":"2","tipCount":"0"},"specials":{"count":"0"},"hereNow":{"count":"0"},"referralId":"v-1392478114"}],"confident":"true"}}