{"meta":{"code":"200"},"response":{"venues":[{"id":"4bc9abc1fb84c9b672631b3e","name":"Kernel Brewery","contact":{"phone":"+442072314516","formattedPhone":"+44 20 7231 4516","twitter":"kernelbrewery"},"location":{"address":"Unit 11, Dockley Rd Industrial Estate","crossStreet":"Lucey Way","lat":"51.49576905259232","lng":"-0.06868946407339725","distance":"396","postalCode":"SE16 3SF","cc":"GB","city":"London","state":"Greater London","country":"United Kingdom"},"categories":[{"id":"50327c8591d4c4b30a586d5d","name":"Brewery","pluralName":"Breweries","shortName":"Brewery","icon":{"prefix":"https:\/\/ss1.4sqi.net\/img\/categories_v2\/food\/brewery_","suffix":".png"},"primary":"true"}],"verified":"false","restricted":"true","stats":{"checkinsCount":"1006","usersCount":"491","tipCount":"18"},"url":"http:\/\/www.thekernelbrewery.com","specials":{"count":"0"},"hereNow":{"count":"2","groups":[{"type":"others","name":"Other people here","count":"2"}]},"referralId":"v-1392478061"},{"id":"4af576bbf964a5203bf921e3","name":"Monmouth Coffee Company","contact":{"phone":"+442072323010","formattedPhone":"+44 20 7232 3010","twitter":"monmouthcoffee_"},"location":{"address":"Dockley Rd","crossStreet":"Spa Rd","lat":"51.49589967008447","lng":"-0.06844997406005858","distance":"379","postalCode":"SE1","cc":"GB","city":"Bermondsey","state":"Greater London","country":"United Kingdom"},"categories":[{"id":"4bf58dd8d48988d1e0931735","name":"Coffee Shop","pluralName":"Coffee Shops","shortName":"Coffee Shop","icon":{"prefix":"https:\/\/ss1.4sqi.net\/img\/categories_v2\/food\/coffeeshop_","suffix":".png"},"primary":"true"}],"verified":"false","restricted":"true","stats":{"checkinsCount":"701","usersCount":"304","tipCount":"20"},"specials":{"count":"0"},"hereNow":{"count":"0"},"referralId":"v-1392478061"},{"id":"523f014211d2740f41358760","name":"Meridian Court","location":{"address":"3-7 East Lane","crossStreet":"Bermondsey","lat":"51.500863","lng":"-0.068072","distance":"176","postalCode":"SE16 4UF","cc":"GB","city":"London","state":"Greater London","country":"United Kingdom"},"categories":[{"id":"4d954b06a243a5684965b473","name":"Residential Building (Apartment \/ Condo)","pluralName":"Residential Buildings (Apartments \/ Condos)","shortName":"Residential","icon":{"prefix":"https:\/\/ss1.4sqi.net\/img\/categories_v2\/building\/apartment_","suffix":".png"},"primary":"true"}],"verified":"false","restricted":"true","stats":{"checkinsCount":"356","usersCount":"8","tipCount":"0"},"specials":{"count":"0"},"hereNow":{"count":"0"},"referralId":"v-1392478061"},{"id":"52ce8b3b498ef7977c6f6547","name":"Tesco Metro","location":{"address":"Jamaica Road","lat":"51.498483209262155","lng":"-0.06955553093181933","distance":"150","cc":"GB","city":"Bermondsey","state":"Greater London","country":"United Kingdom"},"categories":[{"id":"4bf58dd8d48988d118951735","name":"Grocery Store","pluralName":"Grocery Stores","shortName":"Grocery Store","icon":{"prefix":"https:\/\/ss1.4sqi.net\/img\/categories_v2\/shops\/food_grocery_","suffix":".png"},"primary":"true"}],"verified":"false","restricted":"true","stats":{"checkinsCount":"47","usersCount":"16","tipCount":"1"},"specials":{"count":"0"},"hereNow":{"count":"0"},"referralId":"v-1392478061"},{"id":"4cb830a3035d236a7ed1ca4e","name":"Bermondsey Station Bus Stop","location":{"address":"145-147 Jamaica Rd","lat":"51.49806520497961","lng":"-0.0646884979598835","distance":"255","postalCode":"SE16 4","cc":"GB","city":"Camberwell","state":"Greater London","country":"United Kingdom"},"categories":[{"id":"4bf58dd8d48988d12b951735","name":"Bus Line","pluralName":"Bus Lines","shortName":"Bus","icon":{"prefix":"https:\/\/ss1.4sqi.net\/img\/categories_v2\/travel\/busstation_","suffix":".png"},"primary":"true"}],"verified":"false","restricted":"true","stats":{"checkinsCount":"1750","usersCount":"307","tipCount":"1"},"specials":{"count":"0"},"hereNow":{"count":"0"},"referralId":"v-1392478061"},{"id":"524a7ace11d2165ddf4a9cce","name":"St James's Road","location":{"lat":"51.49854985341269","lng":"-0.06877176993524914","distance":"106","cc":"GB","country":"United Kingdom"},"categories":[{"id":"4bf58dd8d48988d1fe931735","name":"Bus Station","pluralName":"Bus Stations","shortName":"Bus Station","icon":{"prefix":"https:\/\/ss1.4sqi.net\/img\/categories_v2\/travel\/busstation_","suffix":".png"},"primary":"true"}],"verified":"false","restricted":"true","stats":{"checkinsCount":"13","usersCount":"5","tipCount":"0"},"specials":{"count":"0"},"hereNow":{"count":"0"},"referralId":"v-1392478061"},{"id":"50312fe2e4b0beacbf0f1e92","name":"Luna House","location":{"address":"37 Bermondsey Wall West","lat":"51.501060738616445","lng":"-0.06682204087584855","distance":"208","postalCode":"SE16 4RN","cc":"GB","city":"Bermondsey","state":"Greater London","country":"United Kingdom"},"categories":[{"id":"4d954b06a243a5684965b473","name":"Residential Building (Apartment \/ Condo)","pluralName":"Residential Buildings (Apartments \/ Condos)","shortName":"Residential","icon":{"prefix":"https:\/\/ss1.4sqi.net\/img\/categories_v2\/building\/apartment_","suffix":".png"},"primary":"true"}],"verified":"false","restricted":"true","stats":{"checkinsCount":"516","usersCount":"7","tipCount":"0"},"specials":{"count":"0"},"hereNow":{"count":"0"},"referralId":"v-1392478061"},{"id":"4da83f4ecda119a2c8f88923","name":"TfL Bus 381","location":{"address":"Moving Target!","lat":"51.49814785708558","lng":"-0.06573540872529894","distance":"191","cc":"GB","city":"London","state":"Greater London","country":"United Kingdom"},"categories":[{"id":"4bf58dd8d48988d12b951735","name":"Bus Line","pluralName":"Bus Lines","shortName":"Bus","icon":{"prefix":"https:\/\/ss1.4sqi.net\/img\/categories_v2\/travel\/busstation_","suffix":".png"},"primary":"true"}],"verified":"false","restricted":"true","stats":{"checkinsCount":"501","usersCount":"88","tipCount":"1"},"specials":{"count":"0"},"hereNow":{"count":"0"},"referralId":"v-1392478061"},{"id":"4b8fecb7f964a520e96933e3","name":"Old Justice","contact":{"phone":"+442072373452","formattedPhone":"+44 20 7237 3452"},"location":{"address":"94 Bermondsey Wall East","lat":"51.50028759859823","lng":"-0.06422329905529044","distance":"271","postalCode":"SE16 4TY","cc":"GB","city":"London","state":"Greater London","country":"United Kingdom"},"categories":[{"id":"4bf58dd8d48988d11b941735","name":"Pub","pluralName":"Pubs","shortName":"Pub","icon":{"prefix":"https:\/\/ss1.4sqi.net\/img\/categories_v2\/nightlife\/pub_","suffix":".png"},"primary":"true"}],"verified":"false","restricted":"true","stats":{"checkinsCount":"558","usersCount":"195","tipCount":"4"},"specials":{"count":"0"},"hereNow":{"count":"0"},"referralId":"v-1392478061"},{"id":"507fd5d6e4b0dd27bcc90526","name":"Felton Hall House","location":{"address":"100 George Row","lat":"51.49876539277935","lng":"-0.06963721860756762","distance":"139","cc":"GB","city":"London","state":"Greater London","country":"United Kingdom"},"categories":[{"id":"4d954b06a243a5684965b473","name":"Residential Building (Apartment \/ Condo)","pluralName":"Residential Buildings (Apartments \/ Condos)","shortName":"Residential","icon":{"prefix":"https:\/\/ss1.4sqi.net\/img\/categories_v2\/building\/apartment_","suffix":".png"},"primary":"true"}],"verified":"false","restricted":"true","stats":{"checkinsCount":"193","usersCount":"11","tipCount":"0"},"specials":{"count":"0"},"hereNow":{"count":"0"},"referralId":"v-1392478061"},{"id":"50549848e4b01f3aa54d0730","name":"Earl pumping Station","location":{"lat":"51.49918191893108","lng":"-0.06832532739417305","distance":"38","cc":"GB","country":"United Kingdom"},"categories":[{"id":"4bf58dd8d48988d130941735","name":"Building","pluralName":"Buildings","shortName":"Building","icon":{"prefix":"https:\/\/ss1.4sqi.net\/img\/categories_v2\/building\/default_","suffix":".png"},"primary":"true"}],"verified":"false","restricted":"true","stats":{"checkinsCount":"2","usersCount":"1","tipCount":"0"},"specials":{"count":"0"},"hereNow":{"count":"0"},"referralId":"v-1392478061"},{"id":"52f35648498e5ab0a24f0df3","name":"\u0435\u0431\u0430\u043d\u044b\u0439 \u0441\u0442\u0440\u0430\u0439\u043a","location":{"lat":"51.498111","lng":"-0.067795","distance":"131","cc":"GB","country":"United Kingdom"},"categories":[{"id":"4f2a23984b9023bd5841ed2c","name":"Moving Target","pluralName":"Moving Targets","shortName":"Moving Target","icon":{"prefix":"https:\/\/ss1.4sqi.net\/img\/categories_v2\/travel\/movingtarget_","suffix":".png"},"primary":"true"}],"verified":"false","restricted":"true","stats":{"checkinsCount":"1","usersCount":"1","tipCount":"0"},"specials":{"count":"0"},"hereNow":{"count":"0"},"referralId":"v-1392478061"},{"id":"4ba720daf964a520218239e3","name":"Sun Passage","location":{"address":"Sun passage","crossStreet":"Old Jamaica Road","lat":"51.49695835193849","lng":"-0.06862163543701172","distance":"265","postalCode":"Se16 4bp","cc":"GB","country":"United Kingdom"},"categories":[{"id":"4d954b06a243a5684965b473","name":"Residential Building (Apartment \/ Condo)","pluralName":"Residential Buildings (Apartments \/ Condos)","shortName":"Residential","icon":{"prefix":"https:\/\/ss1.4sqi.net\/img\/categories_v2\/building\/apartment_","suffix":".png"},"primary":"true"}],"verified":"false","restricted":"true","stats":{"checkinsCount":"169","usersCount":"25","tipCount":"0"},"specials":{"count":"0"},"hereNow":{"count":"0"},"referralId":"v-1392478061"},{"id":"4bd4314a9854d13a372cff4d","name":"The Gregorian","location":{"address":"Southwark","lat":"51.49752608917577","lng":"-0.06651878356933594","distance":"215","cc":"GB","city":"Southwark","state":"Greater London","country":"United Kingdom"},"categories":[{"id":"4bf58dd8d48988d11b941735","name":"Pub","pluralName":"Pubs","shortName":"Pub","icon":{"prefix":"https:\/\/ss1.4sqi.net\/img\/categories_v2\/nightlife\/pub_","suffix":".png"},"primary":"true"}],"verified":"false","restricted":"true","stats":{"checkinsCount":"286","usersCount":"145","tipCount":"8"},"specials":{"count":"0"},"hereNow":{"count":"0"},"referralId":"v-1392478061"},{"id":"4c30c60e452620a1e0991f0f","name":"St James Church","location":{"lat":"51.497155808101965","lng":"-0.06733421841349399","distance":"239","cc":"GB","country":"United Kingdom"},"categories":[{"id":"4bf58dd8d48988d132941735","name":"Church","pluralName":"Churches","shortName":"Church","icon":{"prefix":"https:\/\/ss1.4sqi.net\/img\/categories_v2\/building\/religious_church_","suffix":".png"},"primary":"true"}],"verified":"false","restricted":"true","stats":{"checkinsCount":"197","usersCount":"64","tipCount":"1"},"specials":{"count":"0"},"hereNow":{"count":"0"},"referralId":"v-1392478061"},{"id":"4f097d90e4b0ad9c264b28e7","name":"Dockhead","location":{"lat":"51.49985713098747","lng":"-0.07204184660820225","distance":"300","cc":"GB","country":"United Kingdom"},"categories":[{"id":"4bf58dd8d48988d132941735","name":"Church","pluralName":"Churches","shortName":"Church","icon":{"prefix":"https:\/\/ss1.4sqi.net\/img\/categories_v2\/building\/religious_church_","suffix":".png"},"primary":"true"}],"verified":"false","restricted":"true","stats":{"checkinsCount":"86","usersCount":"38","tipCount":"0"},"specials":{"count":"0"},"hereNow":{"count":"0"},"referralId":"v-1392478061"},{"id":"4e05bc896284d9ee92ca4215","name":"Kappacasein","location":{"lat":"51.49688249345264","lng":"-0.0689787553119456","distance":"280","cc":"GB","country":"United Kingdom"},"categories":[{"id":"4bf58dd8d48988d11e951735","name":"Cheese Shop","pluralName":"Cheese Shops","shortName":"Cheese Shop","icon":{"prefix":"https:\/\/ss1.4sqi.net\/img\/categories_v2\/shops\/food_cheese_","suffix":".png"},"primary":"true"}],"verified":"false","restricted":"true","stats":{"checkinsCount":"96","usersCount":"52","tipCount":"3"},"specials":{"count":"0"},"hereNow":{"count":"0"},"referralId":"v-1392478061"},{"id":"4f367378e4b0d3ab5062d71a","name":"The Butchery","location":{"address":"Dockley Rd","crossStreet":"Maltby Street","lat":"51.49563573751177","lng":"-0.06855712900334289","distance":"410","cc":"GB","city":"London","state":"Greater London","country":"United Kingdom"},"categories":[{"id":"4bf58dd8d48988d11d951735","name":"Butcher","pluralName":"Butchers","shortName":"Butcher","icon":{"prefix":"https:\/\/ss1.4sqi.net\/img\/categories_v2\/shops\/food_butcher_","suffix":".png"},"primary":"true"}],"verified":"false","restricted":"true","stats":{"checkinsCount":"193","usersCount":"63","tipCount":"1"},"specials":{"count":"0"},"hereNow":{"count":"0"},"referralId":"v-1392478061"},{"id":"5052ec87e4b07f9d61f255fc","name":"Bus stop E (Dockhead)","location":{"lat":"51.49980588756602","lng":"-0.07222514459735271","distance":"311","cc":"GB","country":"United Kingdom"},"categories":[{"id":"4bf58dd8d48988d12b951735","name":"Bus Line","pluralName":"Bus Lines","shortName":"Bus","icon":{"prefix":"https:\/\/ss1.4sqi.net\/img\/categories_v2\/travel\/busstation_","suffix":".png"},"primary":"true"}],"verified":"false","restricted":"true","stats":{"checkinsCount":"53","usersCount":"16","tipCount":"0"},"specials":{"count":"0"},"hereNow":{"count":"0"},"referralId":"v-1392478061"},{"id":"4e33e10681304e5c10615ab6","name":"Rosie's Cafe","location":{"address":"125 Jamaica Road","lat":"51.4983509653836","lng":"-0.06611377000808716","distance":"156","postalCode":"SE16 4SH","cc":"GB","city":"London","state":"Greater London","country":"United Kingdom"},"categories":[{"id":"4bf58dd8d48988d16d941735","name":"Caf\u00e9","pluralName":"Caf\u00e9s","shortName":"Caf\u00e9","icon":{"prefix":"https:\/\/ss1.4sqi.net\/img\/categories_v2\/food\/cafe_","suffix":".png"},"primary":"true"}],"verified":"false","restricted":"true","stats":{"checkinsCount":"104","usersCount":"34","tipCount":"2"},"specials":{"count":"0"},"hereNow":{"count":"0"},"referralId":"v-1392478061"},{"id":"50aabbbc582f907d77b5eb89","name":"The Co-operative Food","contact":{"twitter":"cooperativefood"},"location":{"address":"5 Mill St.","crossStreet":"Jamaica Rd","lat":"51.50028786297641","lng":"-0.07302045822143555","distance":"378","postalCode":"SE1 2DE","cc":"GB","city":"London","state":"Greater London","country":"United Kingdom"},"categories":[{"id":"4bf58dd8d48988d118951735","name":"Grocery Store","pluralName":"Grocery Stores","shortName":"Grocery Store","icon":{"prefix":"https:\/\/ss1.4sqi.net\/img\/categories_v2\/shops\/food_grocery_","suffix":".png"},"primary":"true"}],"verified":"false","restricted":"true","stats":{"checkinsCount":"45","usersCount":"20","tipCount":"0"},"specials":{"count":"0"},"hereNow":{"count":"0"},"referralId":"v-1392478061"},{"id":"4bd28586462cb7130ba6dc07","name":"Providence Square","location":{"lat":"51.501105075943514","lng":"-0.06945437873102589","distance":"232","postalCode":"SE1","cc":"GB","city":"Shad Thames","state":"Greater London","country":"United Kingdom"},"categories":[{"id":"4d954b06a243a5684965b473","name":"Residential Building (Apartment \/ Condo)","pluralName":"Residential Buildings (Apartments \/ Condos)","shortName":"Residential","icon":{"prefix":"https:\/\/ss1.4sqi.net\/img\/categories_v2\/building\/apartment_","suffix":".png"},"primary":"true"}],"verified":"false","restricted":"true","stats":{"checkinsCount":"147","usersCount":"34","tipCount":"2"},"specials":{"count":"0"},"hereNow":{"count":"0"},"referralId":"v-1392478061"},{"id":"4ead1857cc21b06a5775fc39","name":"Allen Carr's Easyway","location":{"address":"14 Pepys Rd Raynes Park","lat":"51.499805","lng":"-0.068712","distance":"85","postalCode":"SW20 8NH","cc":"GB","city":"London","state":"Greater London","country":"United Kingdom"},"categories":[{"id":"4bf58dd8d48988d13a941735","name":"Temple","pluralName":"Temples","shortName":"Temple","icon":{"prefix":"https:\/\/ss1.4sqi.net\/img\/categories_v2\/building\/religious_temple_","suffix":".png"},"primary":"true"}],"verified":"false","restricted":"true","stats":{"checkinsCount":"1","usersCount":"1","tipCount":"0"},"specials":{"count":"0"},"hereNow":{"count":"0"},"referralId":"v-1392478061"},{"id":"5054ad36e4b01f3aa55beeac","name":"Mouth Of The Surrey Canal","location":{"lat":"51.49877732161596","lng":"-0.06687980011638224","distance":"85","cc":"GB","country":"United Kingdom"},"categories":[{"id":"4bf58dd8d48988d1e0941735","name":"Harbor \/ Marina","pluralName":"Harbors \/ Marinas","shortName":"Harbor \/ Marina","icon":{"prefix":"https:\/\/ss1.4sqi.net\/img\/categories_v2\/parks_outdoors\/harbor_","suffix":".png"},"primary":"true"}],"verified":"false","restricted":"true","stats":{"checkinsCount":"2","usersCount":"1","tipCount":"0"},"specials":{"count":"0"},"hereNow":{"count":"0"},"referralId":"v-1392478061"},{"id":"5101047ae4b0c9cd2c07c54f","name":"The Tanyard","location":{"lat":"51.499034","lng":"-0.068982","distance":"86","cc":"GB","country":"United Kingdom"},"categories":[{"id":"4bf58dd8d48988d130941735","name":"Building","pluralName":"Buildings","shortName":"Building","icon":{"prefix":"https:\/\/ss1.4sqi.net\/img\/categories_v2\/building\/default_","suffix":".png"},"primary":"true"}],"verified":"false","restricted":"true","stats":{"checkinsCount":"1","usersCount":"1","tipCount":"0"},"specials":{"count":"0"},"hereNow":{"count":"0"},"referralId":"v-1392478061"},{"id":"4e81d6fd5c5c305b36eb2814","name":"Italian Building","location":{"lat":"51.50037049008959","lng":"-0.07177934202736448","distance":"300","cc":"GB","city":"London","state":"Greater London","country":"United Kingdom"},"categories":[{"id":"4bf58dd8d48988d130941735","name":"Building","pluralName":"Buildings","shortName":"Building","icon":{"prefix":"https:\/\/ss1.4sqi.net\/img\/categories_v2\/building\/default_","suffix":".png"},"primary":"true"}],"verified":"false","restricted":"true","stats":{"checkinsCount":"34","usersCount":"11","tipCount":"0"},"specials":{"count":"0"},"hereNow":{"count":"0"},"referralId":"v-1392478061"},{"id":"4f11875ae4b09e58a10bc986","name":"Post Office","location":{"address":"158 Jamaica Road City","lat":"51.49807092158682","lng":"-0.06377070527746709","distance":"310","postalCode":"SE16 4SN","cc":"GB","city":"London","state":"Greater London","country":"United Kingdom"},"categories":[{"id":"4bf58dd8d48988d1ff941735","name":"Miscellaneous Shop","pluralName":"Miscellaneous Shops","shortName":"Shop","icon":{"prefix":"https:\/\/ss1.4sqi.net\/img\/categories_v2\/shops\/default_","suffix":".png"},"primary":"true"}],"verified":"false","restricted":"true","stats":{"checkinsCount":"61","usersCount":"43","tipCount":"0"},"specials":{"count":"0"},"hereNow":{"count":"0"},"referralId":"v-1392478061"},{"id":"4b531290f964a5201e8e27e3","name":"Salmon Centre","location":{"address":"Old Jamaica S","crossStreet":"Abbey Street","lat":"51.497996980564025","lng":"-0.06971320613144721","distance":"195","cc":"GB","city":"London","state":"Greater London","country":"United Kingdom"},"verified":"false","restricted":"true","stats":{"checkinsCount":"37","usersCount":"20","tipCount":"0"},"specials":{"count":"0"},"hereNow":{"count":"0"},"referralId":"v-1392478061"},{"id":"511f741a582f577d562ffab7","name":"O'Shea's Butchers Ltd","contact":{"phone":"+442070641712","formattedPhone":"+44 20 7064 1712","twitter":"osheasbutchers"},"location":{"address":"120 Druid St","lat":"51.498437793589666","lng":"-0.0728917121887207","distance":"365","postalCode":"SE1 2HH","cc":"GB","city":"London","state":"Greater London","country":"United Kingdom"},"categories":[{"id":"4bf58dd8d48988d11d951735","name":"Butcher","pluralName":"Butchers","shortName":"Butcher","icon":{"prefix":"https:\/\/ss1.4sqi.net\/img\/categories_v2\/shops\/food_butcher_","suffix":".png"},"primary":"true"}],"verified":"false","restricted":"true","stats":{"checkinsCount":"23","usersCount":"12","tipCount":"2"},"specials":{"count":"0"},"hereNow":{"count":"0"},"referralId":"v-1392478061"},{"id":"51e79b00498eaefba6396ed2","name":"Jimmy's & sons","location":{"address":"162 Jamaica Road","lat":"51.498358","lng":"-0.06313","distance":"340","postalCode":"SE16 4RT","cc":"GB","city":"Bermondsey","state":"Greater London","country":"United Kingdom"},"categories":[{"id":"4bf58dd8d48988d110951735","name":"Salon \/ Barbershop","pluralName":"Salons \/ Barbershops","shortName":"Salon \/ Barbershop","icon":{"prefix":"https:\/\/ss1.4sqi.net\/img\/categories_v2\/shops\/salon_barber_","suffix":".png"},"primary":"true"}],"verified":"false","restricted":"true","stats":{"checkinsCount":"4","usersCount":"2","tipCount":"0"},"specials":{"count":"0"},"hereNow":{"count":"0"},"referralId":"v-1392478061"}],"confident":"true"}}