{"meta":{"code":"200"},"response":{"venues":[{"id":"4ac518c4f964a5207da420e3","name":"The Fentiman Arms","contact":{"phone":"+442077939796","formattedPhone":"+44 20 7793 9796","twitter":"geronimopubs"},"location":{"address":"64 Fentiman Rd","crossStreet":"at Carroun Rd","lat":"51.48102875310974","lng":"-0.11815769137579506","distance":"195","postalCode":"SW8 1LA","cc":"GB","city":"Kennington","state":"Greater London","country":"United Kingdom"},"categories":[{"id":"4bf58dd8d48988d11b941735","name":"Pub","pluralName":"Pubs","shortName":"Pub","icon":{"prefix":"https:\/\/ss1.4sqi.net\/img\/categories_v2\/nightlife\/pub_","suffix":".png"},"primary":"true"}],"verified":"true","restricted":"true","stats":{"checkinsCount":"1290","usersCount":"654","tipCount":"25"},"url":"http:\/\/www.geronimo-inns.co.uk\/thefentimanarms\/","specials":{"count":"0"},"hereNow":{"count":"4","groups":[{"type":"others","name":"Other people here","count":"4"}]},"referralId":"v-1392478108"},{"id":"4ba5e970f964a520ef2839e3","name":"Vauxhall Park","contact":{"phone":"+442079269000","formattedPhone":"+44 20 7926 9000"},"location":{"address":"Fentiman Road","lat":"51.481989288199784","lng":"-0.12170803204532786","distance":"404","postalCode":"SW8","cc":"GB","city":"Vauxhall","state":"Greater London","country":"United Kingdom"},"categories":[{"id":"4bf58dd8d48988d163941735","name":"Park","pluralName":"Parks","shortName":"Park","icon":{"prefix":"https:\/\/ss1.4sqi.net\/img\/categories_v2\/parks_outdoors\/park_","suffix":".png"},"primary":"true"}],"verified":"false","restricted":"true","stats":{"checkinsCount":"1787","usersCount":"373","tipCount":"6"},"specials":{"count":"0"},"hereNow":{"count":"0"},"referralId":"v-1392478108"},{"id":"4f02ce997716ada067d772c1","name":"The Gym","contact":{"phone":"+448443843260","formattedPhone":"+44 844 384 3260","twitter":"thegymgroup"},"location":{"address":"143 Clapham Rd.","lat":"51.476498395630315","lng":"-0.11722326278686523","distance":"313","postalCode":"SW9 0HP","cc":"GB","city":"London","state":"Greater London","country":"United Kingdom"},"categories":[{"id":"4bf58dd8d48988d176941735","name":"Gym","pluralName":"Gyms","shortName":"Gym","icon":{"prefix":"https:\/\/ss1.4sqi.net\/img\/categories_v2\/building\/gym_","suffix":".png"},"primary":"true"}],"verified":"true","restricted":"true","stats":{"checkinsCount":"1220","usersCount":"118","tipCount":"5"},"specials":{"count":"0"},"hereNow":{"count":"0"},"referralId":"v-1392478108"},{"id":"4b5ac69ff964a52020d428e3","name":"Albert Square","location":{"address":"20 Albert Square","lat":"51.47738713300347","lng":"-0.12003421783447266","distance":"262","postalCode":"SW8 1BS","cc":"GB","city":"London","state":"Greater London","country":"United Kingdom"},"categories":[{"id":"4bf58dd8d48988d163941735","name":"Park","pluralName":"Parks","shortName":"Park","icon":{"prefix":"https:\/\/ss1.4sqi.net\/img\/categories_v2\/parks_outdoors\/park_","suffix":".png"},"primary":"true"}],"verified":"false","restricted":"true","stats":{"checkinsCount":"2040","usersCount":"152","tipCount":"6"},"specials":{"count":"0"},"hereNow":{"count":"0"},"referralId":"v-1392478108"},{"id":"4afc69f1f964a520682222e3","name":"The Oval Lounge","contact":{"phone":"+442077358882","formattedPhone":"+44 20 7735 8882"},"location":{"address":"24 Clapham Rd","crossStreet":"at Claylands Rd","lat":"51.480663030236315","lng":"-0.11380423941035812","distance":"316","postalCode":"SW9 0JG","cc":"GB","city":"Kennington","state":"Greater London","country":"United Kingdom"},"categories":[{"id":"4bf58dd8d48988d16d941735","name":"Caf\u00e9","pluralName":"Caf\u00e9s","shortName":"Caf\u00e9","icon":{"prefix":"https:\/\/ss1.4sqi.net\/img\/categories_v2\/food\/cafe_","suffix":".png"},"primary":"true"}],"verified":"false","restricted":"true","stats":{"checkinsCount":"987","usersCount":"464","tipCount":"25"},"url":"http:\/\/www.ovallounge.co.uk","reservations":{"url":"http:\/\/www.toptable.co.uk\/single.aspx?rid=72595&ref=9601"},"menu":{"type":"Menu","label":"Menu","anchor":"View Menu","url":"https:\/\/foursquare.com\/v\/the-oval-lounge\/4afc69f1f964a520682222e3\/menu","mobileUrl":"https:\/\/foursquare.com\/v\/4afc69f1f964a520682222e3\/device_menu"},"specials":{"count":"0"},"hereNow":{"count":"0"},"referralId":"v-1392478108"},{"id":"4cc2e294306e224b2303936c","name":"Tesco Express","contact":{"phone":"+448450269843","formattedPhone":"+44 845 026 9843","twitter":"uktescooffers"},"location":{"address":"131-143 Clapham Rd.","lat":"51.47593707889355","lng":"-0.11826395988464355","distance":"374","postalCode":"SW99 0HR","cc":"GB","city":"London","state":"Greater London","country":"United Kingdom"},"categories":[{"id":"4bf58dd8d48988d118951735","name":"Grocery Store","pluralName":"Grocery Stores","shortName":"Grocery Store","icon":{"prefix":"https:\/\/ss1.4sqi.net\/img\/categories_v2\/shops\/food_grocery_","suffix":".png"},"primary":"true"}],"verified":"true","restricted":"true","stats":{"checkinsCount":"690","usersCount":"121","tipCount":"3"},"url":"http:\/\/www.tesco.com","specials":{"count":"0"},"hereNow":{"count":"0"},"storeId":"6020","referralId":"v-1392478108"},{"id":"4f51d94be4b099f1d1d02bb7","name":"Dorset Road","location":{"lat":"51.478075151813464","lng":"-0.11727030331682305","distance":"140","cc":"GB","country":"United Kingdom"},"categories":[{"id":"4bf58dd8d48988d1fe931735","name":"Bus Station","pluralName":"Bus Stations","shortName":"Bus Station","icon":{"prefix":"https:\/\/ss1.4sqi.net\/img\/categories_v2\/travel\/busstation_","suffix":".png"},"primary":"true"}],"verified":"false","restricted":"true","stats":{"checkinsCount":"14","usersCount":"10","tipCount":"0"},"specials":{"count":"0"},"hereNow":{"count":"0"},"referralId":"v-1392478108"},{"id":"52e3ef01498e7ec315ac370c","name":"Dorset Dry Cleaning","location":{"lat":"51.478959","lng":"-0.118866","distance":"82","cc":"GB","country":"United Kingdom"},"categories":[{"id":"4bf58dd8d48988d1fc941735","name":"Laundry Service","pluralName":"Laundry Services","shortName":"Laundry","icon":{"prefix":"https:\/\/ss1.4sqi.net\/img\/categories_v2\/shops\/laundry_","suffix":".png"},"primary":"true"}],"verified":"false","restricted":"true","stats":{"checkinsCount":"1","usersCount":"1","tipCount":"0"},"specials":{"count":"0"},"hereNow":{"count":"0"},"referralId":"v-1392478108"},{"id":"5178d1ca498e66dca2a93bac","name":"Total","location":{"lat":"51.47864069411033","lng":"-0.11556201469924925","distance":"171","cc":"GB","country":"United Kingdom"},"categories":[{"id":"4bf58dd8d48988d113951735","name":"Gas Station \/ Garage","pluralName":"Gas Stations \/ Garages","shortName":"Gas Station \/ Garage","icon":{"prefix":"https:\/\/ss1.4sqi.net\/img\/categories_v2\/shops\/gas_","suffix":".png"},"primary":"true"}],"verified":"false","restricted":"true","stats":{"checkinsCount":"19","usersCount":"7","tipCount":"0"},"specials":{"count":"0"},"hereNow":{"count":"0"},"referralId":"v-1392478108"},{"id":"4ee30207be7b4845a2e92ce1","name":"Bedfordshire","location":{"lat":"51.479587","lng":"-0.118058","distance":"37","cc":"GB","country":"United Kingdom"},"verified":"false","restricted":"true","stats":{"checkinsCount":"0","usersCount":"0","tipCount":"0"},"specials":{"count":"0"},"hereNow":{"count":"0"},"referralId":"v-1392478108"},{"id":"51d46493498e514934ce5a57","name":"Gay Ole Dungeon","location":{"lat":"51.479105","lng":"-0.115258","distance":"177","cc":"GB","country":"United Kingdom"},"categories":[{"id":"4bf58dd8d48988d1d8941735","name":"Gay Bar","pluralName":"Gay Bars","shortName":"Gay Bar","icon":{"prefix":"https:\/\/ss1.4sqi.net\/img\/categories_v2\/nightlife\/gaybar_","suffix":".png"},"primary":"true"}],"verified":"false","restricted":"true","stats":{"checkinsCount":"10","usersCount":"6","tipCount":"1"},"specials":{"count":"0"},"hereNow":{"count":"0"},"referralId":"v-1392478108"},{"id":"51af0eee498e52b3ee5f2ccd","name":"Dolcezza","location":{"lat":"51.47651898575928","lng":"-0.11804738853654752","distance":"308","cc":"GB","country":"United Kingdom"},"categories":[{"id":"4bf58dd8d48988d16d941735","name":"Caf\u00e9","pluralName":"Caf\u00e9s","shortName":"Caf\u00e9","icon":{"prefix":"https:\/\/ss1.4sqi.net\/img\/categories_v2\/food\/cafe_","suffix":".png"},"primary":"true"}],"verified":"false","restricted":"true","stats":{"checkinsCount":"108","usersCount":"40","tipCount":"11"},"specials":{"count":"0"},"hereNow":{"count":"0"},"referralId":"v-1392478108"},{"id":"4ea1d9ebb8f7e4911e5e49ea","name":"Mar azul","location":{"lat":"51.478039062749325","lng":"-0.11687832707346683","distance":"153","cc":"GB","country":"United Kingdom"},"categories":[{"id":"4def73e84765ae376e57713a","name":"Portuguese Restaurant","pluralName":"Portuguese Restaurants","shortName":"Portuguese","icon":{"prefix":"https:\/\/ss1.4sqi.net\/img\/categories_v2\/food\/default_","suffix":".png"},"primary":"true"}],"verified":"false","restricted":"true","stats":{"checkinsCount":"80","usersCount":"38","tipCount":"1"},"menu":{"type":"Menu","label":"Menu","anchor":"View Menu","url":"https:\/\/foursquare.com\/v\/mar-azul\/4ea1d9ebb8f7e4911e5e49ea\/menu","mobileUrl":"https:\/\/foursquare.com\/v\/4ea1d9ebb8f7e4911e5e49ea\/device_menu"},"specials":{"count":"0"},"hereNow":{"count":"0"},"referralId":"v-1392478108"},{"id":"5241b0f511d25a40e1192b4b","name":"Hey Jo","location":{"address":"108 Fentiman Road","lat":"51.481603","lng":"-0.120325","distance":"311","postalCode":"SW8 1QA","cc":"GB","city":"London","state":"Greater London","country":"United Kingdom"},"categories":[{"id":"4bf58dd8d48988d174941735","name":"Coworking Space","pluralName":"Coworking Spaces","shortName":"Coworking Space","icon":{"prefix":"https:\/\/ss1.4sqi.net\/img\/categories_v2\/building\/office_coworkingspace_","suffix":".png"},"primary":"true"}],"verified":"false","restricted":"true","stats":{"checkinsCount":"17","usersCount":"1","tipCount":"0"},"specials":{"count":"0"},"hereNow":{"count":"0"},"referralId":"v-1392478108"},{"id":"4e1dd873fa7653a9b2e70751","name":"Price Cutter","location":{"address":"42 Clapham Road","lat":"51.47984636724192","lng":"-0.11462027741075144","distance":"229","cc":"GB","city":"London","state":"Greater London","country":"United Kingdom"},"categories":[{"id":"4d954b0ea243a5684a65b473","name":"Convenience Store","pluralName":"Convenience Stores","shortName":"Convenience Stores","icon":{"prefix":"https:\/\/ss1.4sqi.net\/img\/categories_v2\/shops\/conveniencestore_","suffix":".png"},"primary":"true"}],"verified":"false","restricted":"true","stats":{"checkinsCount":"250","usersCount":"22","tipCount":"1"},"specials":{"count":"0"},"hereNow":{"count":"0"},"referralId":"v-1392478108"},{"id":"4d3a27b581258cfa04f4a25f","name":"59 Rochborne Terrace","location":{"lat":"51.479789","lng":"-0.118415","distance":"69","cc":"GB","country":"United Kingdom"},"verified":"false","restricted":"true","stats":{"checkinsCount":"13","usersCount":"4","tipCount":"0"},"specials":{"count":"0"},"hereNow":{"count":"0"},"referralId":"v-1392478108"},{"id":"52698c52498ef7a220f5194f","name":"Curry Club 72","location":{"lat":"51.480426","lng":"-0.120803","distance":"243","cc":"GB","country":"United Kingdom"},"categories":[{"id":"4d954b06a243a5684965b473","name":"Residential Building (Apartment \/ Condo)","pluralName":"Residential Buildings (Apartments \/ Condos)","shortName":"Residential","icon":{"prefix":"https:\/\/ss1.4sqi.net\/img\/categories_v2\/building\/apartment_","suffix":".png"},"primary":"true"}],"verified":"false","restricted":"true","stats":{"checkinsCount":"18","usersCount":"4","tipCount":"0"},"specials":{"count":"0"},"hereNow":{"count":"0"},"referralId":"v-1392478108"},{"id":"51e52688498e02caaeeec755","name":"London Underground","location":{"address":"24 Eversholt Street","lat":"51.480525217896016","lng":"-0.11381518462051263","distance":"308","cc":"GB","country":"United Kingdom"},"categories":[{"id":"4bf58dd8d48988d124941735","name":"Office","pluralName":"Offices","shortName":"Office","icon":{"prefix":"https:\/\/ss1.4sqi.net\/img\/categories_v2\/building\/default_","suffix":".png"},"primary":"true"}],"verified":"false","restricted":"true","stats":{"checkinsCount":"13","usersCount":"13","tipCount":"0"},"specials":{"count":"0"},"hereNow":{"count":"0"},"referralId":"v-1392478108"},{"id":"521a871411d202c8fd337fd8","name":"129A South Lambeth Road","location":{"lat":"51.478811","lng":"-0.123118","distance":"372","cc":"GB","country":"United Kingdom"},"categories":[{"id":"4d954b06a243a5684965b473","name":"Residential Building (Apartment \/ Condo)","pluralName":"Residential Buildings (Apartments \/ Condos)","shortName":"Residential","icon":{"prefix":"https:\/\/ss1.4sqi.net\/img\/categories_v2\/building\/apartment_","suffix":".png"},"primary":"true"}],"verified":"false","restricted":"true","stats":{"checkinsCount":"88","usersCount":"9","tipCount":"0"},"specials":{"count":"0"},"hereNow":{"count":"0"},"referralId":"v-1392478108"},{"id":"4bfa85ddb182c9b6ac687a5a","name":"Claylands Fish & Chips","contact":{"phone":"+442077937550","formattedPhone":"+44 20 7793 7550"},"location":{"address":"2 Claylands Road","crossStreet":"Clapham Road","lat":"51.48055","lng":"-0.114203","distance":"286","postalCode":"SW8 1NY","cc":"GB","city":"Lambeth","state":"Greater London","country":"United Kingdom"},"categories":[{"id":"4edd64a0c7ddd24ca188df1a","name":"Fish & Chips Shop","pluralName":"Fish & Chips Shops","shortName":"Fish & Chips","icon":{"prefix":"https:\/\/ss1.4sqi.net\/img\/categories_v2\/food\/fishandchips_","suffix":".png"},"primary":"true"}],"verified":"false","restricted":"true","stats":{"checkinsCount":"97","usersCount":"47","tipCount":"3"},"specials":{"count":"0"},"hereNow":{"count":"0"},"referralId":"v-1392478108"},{"id":"524b2a5a11d2843b5e46e5bf","name":"Lietuvos Telekomas","location":{"address":"19 St. Stephens","lat":"51.478078","lng":"-0.12183","distance":"310","postalCode":"Sw8 1dj","cc":"GB","city":"London","state":"Greater London","country":"United Kingdom"},"categories":[{"id":"5032792091d4c4b30a586d5c","name":"Concert Hall","pluralName":"Concert Halls","shortName":"Concert Hall","icon":{"prefix":"https:\/\/ss1.4sqi.net\/img\/categories_v2\/arts_entertainment\/musicvenue_","suffix":".png"},"primary":"true"}],"verified":"false","restricted":"true","stats":{"checkinsCount":"6","usersCount":"1","tipCount":"0"},"specials":{"count":"0"},"hereNow":{"count":"0"},"referralId":"v-1392478108"},{"id":"4f352784e4b0cd0fe80bf991","name":"Tradescant Rd","location":{"address":"Tradescant Rd","lat":"51.478265693928755","lng":"-0.12236533719035994","distance":"336","cc":"GB","country":"United Kingdom"},"categories":[{"id":"4bf58dd8d48988d124941735","name":"Office","pluralName":"Offices","shortName":"Office","icon":{"prefix":"https:\/\/ss1.4sqi.net\/img\/categories_v2\/building\/default_","suffix":".png"},"primary":"true"}],"verified":"false","restricted":"true","stats":{"checkinsCount":"95","usersCount":"14","tipCount":"1"},"specials":{"count":"0"},"hereNow":{"count":"0"},"referralId":"v-1392478108"},{"id":"4da4addd0f578cfa6abbd418","name":"Crewdson Road","location":{"lat":"51.479074","lng":"-0.114486","distance":"231","cc":"GB","city":"Lambeth","state":"Greater London","country":"United Kingdom"},"categories":[{"id":"4bf58dd8d48988d130941735","name":"Building","pluralName":"Buildings","shortName":"Building","icon":{"prefix":"https:\/\/ss1.4sqi.net\/img\/categories_v2\/building\/default_","suffix":".png"},"primary":"true"}],"verified":"false","restricted":"true","stats":{"checkinsCount":"4","usersCount":"3","tipCount":"0"},"specials":{"count":"0"},"hereNow":{"count":"0"},"referralId":"v-1392478108"},{"id":"5170ff30e4b08309e85f0ae8","name":"St Stephen's Terrace","location":{"lat":"51.47811138666653","lng":"-0.12120800532865114","distance":"270","cc":"GB","country":"United Kingdom"},"categories":[{"id":"4f2a210c4b9023bd5841ed28","name":"Housing Development","pluralName":"Housing Developments","shortName":"Housing Development","icon":{"prefix":"https:\/\/ss1.4sqi.net\/img\/categories_v2\/building\/housingdevelopment_","suffix":".png"},"primary":"true"}],"verified":"false","restricted":"true","stats":{"checkinsCount":"45","usersCount":"7","tipCount":"0"},"specials":{"count":"0"},"hereNow":{"count":"0"},"referralId":"v-1392478108"},{"id":"4d473d85e198721e5169d78b","name":"Corfe House","location":{"address":"Oval Pl","crossStreet":"Dorset Rd","lat":"51.479345800000004","lng":"-0.11935314999999999","distance":"107","postalCode":"SW8 1ET","cc":"GB","city":"Lambeth","state":"Greater London","country":"United Kingdom"},"categories":[{"id":"4bf58dd8d48988d130941735","name":"Building","pluralName":"Buildings","shortName":"Building","icon":{"prefix":"https:\/\/ss1.4sqi.net\/img\/categories_v2\/building\/default_","suffix":".png"},"primary":"true"}],"verified":"false","restricted":"true","stats":{"checkinsCount":"3","usersCount":"1","tipCount":"0"},"specials":{"count":"0"},"hereNow":{"count":"0"},"referralId":"v-1392478108"},{"id":"528269a511d2a6f2dbf08a2c","name":"Abi's Deli","location":{"lat":"51.48068947344487","lng":"-0.11359758418374388","distance":"330","cc":"GB","country":"United Kingdom"},"categories":[{"id":"4bf58dd8d48988d146941735","name":"Deli \/ Bodega","pluralName":"Delis \/ Bodegas","shortName":"Deli \/ Bodega","icon":{"prefix":"https:\/\/ss1.4sqi.net\/img\/categories_v2\/food\/deli_","suffix":".png"},"primary":"true"}],"verified":"false","restricted":"true","stats":{"checkinsCount":"11","usersCount":"4","tipCount":"0"},"specials":{"count":"0"},"hereNow":{"count":"0"},"referralId":"v-1392478108"},{"id":"5024c6dfe4b0cdd7eb74d645","name":"South Lambeth Library","location":{"lat":"51.479252942825106","lng":"-0.12182982379341416","distance":"279","cc":"GB","country":"United Kingdom"},"categories":[{"id":"4bf58dd8d48988d12f941735","name":"Library","pluralName":"Libraries","shortName":"Library","icon":{"prefix":"https:\/\/ss1.4sqi.net\/img\/categories_v2\/building\/library_","suffix":".png"},"primary":"true"}],"verified":"false","restricted":"true","stats":{"checkinsCount":"16","usersCount":"7","tipCount":"0"},"specials":{"count":"0"},"hereNow":{"count":"0"},"referralId":"v-1392478108"},{"id":"4ace70d0f964a52093d020e3","name":"Oval Kebab","location":{"address":"Clapham Road","lat":"51.480233648933336","lng":"-0.1144552230834961","distance":"254","cc":"GB","city":"London","state":"Greater London","country":"United Kingdom"},"categories":[{"id":"4bf58dd8d48988d16e941735","name":"Fast Food Restaurant","pluralName":"Fast Food Restaurants","shortName":"Fast Food","icon":{"prefix":"https:\/\/ss1.4sqi.net\/img\/categories_v2\/food\/fastfood_","suffix":".png"},"primary":"true"}],"verified":"false","restricted":"true","stats":{"checkinsCount":"79","usersCount":"35","tipCount":"0"},"specials":{"count":"0"},"hereNow":{"count":"0"},"referralId":"v-1392478108"},{"id":"4c5d306c9b28d13ad5eb5870","name":"Europcar","location":{"address":"Clapham Road","lat":"51.479305","lng":"-0.11546222369235426","distance":"162","cc":"GB","city":"Lambeth","state":"Greater London","country":"United Kingdom"},"categories":[{"id":"4bf58dd8d48988d124951735","name":"Automotive Shop","pluralName":"Automotive Shops","shortName":"Automotive","icon":{"prefix":"https:\/\/ss1.4sqi.net\/img\/categories_v2\/shops\/automotive_","suffix":".png"},"primary":"true"}],"verified":"false","restricted":"true","stats":{"checkinsCount":"30","usersCount":"19","tipCount":"3"},"specials":{"count":"0"},"hereNow":{"count":"0"},"referralId":"v-1392478108"},{"id":"4c597f5eec2520a1f61d4f12","name":"Musicians' Union","location":{"address":"60","crossStreet":"clapham road","lat":"51.47967727477151","lng":"-0.11524581217143008","distance":"182","postalCode":"SW8","cc":"GB","city":"London","state":"Greater London","country":"United Kingdom"},"categories":[{"id":"4bf58dd8d48988d171941735","name":"Event Space","pluralName":"Event Spaces","shortName":"Event Space","icon":{"prefix":"https:\/\/ss1.4sqi.net\/img\/categories_v2\/building\/eventspace_","suffix":".png"},"primary":"true"}],"verified":"false","restricted":"true","stats":{"checkinsCount":"15","usersCount":"12","tipCount":"1"},"specials":{"count":"0"},"hereNow":{"count":"0"},"referralId":"v-1392478108"}],"confident":"false"}}