{"meta":{"code":"200"},"response":{"venues":[{"id":"4c447914f799e21ec1d6ada2","name":"Bermondsey Spa Gardens","location":{"address":"Spa Rd.","crossStreet":"Grange Rd.","lat":"51.49490744632701","lng":"-0.07427043185361624","distance":"254","postalCode":"SE1 3AH","cc":"GB","city":"Bermondsey","state":"Greater London","country":"United Kingdom"},"categories":[{"id":"4bf58dd8d48988d163941735","name":"Park","pluralName":"Parks","shortName":"Park","icon":{"prefix":"https:\/\/ss1.4sqi.net\/img\/categories_v2\/parks_outdoors\/park_","suffix":".png"},"primary":"true"}],"verified":"false","restricted":"true","stats":{"checkinsCount":"433","usersCount":"109","tipCount":"5"},"specials":{"count":"0"},"hereNow":{"count":"0"},"referralId":"v-1392478073"},{"id":"526ab27511d2a44e2e31f51b","name":"Bermondsey project","location":{"lat":"51.49391074634357","lng":"-0.07786757965533003","distance":"42","cc":"GB","country":"United Kingdom"},"categories":[{"id":"4bf58dd8d48988d1e2931735","name":"Art Gallery","pluralName":"Art Galleries","shortName":"Art Gallery","icon":{"prefix":"https:\/\/ss1.4sqi.net\/img\/categories_v2\/arts_entertainment\/artgallery_","suffix":".png"},"primary":"true"}],"verified":"false","restricted":"true","stats":{"checkinsCount":"4","usersCount":"3","tipCount":"0"},"specials":{"count":"0"},"hereNow":{"count":"0"},"referralId":"v-1392478073"},{"id":"4d121a1affa1224b15c696ad","name":"Crisis Warehouse","location":{"lat":"51.493776775387865","lng":"-0.07882439569914221","distance":"90","cc":"GB","country":"United Kingdom"},"categories":[{"id":"4bf58dd8d48988d130941735","name":"Building","pluralName":"Buildings","shortName":"Building","icon":{"prefix":"https:\/\/ss1.4sqi.net\/img\/categories_v2\/building\/default_","suffix":".png"},"primary":"true"}],"verified":"false","restricted":"true","stats":{"checkinsCount":"76","usersCount":"32","tipCount":"2"},"specials":{"count":"0"},"hereNow":{"count":"0"},"referralId":"v-1392478073"},{"id":"4b2b8c18f964a5206db724e3","name":"Del'Aziz","contact":{"twitter":"delazizlondon","facebook":"95676299014"},"location":{"address":"11 Bermondsey Sq.","lat":"51.49768624543098","lng":"-0.08062530989354964","distance":"425","postalCode":"SE1 3UN","cc":"GB","city":"London","state":"Greater London","country":"United Kingdom"},"categories":[{"id":"4bf58dd8d48988d1c3941735","name":"Moroccan Restaurant","pluralName":"Moroccan Restaurants","shortName":"Moroccan","icon":{"prefix":"https:\/\/ss1.4sqi.net\/img\/categories_v2\/food\/moroccan_","suffix":".png"},"primary":"true"}],"verified":"true","restricted":"true","stats":{"checkinsCount":"1384","usersCount":"703","tipCount":"32"},"url":"http:\/\/www.delaziz.co.uk","reservations":{"url":"http:\/\/www.toptable.co.uk\/single.aspx?rid=72286&ref=9601"},"menu":{"type":"Menu","label":"Menu","anchor":"View Menu","url":"https:\/\/foursquare.com\/v\/delaziz\/4b2b8c18f964a5206db724e3\/menu","mobileUrl":"https:\/\/foursquare.com\/v\/4b2b8c18f964a5206db724e3\/device_menu"},"specials":{"count":"0"},"hereNow":{"count":"0"},"referralId":"v-1392478073"},{"id":"4b75c7b7f964a5202f242ee3","name":"Cafe Amisha","location":{"address":"161 Grange Rd. Southwark","lat":"51.495249","lng":"-0.076764","distance":"128","postalCode":"SE1 3GH","cc":"GB","city":"London","state":"Greater London","country":"United Kingdom"},"categories":[{"id":"4bf58dd8d48988d110941735","name":"Italian Restaurant","pluralName":"Italian Restaurants","shortName":"Italian","icon":{"prefix":"https:\/\/ss1.4sqi.net\/img\/categories_v2\/food\/italian_","suffix":".png"},"primary":"true"}],"verified":"false","restricted":"true","stats":{"checkinsCount":"259","usersCount":"97","tipCount":"9"},"url":"http:\/\/www.cafeamisha.co.uk","reservations":{"url":"http:\/\/www.toptable.co.uk\/single.aspx?rid=82549&ref=9601"},"menu":{"type":"Menu","label":"Menu","anchor":"View Menu","url":"https:\/\/foursquare.com\/v\/cafe-amisha\/4b75c7b7f964a5202f242ee3\/menu","mobileUrl":"https:\/\/foursquare.com\/v\/4b75c7b7f964a5202f242ee3\/device_menu"},"specials":{"count":"0"},"hereNow":{"count":"0"},"referralId":"v-1392478073"},{"id":"4b5b1f29f964a520a3e428e3","name":"Alaska Building","location":{"address":"Grange Road","lat":"51.494691316692844","lng":"-0.07726152875885592","distance":"58","postalCode":"SE1 3BG","cc":"GB","city":"London","state":"Greater London","country":"United Kingdom"},"categories":[{"id":"4d954b06a243a5684965b473","name":"Residential Building (Apartment \/ Condo)","pluralName":"Residential Buildings (Apartments \/ Condos)","shortName":"Residential","icon":{"prefix":"https:\/\/ss1.4sqi.net\/img\/categories_v2\/building\/apartment_","suffix":".png"},"primary":"true"}],"verified":"false","restricted":"true","stats":{"checkinsCount":"174","usersCount":"32","tipCount":"2"},"specials":{"count":"0"},"hereNow":{"count":"0"},"referralId":"v-1392478073"},{"id":"4bcf158fcc8cd13a094ec5cf","name":"Access Self Storage","contact":{"phone":"+442079983891","formattedPhone":"+44 20 7998 3891"},"location":{"address":"61 Willow Walk","lat":"51.49391990476978","lng":"-0.07946570390825525","distance":"122","postalCode":"SE1 5SF","cc":"GB","city":"Southwark","state":"Greater London","country":"United Kingdom"},"categories":[{"id":"4f04b1572fb6e1c99f3db0bf","name":"Storage Facility","pluralName":"Storage Facilities","shortName":"Storage","icon":{"prefix":"https:\/\/ss1.4sqi.net\/img\/categories_v2\/shops\/storage_","suffix":".png"},"primary":"true"}],"verified":"false","restricted":"true","stats":{"checkinsCount":"38","usersCount":"17","tipCount":"1"},"specials":{"count":"0"},"hereNow":{"count":"0"},"referralId":"v-1392478073"},{"id":"51627b1de4b07b130a1eca5c","name":"DP The Drinks People","location":{"address":"Ground Floor, Unit 7a Rich Industrial Estate","crossStreet":"Crimscott Street","lat":"51.494337","lng":"-0.078392","distance":"41","postalCode":"Se1 5te","cc":"GB","city":"London","state":"Greater London","country":"United Kingdom"},"categories":[{"id":"4bf58dd8d48988d124941735","name":"Office","pluralName":"Offices","shortName":"Office","icon":{"prefix":"https:\/\/ss1.4sqi.net\/img\/categories_v2\/building\/default_","suffix":".png"},"primary":"true"}],"verified":"false","restricted":"true","stats":{"checkinsCount":"4","usersCount":"2","tipCount":"0"},"specials":{"count":"0"},"hereNow":{"count":"0"},"referralId":"v-1392478073"},{"id":"4bfda88ae529c9285043bb8c","name":"Artesian House","location":{"address":"98 Alscot Rd","lat":"51.494218","lng":"-0.074326","distance":"241","postalCode":"SE1 3GG","cc":"GB","city":"London","state":"Greater London","country":"United Kingdom"},"categories":[{"id":"4bf58dd8d48988d130941735","name":"Building","pluralName":"Buildings","shortName":"Building","icon":{"prefix":"https:\/\/ss1.4sqi.net\/img\/categories_v2\/building\/default_","suffix":".png"},"primary":"true"}],"verified":"false","restricted":"true","stats":{"checkinsCount":"421","usersCount":"24","tipCount":"0"},"specials":{"count":"0"},"hereNow":{"count":"0"},"referralId":"v-1392478073"},{"id":"4c93bcbf94a0236aeb028612","name":"TfL Bus 453","location":{"address":"Moving Target!","lat":"51.493953491560376","lng":"-0.08177541706749727","distance":"277","cc":"GB","city":"London","state":"Greater London","country":"United Kingdom"},"categories":[{"id":"4bf58dd8d48988d12b951735","name":"Bus Line","pluralName":"Bus Lines","shortName":"Bus","icon":{"prefix":"https:\/\/ss1.4sqi.net\/img\/categories_v2\/travel\/busstation_","suffix":".png"},"primary":"true"}],"verified":"false","restricted":"true","stats":{"checkinsCount":"323","usersCount":"130","tipCount":"2"},"specials":{"count":"0"},"hereNow":{"count":"0"},"referralId":"v-1392478073"},{"id":"50be5b13e4b09846c21d7269","name":"SE1 3AG","location":{"lat":"51.495449","lng":"-0.076452","distance":"159","cc":"GB","country":"United Kingdom"},"categories":[{"id":"4d954b06a243a5684965b473","name":"Residential Building (Apartment \/ Condo)","pluralName":"Residential Buildings (Apartments \/ Condos)","shortName":"Residential","icon":{"prefix":"https:\/\/ss1.4sqi.net\/img\/categories_v2\/building\/apartment_","suffix":".png"},"primary":"true"}],"verified":"false","restricted":"true","stats":{"checkinsCount":"26","usersCount":"5","tipCount":"0"},"specials":{"count":"0"},"hereNow":{"count":"0"},"referralId":"v-1392478073"},{"id":"50cf18a4e412d8037be56bd5","name":"African Volcano","contact":{"twitter":"africanvolcano"},"location":{"address":"Moving Target!","crossStreet":"Greater London","lat":"51.500260337704695","lng":"-0.07559182110632136","distance":"682","postalCode":"SE1 3UN","cc":"GB","city":"London","state":"Greater London","country":"United Kingdom"},"categories":[{"id":"4bf58dd8d48988d1cb941735","name":"Food Truck","pluralName":"Food Trucks","shortName":"Food Truck","icon":{"prefix":"https:\/\/ss1.4sqi.net\/img\/categories_v2\/food\/streetfood_","suffix":".png"},"primary":"true"}],"verified":"false","restricted":"true","stats":{"checkinsCount":"11","usersCount":"11","tipCount":"0"},"url":"http:\/\/www.africanvolcano.com","specials":{"count":"0"},"hereNow":{"count":"1","groups":[{"type":"others","name":"Other people here","count":"1"}]},"referralId":"v-1392478073"},{"id":"4bbca1a68a4fb71308e93b9d","name":"Royal Mail Enquiry Office","location":{"address":"Mandela Way","lat":"51.49237","lng":"-0.08012514","distance":"267","postalCode":"SE1","cc":"GB","city":"Bermondsey","state":"Greater London","country":"United Kingdom"},"categories":[{"id":"4bf58dd8d48988d172941735","name":"Post Office","pluralName":"Post Offices","shortName":"Post Office","icon":{"prefix":"https:\/\/ss1.4sqi.net\/img\/categories_v2\/building\/postoffice_","suffix":".png"},"primary":"true"}],"verified":"false","restricted":"true","stats":{"checkinsCount":"249","usersCount":"120","tipCount":"7"},"specials":{"count":"0"},"hereNow":{"count":"0"},"referralId":"v-1392478073"},{"id":"50b86d5ae4b03e0687ba4851","name":"City Link","location":{"lat":"51.49380750352223","lng":"-0.07878449938178095","distance":"86","cc":"GB","country":"United Kingdom"},"categories":[{"id":"4f04b1572fb6e1c99f3db0bf","name":"Storage Facility","pluralName":"Storage Facilities","shortName":"Storage","icon":{"prefix":"https:\/\/ss1.4sqi.net\/img\/categories_v2\/shops\/storage_","suffix":".png"},"primary":"true"}],"verified":"false","restricted":"true","stats":{"checkinsCount":"4","usersCount":"4","tipCount":"0"},"specials":{"count":"0"},"hereNow":{"count":"0"},"referralId":"v-1392478073"},{"id":"4f0ac93ee4b0ca3a5e9884fd","name":"The Artesian Health Centre","contact":{"phone":"+442074033618","formattedPhone":"+44 20 7403 3618"},"location":{"address":"137-138 Grange Rd.","lat":"51.49469940803255","lng":"-0.07544841253828673","distance":"169","postalCode":"SE1 3GF","cc":"GB","city":"London","state":"Greater London","country":"United Kingdom"},"categories":[{"id":"4bf58dd8d48988d104941735","name":"Medical Center","pluralName":"Medical Centers","shortName":"Medical","icon":{"prefix":"https:\/\/ss1.4sqi.net\/img\/categories_v2\/building\/medical_","suffix":".png"},"primary":"true"}],"verified":"false","restricted":"true","stats":{"checkinsCount":"28","usersCount":"18","tipCount":"0"},"url":"http:\/\/www.southwarkpct.nhs.uk","specials":{"count":"0"},"hereNow":{"count":"0"},"referralId":"v-1392478073"},{"id":"4c66c1549cedd13a1b8c76a1","name":"The Victoria","contact":{"phone":"+442072373248","formattedPhone":"+44 20 7237 3248"},"location":{"address":"68 - 70 Page's Walk","crossStreet":"Willow Walk","lat":"51.494423","lng":"-0.08048652","distance":"186","postalCode":"SE1 4HL","cc":"GB","city":"London","state":"Greater London","country":"United Kingdom"},"categories":[{"id":"4bf58dd8d48988d11b941735","name":"Pub","pluralName":"Pubs","shortName":"Pub","icon":{"prefix":"https:\/\/ss1.4sqi.net\/img\/categories_v2\/nightlife\/pub_","suffix":".png"},"primary":"true"}],"verified":"false","restricted":"true","stats":{"checkinsCount":"167","usersCount":"44","tipCount":"0"},"menu":{"type":"Menu","label":"Menu","anchor":"View Menu","url":"https:\/\/foursquare.com\/v\/the-victoria\/4c66c1549cedd13a1b8c76a1\/menu","mobileUrl":"https:\/\/foursquare.com\/v\/4c66c1549cedd13a1b8c76a1\/device_menu"},"specials":{"count":"0"},"hereNow":{"count":"0"},"referralId":"v-1392478073"},{"id":"4d8f63adc1b1721e17214546","name":"Fox And Trumpet","contact":{"twitter":"foxandtrumpet"},"location":{"address":"2 Haven Way","crossStreet":"Maltby Street","lat":"51.496487458629524","lng":"-0.07579922676086426","distance":"281","postalCode":"SE1 3FL","cc":"GB","city":"London","state":"Greater London","country":"United Kingdom"},"categories":[{"id":"4bf58dd8d48988d155941735","name":"Gastropub","pluralName":"Gastropubs","shortName":"Gastropub","icon":{"prefix":"https:\/\/ss1.4sqi.net\/img\/categories_v2\/food\/gastropub_","suffix":".png"},"primary":"true"}],"verified":"true","restricted":"true","stats":{"checkinsCount":"24","usersCount":"7","tipCount":"3"},"specials":{"count":"0"},"hereNow":{"count":"0"},"venuePage":{"id":"63241101"},"referralId":"v-1392478073"},{"id":"515308e5e4b0ed45aa5e7994","name":"Drawing:sculpture","location":{"lat":"51.495085","lng":"-0.07828","distance":"94","cc":"GB","country":"United Kingdom"},"categories":[{"id":"4bf58dd8d48988d1e2931735","name":"Art Gallery","pluralName":"Art Galleries","shortName":"Art Gallery","icon":{"prefix":"https:\/\/ss1.4sqi.net\/img\/categories_v2\/arts_entertainment\/artgallery_","suffix":".png"},"primary":"true"}],"verified":"false","restricted":"true","stats":{"checkinsCount":"5","usersCount":"5","tipCount":"0"},"specials":{"count":"0"},"hereNow":{"count":"0"},"referralId":"v-1392478073"},{"id":"526d8e4d11d29f7ee932f4c6","name":"Archie's","location":{"lat":"51.49687228243892","lng":"-0.07706174467971874","distance":"292","cc":"GB","country":"United Kingdom"},"categories":[{"id":"4bf58dd8d48988d122941735","name":"Whisky Bar","pluralName":"Whisky Bars","shortName":"Whisky Bar","icon":{"prefix":"https:\/\/ss1.4sqi.net\/img\/categories_v2\/nightlife\/whiskey_","suffix":".png"},"primary":"true"}],"verified":"false","restricted":"true","stats":{"checkinsCount":"7","usersCount":"4","tipCount":"0"},"specials":{"count":"0"},"hereNow":{"count":"0"},"referralId":"v-1392478073"},{"id":"52ad9a5111d287ee21e7fbb7","name":"Banksy - \"Keith Haring Dog & Hoodie\"","location":{"lat":"51.495291716274345","lng":"-0.07702871794024804","distance":"123","cc":"GB","country":"United Kingdom"},"categories":[{"id":"507c8c4091d498d9fc8c67a9","name":"Public Art","pluralName":"Public Art","shortName":"Public Art","icon":{"prefix":"https:\/\/ss1.4sqi.net\/img\/categories_v2\/arts_entertainment\/default_","suffix":".png"},"primary":"true"}],"verified":"false","restricted":"true","stats":{"checkinsCount":"1","usersCount":"1","tipCount":"0"},"specials":{"count":"0"},"hereNow":{"count":"0"},"referralId":"v-1392478073"},{"id":"517b864b498eb2ed7f8c3dba","name":"Little Kickers","location":{"lat":"51.495539905537434","lng":"-0.08207355047141751","distance":"327","cc":"GB","country":"United Kingdom"},"categories":[{"id":"4cce455aebf7b749d5e191f5","name":"Soccer Field","pluralName":"Soccer Fields","shortName":"Soccer Field","icon":{"prefix":"https:\/\/ss1.4sqi.net\/img\/categories_v2\/arts_entertainment\/stadium_soccer_","suffix":".png"},"primary":"true"}],"verified":"false","restricted":"true","stats":{"checkinsCount":"11","usersCount":"4","tipCount":"0"},"specials":{"count":"0"},"hereNow":{"count":"0"},"referralId":"v-1392478073"},{"id":"4ffc7936e4b0b7b3ad7337de","name":"Drawing Room","location":{"lat":"51.495121640229925","lng":"-0.07813466531865386","distance":"95","cc":"GB","country":"United Kingdom"},"categories":[{"id":"4bf58dd8d48988d1e2931735","name":"Art Gallery","pluralName":"Art Galleries","shortName":"Art Gallery","icon":{"prefix":"https:\/\/ss1.4sqi.net\/img\/categories_v2\/arts_entertainment\/artgallery_","suffix":".png"},"primary":"true"}],"verified":"false","restricted":"true","stats":{"checkinsCount":"7","usersCount":"7","tipCount":"0"},"specials":{"count":"0"},"hereNow":{"count":"0"},"referralId":"v-1392478073"},{"id":"4be53d452468c92889cfff42","name":"Andrew Kirby Veterinary Surgeon","location":{"address":"79 Grange Road","lat":"51.495067","lng":"-0.076279","distance":"136","postalCode":"SE1","cc":"GB","city":"Southwark","state":"Greater London","country":"United Kingdom"},"categories":[{"id":"4bf58dd8d48988d100951735","name":"Pet Store","pluralName":"Pet Stores","shortName":"Pet Store","icon":{"prefix":"https:\/\/ss1.4sqi.net\/img\/categories_v2\/shops\/pet_store_","suffix":".png"},"primary":"true"}],"verified":"false","restricted":"true","stats":{"checkinsCount":"50","usersCount":"25","tipCount":"1"},"specials":{"count":"0"},"hereNow":{"count":"0"},"referralId":"v-1392478073"},{"id":"4e36b352a8092599ee116245","name":"Embassy cafe","location":{"address":"Grange road","lat":"51.495496224508194","lng":"-0.07916282378121543","distance":"164","cc":"GB","city":"Camberwell","state":"Greater London","country":"United Kingdom"},"categories":[{"id":"4bf58dd8d48988d16d941735","name":"Caf\u00e9","pluralName":"Caf\u00e9s","shortName":"Caf\u00e9","icon":{"prefix":"https:\/\/ss1.4sqi.net\/img\/categories_v2\/food\/cafe_","suffix":".png"},"primary":"true"}],"verified":"false","restricted":"true","stats":{"checkinsCount":"10","usersCount":"5","tipCount":"0"},"specials":{"count":"0"},"hereNow":{"count":"0"},"referralId":"v-1392478073"},{"id":"4feeebc2e4b0eb7584fcf44e","name":"British Heart Foundation","location":{"lat":"51.49373029489543","lng":"-0.0791339705553493","distance":"111","cc":"GB","country":"United Kingdom"},"categories":[{"id":"4bf58dd8d48988d1f8941735","name":"Furniture \/ Home Store","pluralName":"Furniture \/ Home Stores","shortName":"Furniture \/ Home","icon":{"prefix":"https:\/\/ss1.4sqi.net\/img\/categories_v2\/shops\/furniture_","suffix":".png"},"primary":"true"}],"verified":"false","restricted":"true","stats":{"checkinsCount":"7","usersCount":"6","tipCount":"0"},"specials":{"count":"0"},"hereNow":{"count":"0"},"referralId":"v-1392478073"},{"id":"4c40b7085faf76b0f2404820","name":"Creative IT","contact":{"phone":"+442072376805","formattedPhone":"+44 20 7237 6805","twitter":"creativeit"},"location":{"address":"80 Willow Walk, Unit 6a","crossStreet":"Pages Walk","lat":"51.493924","lng":"-0.081057","distance":"229","cc":"GB","city":"London","country":"United Kingdom"},"categories":[{"id":"4bf58dd8d48988d122951735","name":"Electronics Store","pluralName":"Electronics Stores","shortName":"Electronics","icon":{"prefix":"https:\/\/ss1.4sqi.net\/img\/categories_v2\/shops\/technology_","suffix":".png"},"primary":"true"}],"verified":"false","restricted":"true","stats":{"checkinsCount":"6","usersCount":"6","tipCount":"1"},"specials":{"count":"0"},"hereNow":{"count":"0"},"referralId":"v-1392478073"},{"id":"507be041e4b08ac08f4c2563","name":"F.E. Burman","location":{"lat":"51.494928","lng":"-0.079015","distance":"110","cc":"GB","country":"United Kingdom"},"categories":[{"id":"4bf58dd8d48988d124941735","name":"Office","pluralName":"Offices","shortName":"Office","icon":{"prefix":"https:\/\/ss1.4sqi.net\/img\/categories_v2\/building\/default_","suffix":".png"},"primary":"true"}],"verified":"false","restricted":"true","stats":{"checkinsCount":"3","usersCount":"3","tipCount":"0"},"specials":{"count":"0"},"hereNow":{"count":"0"},"referralId":"v-1392478073"},{"id":"4beeb04fe8c3c928f9f59892","name":"Best Hand Car Wash in UK","location":{"lat":"51.495273","lng":"-0.07696","distance":"124","cc":"GB","country":"United Kingdom"},"categories":[{"id":"4bf58dd8d48988d124951735","name":"Automotive Shop","pluralName":"Automotive Shops","shortName":"Automotive","icon":{"prefix":"https:\/\/ss1.4sqi.net\/img\/categories_v2\/shops\/automotive_","suffix":".png"},"primary":"true"}],"verified":"false","restricted":"true","stats":{"checkinsCount":"4","usersCount":"3","tipCount":"0"},"specials":{"count":"0"},"hereNow":{"count":"0"},"referralId":"v-1392478073"},{"id":"51e7b5d3498e1decf6e42e98","name":"London Sculpture Workshop","location":{"address":"Unit 7, Bermondsey Project","crossStreet":"Willow Walk","lat":"51.49339204135756","lng":"-0.07851388478781572","distance":"111","cc":"GB","country":"United Kingdom"},"categories":[{"id":"4bf58dd8d48988d130941735","name":"Building","pluralName":"Buildings","shortName":"Building","icon":{"prefix":"https:\/\/ss1.4sqi.net\/img\/categories_v2\/building\/default_","suffix":".png"},"primary":"true"}],"verified":"false","restricted":"true","stats":{"checkinsCount":"5","usersCount":"1","tipCount":"0"},"specials":{"count":"0"},"hereNow":{"count":"0"},"referralId":"v-1392478073"},{"id":"4c3cf39c4bc9a5934f65d371","name":"Southwark Studios","location":{"address":"40 crimscott street","lat":"51.495295439507245","lng":"-0.07875991929100361","distance":"130","cc":"GB","city":"Southwark","state":"Greater London","country":"United Kingdom"},"categories":[{"id":"4bf58dd8d48988d171941735","name":"Event Space","pluralName":"Event Spaces","shortName":"Event Space","icon":{"prefix":"https:\/\/ss1.4sqi.net\/img\/categories_v2\/building\/eventspace_","suffix":".png"},"primary":"true"}],"verified":"false","restricted":"true","stats":{"checkinsCount":"34","usersCount":"12","tipCount":"1"},"specials":{"count":"0"},"hereNow":{"count":"0"},"referralId":"v-1392478073"}],"confident":"false"}}