{"meta":{"code":"200"},"response":{"venues":[{"id":"4ac518d4f964a520c2a720e3","name":"Nikita's","contact":{"phone":"+442073526326","formattedPhone":"+44 20 7352 6326"},"location":{"address":"65 Ifield Rd","lat":"51.48481142660209","lng":"-0.1881683364156134","distance":"63","postalCode":"SW10 9AU","cc":"GB","city":"London","state":"Greater London","country":"United Kingdom"},"categories":[{"id":"4bf58dd8d48988d109941735","name":"Eastern European Restaurant","pluralName":"Eastern European Restaurants","shortName":"Eastern European","icon":{"prefix":"https:\/\/ss1.4sqi.net\/img\/categories_v2\/food\/default_","suffix":".png"},"primary":"true"}],"verified":"false","restricted":"true","stats":{"checkinsCount":"103","usersCount":"89","tipCount":"6"},"url":"http:\/\/nikitasrestaurant.co.uk","reservations":{"url":"http:\/\/www.toptable.co.uk\/single.aspx?rid=82849&ref=9601"},"menu":{"type":"Menu","label":"Menu","anchor":"View Menu","url":"https:\/\/foursquare.com\/v\/nikitas\/4ac518d4f964a520c2a720e3\/menu","mobileUrl":"https:\/\/foursquare.com\/v\/4ac518d4f964a520c2a720e3\/device_menu"},"specials":{"count":"0"},"hereNow":{"count":"0"},"referralId":"v-1392478088"},{"id":"4c57d5e28fe2ef3b968c303a","name":"IRIS Studios","contact":{"phone":"+442073410750","formattedPhone":"+44 20 7341 0750","twitter":"irisstudios"},"location":{"address":"Adrian Mews","crossStreet":"Ifield Road","lat":"51.484875","lng":"-0.188744","distance":"92","postalCode":"SW10 9AE","cc":"GB","city":"London","state":"Greater London","country":"United Kingdom"},"categories":[{"id":"4bf58dd8d48988d130941735","name":"Building","pluralName":"Buildings","shortName":"Building","icon":{"prefix":"https:\/\/ss1.4sqi.net\/img\/categories_v2\/building\/default_","suffix":".png"},"primary":"true"}],"verified":"false","restricted":"true","stats":{"checkinsCount":"21","usersCount":"16","tipCount":"2"},"specials":{"count":"0"},"hereNow":{"count":"0"},"referralId":"v-1392478088"},{"id":"4aecbc71f964a520caca21e3","name":"Tesco Express","contact":{"phone":"+448456779142","formattedPhone":"+44 845 677 9142","twitter":"uktescooffers"},"location":{"address":"458 Fulham Road","lat":"51.482585565613476","lng":"-0.1858234405517578","distance":"234","postalCode":"SW10 9UZ","cc":"GB","city":"London","state":"Greater London","country":"United Kingdom"},"categories":[{"id":"4bf58dd8d48988d118951735","name":"Grocery Store","pluralName":"Grocery Stores","shortName":"Grocery Store","icon":{"prefix":"https:\/\/ss1.4sqi.net\/img\/categories_v2\/shops\/food_grocery_","suffix":".png"},"primary":"true"}],"verified":"true","restricted":"true","stats":{"checkinsCount":"420","usersCount":"164","tipCount":"1"},"url":"http:\/\/www.tesco.com","specials":{"count":"0"},"hereNow":{"count":"0"},"storeId":"2256","referralId":"v-1392478088"},{"id":"50b5b1fb498ee9afcd385fc9","name":"Old Brompton Road","location":{"lat":"51.48626835919575","lng":"-0.18837958014972112","distance":"223","cc":"GB","country":"United Kingdom"},"categories":[{"id":"4f2a25ac4b909258e854f55f","name":"Neighborhood","pluralName":"Neighborhoods","shortName":"Neighborhood","icon":{"prefix":"https:\/\/ss1.4sqi.net\/img\/categories_v2\/parks_outdoors\/neighborhood_","suffix":".png"},"primary":"true"}],"verified":"false","restricted":"true","stats":{"checkinsCount":"147","usersCount":"44","tipCount":"0"},"specials":{"count":"0"},"hereNow":{"count":"0"},"referralId":"v-1392478088"},{"id":"4e767b6e52b1c8e519eb3c75","name":"Chelsea Kichen","location":{"address":"Fulham Rd","lat":"51.4833788442057","lng":"-0.18547587109095945","distance":"190","postalCode":"SW10 9UZ","cc":"GB","city":"Kensington","state":"Greater London","country":"United Kingdom"},"categories":[{"id":"4bf58dd8d48988d110941735","name":"Italian Restaurant","pluralName":"Italian Restaurants","shortName":"Italian","icon":{"prefix":"https:\/\/ss1.4sqi.net\/img\/categories_v2\/food\/italian_","suffix":".png"},"primary":"true"}],"verified":"false","restricted":"true","stats":{"checkinsCount":"178","usersCount":"140","tipCount":"5"},"url":"http:\/\/www.thechelseakitchen.co.uk","reservations":{"url":"http:\/\/www.toptable.co.uk\/single.aspx?rid=92328&ref=9601"},"menu":{"type":"Menu","label":"Menu","anchor":"View Menu","url":"https:\/\/foursquare.com\/v\/chelsea-kichen\/4e767b6e52b1c8e519eb3c75\/menu","mobileUrl":"https:\/\/foursquare.com\/v\/4e767b6e52b1c8e519eb3c75\/device_menu"},"specials":{"count":"0"},"hereNow":{"count":"0"},"referralId":"v-1392478088"},{"id":"4ac518bdf964a520e6a220e3","name":"The Ifield","location":{"address":"59 Ifield Road","lat":"51.484652","lng":"-0.18806","distance":"44","postalCode":"SW10 9AU","cc":"GB","city":"London","state":"Greater London","country":"United Kingdom"},"categories":[{"id":"4bf58dd8d48988d11b941735","name":"Pub","pluralName":"Pubs","shortName":"Pub","icon":{"prefix":"https:\/\/ss1.4sqi.net\/img\/categories_v2\/nightlife\/pub_","suffix":".png"},"primary":"true"}],"verified":"false","restricted":"true","stats":{"checkinsCount":"8","usersCount":"6","tipCount":"0"},"specials":{"count":"0"},"hereNow":{"count":"0"},"referralId":"v-1392478088"},{"id":"4d6054a6b19fa143e4d4f3c8","name":"Redcliffe Gardens","location":{"lat":"51.486201582954955","lng":"-0.1882941117018973","distance":"215","cc":"GB","country":"United Kingdom"},"categories":[{"id":"4f2a25ac4b909258e854f55f","name":"Neighborhood","pluralName":"Neighborhoods","shortName":"Neighborhood","icon":{"prefix":"https:\/\/ss1.4sqi.net\/img\/categories_v2\/parks_outdoors\/neighborhood_","suffix":".png"},"primary":"true"}],"verified":"false","restricted":"true","stats":{"checkinsCount":"258","usersCount":"73","tipCount":"0"},"specials":{"count":"0"},"hereNow":{"count":"0"},"referralId":"v-1392478088"},{"id":"50dc6dbfe4b00499123c6051","name":"Eight till late","location":{"address":"270 Old Brompton Road","lat":"51.48625304904918","lng":"-0.18840193303950023","distance":"222","cc":"GB","city":"London","state":"Greater London","country":"United Kingdom"},"categories":[{"id":"4d954b0ea243a5684a65b473","name":"Convenience Store","pluralName":"Convenience Stores","shortName":"Convenience Stores","icon":{"prefix":"https:\/\/ss1.4sqi.net\/img\/categories_v2\/shops\/conveniencestore_","suffix":".png"},"primary":"true"}],"verified":"false","restricted":"true","stats":{"checkinsCount":"70","usersCount":"6","tipCount":"0"},"specials":{"count":"0"},"hereNow":{"count":"0"},"referralId":"v-1392478088"},{"id":"4e54aacb091a4fa585f10906","name":"Duo you plus us","location":{"address":"2a Gunter Grove","lat":"51.48287954667029","lng":"-0.18532991409301758","distance":"232","postalCode":"SW10 0uj","cc":"GB","city":"London","state":"Greater London","country":"United Kingdom"},"categories":[{"id":"4bf58dd8d48988d176941735","name":"Gym","pluralName":"Gyms","shortName":"Gym","icon":{"prefix":"https:\/\/ss1.4sqi.net\/img\/categories_v2\/building\/gym_","suffix":".png"},"primary":"true"}],"verified":"false","restricted":"true","stats":{"checkinsCount":"133","usersCount":"16","tipCount":"3"},"specials":{"count":"0"},"hereNow":{"count":"0"},"referralId":"v-1392478088"},{"id":"4b1a398cf964a5203de823e3","name":"Mean Streets","location":{"address":"Fawcett Street","lat":"51.484141","lng":"-0.186894","distance":"65","cc":"GB","city":"London","state":"Greater London","country":"United Kingdom"},"verified":"false","restricted":"true","stats":{"checkinsCount":"32","usersCount":"3","tipCount":"2"},"specials":{"count":"0"},"hereNow":{"count":"0"},"referralId":"v-1392478088"},{"id":"505e4835e4b0c1f8b710bbc1","name":"Dukebox","contact":{"phone":"+442073526200","formattedPhone":"+44 20 7352 6200","twitter":"dukebox_london"},"location":{"address":"266 Fulham Rd","lat":"51.48436070448602","lng":"-0.1844095870124917","distance":"235","postalCode":"SW10 9EL","cc":"GB","city":"Chelsea","state":"Greater London","country":"United Kingdom"},"categories":[{"id":"4bf58dd8d48988d11f941735","name":"Nightclub","pluralName":"Nightclubs","shortName":"Nightclub","icon":{"prefix":"https:\/\/ss1.4sqi.net\/img\/categories_v2\/nightlife\/nightclub_","suffix":".png"},"primary":"true"}],"verified":"false","restricted":"true","stats":{"checkinsCount":"121","usersCount":"102","tipCount":"2"},"url":"http:\/\/www.dukebox.uk.com","specials":{"count":"0"},"hereNow":{"count":"0"},"referralId":"v-1392478088"},{"id":"4c39ec23edba9521347ad625","name":"Redcliffe Place","location":{"address":"Redcliffe Place","lat":"51.484313200029625","lng":"-0.18533985617752177","distance":"170","postalCode":"SW10","cc":"GB","city":"London","state":"Greater London","country":"United Kingdom"},"categories":[{"id":"4bf58dd8d48988d163941735","name":"Park","pluralName":"Parks","shortName":"Park","icon":{"prefix":"https:\/\/ss1.4sqi.net\/img\/categories_v2\/parks_outdoors\/park_","suffix":".png"},"primary":"true"}],"verified":"false","restricted":"true","stats":{"checkinsCount":"118","usersCount":"22","tipCount":"0"},"specials":{"count":"0"},"hereNow":{"count":"0"},"referralId":"v-1392478088"},{"id":"5282251e11d2ac71a05fdf9c","name":"Girl Meets Dress","location":{"lat":"51.484495","lng":"-0.186634","distance":"84","cc":"GB","country":"United Kingdom"},"categories":[{"id":"4d954b06a243a5684965b473","name":"Residential Building (Apartment \/ Condo)","pluralName":"Residential Buildings (Apartments \/ Condos)","shortName":"Residential","icon":{"prefix":"https:\/\/ss1.4sqi.net\/img\/categories_v2\/building\/apartment_","suffix":".png"},"primary":"true"}],"verified":"false","restricted":"true","stats":{"checkinsCount":"2","usersCount":"1","tipCount":"0"},"specials":{"count":"0"},"hereNow":{"count":"0"},"referralId":"v-1392478088"},{"id":"4e3ef2df8877b00cfc5b94bd","name":"Spicy Tokyo","location":{"lat":"51.486225","lng":"-0.189061","distance":"232","cc":"GB","city":"Kensington","state":"Greater London","country":"United Kingdom"},"categories":[{"id":"4bf58dd8d48988d142941735","name":"Asian Restaurant","pluralName":"Asian Restaurants","shortName":"Asian","icon":{"prefix":"https:\/\/ss1.4sqi.net\/img\/categories_v2\/food\/asian_","suffix":".png"},"primary":"true"}],"verified":"false","restricted":"true","stats":{"checkinsCount":"5","usersCount":"3","tipCount":"1"},"specials":{"count":"0"},"hereNow":{"count":"0"},"referralId":"v-1392478088"},{"id":"50b9f860e4b026fe4b38d724","name":"Redcliffe Street","location":{"lat":"51.48625564575195","lng":"-0.18836410343647003","distance":"222","cc":"GB","country":"United Kingdom"},"categories":[{"id":"4f2a25ac4b909258e854f55f","name":"Neighborhood","pluralName":"Neighborhoods","shortName":"Neighborhood","icon":{"prefix":"https:\/\/ss1.4sqi.net\/img\/categories_v2\/parks_outdoors\/neighborhood_","suffix":".png"},"primary":"true"}],"verified":"false","restricted":"true","stats":{"checkinsCount":"77","usersCount":"12","tipCount":"0"},"specials":{"count":"0"},"hereNow":{"count":"0"},"referralId":"v-1392478088"},{"id":"51c85a02498e2ccd1bb1c2f0","name":"Guru Makeup Emporium","location":{"address":"4 Filmer Mews","lat":"51.48337048691955","lng":"-0.1876307449693811","distance":"102","postalCode":"sq6 7jf","cc":"GB","city":"London","state":"Greater London","country":"United Kingdom"},"categories":[{"id":"4bf58dd8d48988d10c951735","name":"Cosmetics Shop","pluralName":"Cosmetics Shops","shortName":"Cosmetics","icon":{"prefix":"https:\/\/ss1.4sqi.net\/img\/categories_v2\/shops\/beauty_cosmetic_","suffix":".png"},"primary":"true"}],"verified":"false","restricted":"true","stats":{"checkinsCount":"3","usersCount":"3","tipCount":"0"},"specials":{"count":"0"},"hereNow":{"count":"0"},"referralId":"v-1392478088"},{"id":"4ba764c2f964a520649039e3","name":"Fourteen Ten","contact":{"phone":"+442074605359","formattedPhone":"+44 20 7460 5359","twitter":"fourteenten"},"location":{"address":"78 Cathcart Road","lat":"51.48537830913729","lng":"-0.18691778182983398","distance":"135","postalCode":"SW10 9DJ","cc":"GB","city":"London","state":"Greater London","country":"United Kingdom"},"categories":[{"id":"4bf58dd8d48988d124941735","name":"Office","pluralName":"Offices","shortName":"Office","icon":{"prefix":"https:\/\/ss1.4sqi.net\/img\/categories_v2\/building\/default_","suffix":".png"},"primary":"true"}],"verified":"false","restricted":"true","stats":{"checkinsCount":"25","usersCount":"4","tipCount":"1"},"specials":{"count":"0"},"hereNow":{"count":"0"},"referralId":"v-1392478088"},{"id":"517ff53de4b0af04d89afe0a","name":"\u041f\u0430\u043d\u0434\u0430\u043b\u044d\u043d\u0434","location":{"lat":"51.48559","lng":"-0.188441","distance":"151","cc":"GB","country":"United Kingdom"},"categories":[{"id":"5032891291d4c4b30a586d68","name":"Assisted Living","pluralName":"Assisted Living","shortName":"Assisted Living","icon":{"prefix":"https:\/\/ss1.4sqi.net\/img\/categories_v2\/building\/apartment_","suffix":".png"},"primary":"true"}],"verified":"false","restricted":"true","stats":{"checkinsCount":"2","usersCount":"1","tipCount":"0"},"specials":{"count":"0"},"hereNow":{"count":"0"},"referralId":"v-1392478088"},{"id":"4e78adb11f6ecf8d36a7ad34","name":"Oral Moto","location":{"address":"266 Fulham Road","lat":"51.484824","lng":"-0.185778","distance":"152","postalCode":"SW10 9EL","cc":"GB","city":"Kensington","state":"Greater London","country":"United Kingdom"},"categories":[{"id":"4bf58dd8d48988d124941735","name":"Office","pluralName":"Offices","shortName":"Office","icon":{"prefix":"https:\/\/ss1.4sqi.net\/img\/categories_v2\/building\/default_","suffix":".png"},"primary":"true"}],"verified":"false","restricted":"true","stats":{"checkinsCount":"1","usersCount":"1","tipCount":"0"},"specials":{"count":"0"},"hereNow":{"count":"0"},"referralId":"v-1392478088"},{"id":"508aca76e4b00ac3c670546d","name":"Thai cuisine","location":{"address":"Trafagar","lat":"51.483467","lng":"-0.1860086","distance":"154","cc":"GB","country":"United Kingdom"},"categories":[{"id":"4bf58dd8d48988d149941735","name":"Thai Restaurant","pluralName":"Thai Restaurants","shortName":"Thai","icon":{"prefix":"https:\/\/ss1.4sqi.net\/img\/categories_v2\/food\/thai_","suffix":".png"},"primary":"true"}],"verified":"false","restricted":"true","stats":{"checkinsCount":"3","usersCount":"3","tipCount":"0"},"specials":{"count":"0"},"hereNow":{"count":"0"},"referralId":"v-1392478088"},{"id":"52b051e2498e43148a5f9684","name":"Chelsea Dental Clinic","location":{"lat":"51.483397","lng":"-0.185474","distance":"189","cc":"GB","country":"United Kingdom"},"categories":[{"id":"4bf58dd8d48988d178941735","name":"Dentist's Office","pluralName":"Dentist's Offices","shortName":"Dentist's Office","icon":{"prefix":"https:\/\/ss1.4sqi.net\/img\/categories_v2\/building\/medical_dentist_","suffix":".png"},"primary":"true"}],"verified":"false","restricted":"true","stats":{"checkinsCount":"1","usersCount":"1","tipCount":"0"},"specials":{"count":"0"},"hereNow":{"count":"0"},"referralId":"v-1392478088"},{"id":"50e9de67e4b05301d76e4e03","name":"coleherme mews","location":{"lat":"51.484182","lng":"-0.185477","distance":"161","cc":"GB","country":"United Kingdom"},"categories":[{"id":"50aa9e094b90af0d42d5de0d","name":"City","pluralName":"Cities","shortName":"City","icon":{"prefix":"https:\/\/ss1.4sqi.net\/img\/categories_v2\/parks_outdoors\/neighborhood_","suffix":".png"},"primary":"true"}],"verified":"false","restricted":"true","stats":{"checkinsCount":"1","usersCount":"1","tipCount":"0"},"specials":{"count":"0"},"hereNow":{"count":"0"},"referralId":"v-1392478088"},{"id":"4db7d4a54b22f2ddb62ea88e","name":"31 cathcart road","location":{"lat":"51.48442387125854","lng":"-0.18549397079844734","distance":"160","cc":"GB","city":"Kensington","state":"Greater London","country":"United Kingdom"},"categories":[{"id":"4bf58dd8d48988d130941735","name":"Building","pluralName":"Buildings","shortName":"Building","icon":{"prefix":"https:\/\/ss1.4sqi.net\/img\/categories_v2\/building\/default_","suffix":".png"},"primary":"true"}],"verified":"false","restricted":"true","stats":{"checkinsCount":"9","usersCount":"4","tipCount":"0"},"specials":{"count":"0"},"hereNow":{"count":"0"},"referralId":"v-1392478088"},{"id":"50e8b56be4b0d6d8b2c7c51a","name":"hartcourt terrace","location":{"lat":"51.48415","lng":"-0.185425","distance":"165","cc":"GB","country":"United Kingdom"},"categories":[{"id":"50aa9e094b90af0d42d5de0d","name":"City","pluralName":"Cities","shortName":"City","icon":{"prefix":"https:\/\/ss1.4sqi.net\/img\/categories_v2\/parks_outdoors\/neighborhood_","suffix":".png"},"primary":"true"}],"verified":"false","restricted":"true","stats":{"checkinsCount":"1","usersCount":"1","tipCount":"0"},"specials":{"count":"0"},"hereNow":{"count":"0"},"referralId":"v-1392478088"},{"id":"50e87e1ce4b0575017d4f7bd","name":"gilston road","location":{"lat":"51.484171","lng":"-0.185423","distance":"165","cc":"GB","country":"United Kingdom"},"categories":[{"id":"50aa9e094b90af0d42d5de0d","name":"City","pluralName":"Cities","shortName":"City","icon":{"prefix":"https:\/\/ss1.4sqi.net\/img\/categories_v2\/parks_outdoors\/neighborhood_","suffix":".png"},"primary":"true"}],"verified":"false","restricted":"true","stats":{"checkinsCount":"1","usersCount":"1","tipCount":"0"},"specials":{"count":"0"},"hereNow":{"count":"0"},"referralId":"v-1392478088"},{"id":"4dfee89118388670a23a2a6f","name":"Private Tailoring Ltd","contact":{"phone":"+447903405016","formattedPhone":"+44 7903 405016"},"location":{"lat":"51.485516","lng":"-0.189145","distance":"165","cc":"GB","city":"Kensington","state":"Greater London","country":"United Kingdom"},"categories":[{"id":"4bf58dd8d48988d106951735","name":"Men's Store","pluralName":"Men's Stores","shortName":"Men's Store","icon":{"prefix":"https:\/\/ss1.4sqi.net\/img\/categories_v2\/shops\/apparel_men_","suffix":".png"},"primary":"true"}],"verified":"false","restricted":"true","stats":{"checkinsCount":"1","usersCount":"1","tipCount":"0"},"specials":{"count":"0"},"hereNow":{"count":"0"},"referralId":"v-1392478088"},{"id":"4ac518c1f964a520efa320e3","name":"Chelsea Meze","location":{"address":"294 Fulham Rd","lat":"51.48322398669691","lng":"-0.18618818890500186","distance":"163","postalCode":"SW10 9EW","cc":"GB","city":"London","state":"Greater London","country":"United Kingdom"},"categories":[{"id":"4bf58dd8d48988d116941735","name":"Bar","pluralName":"Bars","shortName":"Bar","icon":{"prefix":"https:\/\/ss1.4sqi.net\/img\/categories_v2\/nightlife\/bar_","suffix":".png"},"primary":"true"}],"verified":"false","restricted":"true","stats":{"checkinsCount":"8","usersCount":"8","tipCount":"0"},"specials":{"count":"0"},"hereNow":{"count":"0"},"referralId":"v-1392478088"},{"id":"50e9dddfe4b05b31ee834710","name":"grunter grove","location":{"lat":"51.484185","lng":"-0.185394","distance":"167","cc":"GB","country":"United Kingdom"},"categories":[{"id":"50aa9e094b90af0d42d5de0d","name":"City","pluralName":"Cities","shortName":"City","icon":{"prefix":"https:\/\/ss1.4sqi.net\/img\/categories_v2\/parks_outdoors\/neighborhood_","suffix":".png"},"primary":"true"}],"verified":"false","restricted":"true","stats":{"checkinsCount":"1","usersCount":"1","tipCount":"0"},"specials":{"count":"0"},"hereNow":{"count":"0"},"referralId":"v-1392478088"},{"id":"4e022d77d1647696f125be57","name":"QN Nails","location":{"address":"350 Fulham Road","lat":"51.48204","lng":"-0.186976","distance":"256","cc":"GB","city":"Kensington","state":"Greater London","country":"United Kingdom"},"categories":[{"id":"4bf58dd8d48988d110951735","name":"Salon \/ Barbershop","pluralName":"Salons \/ Barbershops","shortName":"Salon \/ Barbershop","icon":{"prefix":"https:\/\/ss1.4sqi.net\/img\/categories_v2\/shops\/salon_barber_","suffix":".png"},"primary":"true"}],"verified":"false","restricted":"true","stats":{"checkinsCount":"2","usersCount":"2","tipCount":"0"},"specials":{"count":"0"},"hereNow":{"count":"0"},"referralId":"v-1392478088"},{"id":"50e8b4dde4b0f090c2b6f243","name":"redcliffe mews","location":{"lat":"51.484237","lng":"-0.185341","distance":"170","cc":"GB","country":"United Kingdom"},"categories":[{"id":"4f2a25ac4b909258e854f55f","name":"Neighborhood","pluralName":"Neighborhoods","shortName":"Neighborhood","icon":{"prefix":"https:\/\/ss1.4sqi.net\/img\/categories_v2\/parks_outdoors\/neighborhood_","suffix":".png"},"primary":"true"}],"verified":"false","restricted":"true","stats":{"checkinsCount":"1","usersCount":"1","tipCount":"0"},"specials":{"count":"0"},"hereNow":{"count":"0"},"referralId":"v-1392478088"}],"confident":"true"}}