{"meta":{"code":"200"},"response":{"venues":[{"id":"4b7c080bf964a52068792fe3","name":"Queenstown Road Railway Station (QRB)","contact":{"phone":"+448457484950","formattedPhone":"+44 845 748 4950","twitter":"nationalrailenq","facebook":"94740547473"},"location":{"address":"Queenstown Rd.","lat":"51.47507838456744","lng":"-0.14635741710662842","distance":"261","postalCode":"SW8 4LP","cc":"GB","city":"London","state":"Greater London","country":"United Kingdom"},"categories":[{"id":"4bf58dd8d48988d129951735","name":"Train Station","pluralName":"Train Stations","shortName":"Train Station","icon":{"prefix":"https:\/\/ss1.4sqi.net\/img\/categories_v2\/travel\/trainstation_","suffix":".png"},"primary":"true"}],"verified":"true","restricted":"true","stats":{"checkinsCount":"2450","usersCount":"1040","tipCount":"12"},"url":"http:\/\/www.nationalrail.co.uk\/stations\/qrb\/details.html","specials":{"count":"0"},"hereNow":{"count":"0"},"storeId":"QRB","referralId":"v-1392478118"},{"id":"4ad82178f964a520c81021e3","name":"Battersea Park Railway Station (BAK)","contact":{"phone":"+448457484950","formattedPhone":"+44 845 748 4950","twitter":"nationalrailenq","facebook":"94740547473"},"location":{"address":"Battersea Park Rd","lat":"51.47681246269551","lng":"-0.14745712280273438","distance":"427","postalCode":"SW8 4LJ","cc":"GB","city":"London","state":"Greater London","country":"United Kingdom"},"categories":[{"id":"4bf58dd8d48988d129951735","name":"Train Station","pluralName":"Train Stations","shortName":"Train Station","icon":{"prefix":"https:\/\/ss1.4sqi.net\/img\/categories_v2\/travel\/trainstation_","suffix":".png"},"primary":"true"}],"verified":"true","restricted":"true","stats":{"checkinsCount":"3232","usersCount":"1399","tipCount":"8"},"url":"http:\/\/www.nationalrail.co.uk\/stations\/bak\/details.html","specials":{"count":"0"},"hereNow":{"count":"0"},"storeId":"BAK","referralId":"v-1392478118"},{"id":"4ac518bcf964a52092a220e3","name":"The Mason's Arms","contact":{"phone":"+442076222007","formattedPhone":"+44 20 7622 2007","twitter":"masonsbattersea"},"location":{"address":"169 Battersea Park Rd","lat":"51.47692286022314","lng":"-0.14685910248668327","distance":"406","postalCode":"SW8 4BT","cc":"GB","city":"London","state":"Greater London","country":"United Kingdom"},"categories":[{"id":"4bf58dd8d48988d11b941735","name":"Pub","pluralName":"Pubs","shortName":"Pub","icon":{"prefix":"https:\/\/ss1.4sqi.net\/img\/categories_v2\/nightlife\/pub_","suffix":".png"},"primary":"true"}],"verified":"false","restricted":"true","stats":{"checkinsCount":"989","usersCount":"422","tipCount":"12"},"url":"http:\/\/masons-arms-battersea.co.uk","menu":{"type":"Menu","label":"Menu","anchor":"View Menu","url":"https:\/\/foursquare.com\/v\/the-masons-arms\/4ac518bcf964a52092a220e3\/menu","mobileUrl":"https:\/\/foursquare.com\/v\/4ac518bcf964a52092a220e3\/device_menu"},"specials":{"count":"0"},"hereNow":{"count":"0"},"referralId":"v-1392478118"},{"id":"51bb98b5498ea2cd7760ffc5","name":"Bethak Shisha Lounge","contact":{"phone":"+447771332538","formattedPhone":"+44 7771 332538"},"location":{"address":"263,queenstown road","lat":"51.47444992628702","lng":"-0.14695460780257003","distance":"288","postalCode":"sw83np","cc":"GB","city":"London","state":"Greater London","country":"United Kingdom"},"verified":"false","restricted":"true","stats":{"checkinsCount":"23","usersCount":"10","tipCount":"2"},"specials":{"count":"0"},"hereNow":{"count":"1","groups":[{"type":"others","name":"Other people here","count":"1"}]},"referralId":"v-1392478118"},{"id":"4d13048012916dcb14c0da8a","name":"Coffee Affair","contact":{"twitter":"mycoffeeaffair"},"location":{"address":"Queenstown Road Station","crossStreet":"at Queenstown Rd","lat":"51.475161915853654","lng":"-0.14635205268859863","distance":"264","postalCode":"SW8 4LP","cc":"GB","city":"Nine Elms","state":"Greater London","country":"United Kingdom"},"categories":[{"id":"4bf58dd8d48988d1e0931735","name":"Coffee Shop","pluralName":"Coffee Shops","shortName":"Coffee Shop","icon":{"prefix":"https:\/\/ss1.4sqi.net\/img\/categories_v2\/food\/coffeeshop_","suffix":".png"},"primary":"true"}],"verified":"false","restricted":"true","stats":{"checkinsCount":"406","usersCount":"66","tipCount":"9"},"specials":{"count":"0"},"hereNow":{"count":"0"},"referralId":"v-1392478118"},{"id":"4c78f2b981bca093d4aafb14","name":"Safestore Self Storage","contact":{"phone":"+442076221000","formattedPhone":"+44 20 7622 1000","twitter":"safestoreltd"},"location":{"address":"Ingate Pl","lat":"51.47529490730484","lng":"-0.1443082679259932","distance":"153","postalCode":"SW8 3NS","cc":"GB","city":"Wandsworth","state":"Greater London","country":"United Kingdom"},"categories":[{"id":"4f04b1572fb6e1c99f3db0bf","name":"Storage Facility","pluralName":"Storage Facilities","shortName":"Storage","icon":{"prefix":"https:\/\/ss1.4sqi.net\/img\/categories_v2\/shops\/storage_","suffix":".png"},"primary":"true"}],"verified":"false","restricted":"true","stats":{"checkinsCount":"16","usersCount":"12","tipCount":"0"},"url":"http:\/\/www.safestore.co.uk","specials":{"count":"0"},"hereNow":{"count":"0"},"referralId":"v-1392478118"},{"id":"52ef7593498efbd596e2c8e0","name":"Julius Rutherfoord","location":{"lat":"51.474518","lng":"-0.14543","distance":"183","cc":"GB","country":"United Kingdom"},"categories":[{"id":"4bf58dd8d48988d124941735","name":"Office","pluralName":"Offices","shortName":"Office","icon":{"prefix":"https:\/\/ss1.4sqi.net\/img\/categories_v2\/building\/default_","suffix":".png"},"primary":"true"}],"verified":"false","restricted":"true","stats":{"checkinsCount":"4","usersCount":"1","tipCount":"0"},"specials":{"count":"0"},"hereNow":{"count":"0"},"referralId":"v-1392478118"},{"id":"4ad82c8cf964a520d31021e3","name":"Battersea Studios","location":{"address":"80 Silverthorne Rd.","lat":"51.47235673290639","lng":"-0.146783299392729","distance":"349","postalCode":"SW8 3HE","cc":"GB","city":"London","state":"Greater London","country":"United Kingdom"},"categories":[{"id":"4bf58dd8d48988d174941735","name":"Coworking Space","pluralName":"Coworking Spaces","shortName":"Coworking Space","icon":{"prefix":"https:\/\/ss1.4sqi.net\/img\/categories_v2\/building\/office_coworkingspace_","suffix":".png"},"primary":"true"}],"verified":"false","restricted":"true","stats":{"checkinsCount":"716","usersCount":"122","tipCount":"4"},"specials":{"count":"0"},"hereNow":{"count":"0"},"referralId":"v-1392478118"},{"id":"4fba53f6e4b08e9fbc5aa3d1","name":"DeAgostini Publishing UK","location":{"lat":"51.47266004324945","lng":"-0.14669130337006317","distance":"324","cc":"GB","country":"United Kingdom"},"categories":[{"id":"4bf58dd8d48988d124941735","name":"Office","pluralName":"Offices","shortName":"Office","icon":{"prefix":"https:\/\/ss1.4sqi.net\/img\/categories_v2\/building\/default_","suffix":".png"},"primary":"true"}],"verified":"false","restricted":"true","stats":{"checkinsCount":"142","usersCount":"13","tipCount":"0"},"specials":{"count":"0"},"hereNow":{"count":"0"},"referralId":"v-1392478118"},{"id":"508a59f8e4b07e54b2606e66","name":"SL Vision Studio","location":{"lat":"51.474981","lng":"-0.140652","distance":"167","cc":"GB","country":"United Kingdom"},"categories":[{"id":"4bf58dd8d48988d171941735","name":"Event Space","pluralName":"Event Spaces","shortName":"Event Space","icon":{"prefix":"https:\/\/ss1.4sqi.net\/img\/categories_v2\/building\/eventspace_","suffix":".png"},"primary":"true"}],"verified":"false","restricted":"true","stats":{"checkinsCount":"19","usersCount":"12","tipCount":"0"},"specials":{"count":"0"},"hereNow":{"count":"0"},"referralId":"v-1392478118"},{"id":"522dadbc498edbef4c8a05ff","name":"Day Lewis","location":{"lat":"51.47709340223084","lng":"-0.14592439868830426","distance":"379","cc":"GB","country":"United Kingdom"},"categories":[{"id":"4bf58dd8d48988d10f951735","name":"Drugstore \/ Pharmacy","pluralName":"Drugstores \/ Pharmacies","shortName":"Pharmacy","icon":{"prefix":"https:\/\/ss1.4sqi.net\/img\/categories_v2\/shops\/pharmacy_","suffix":".png"},"primary":"true"}],"verified":"false","restricted":"true","stats":{"checkinsCount":"12","usersCount":"3","tipCount":"0"},"specials":{"count":"0"},"hereNow":{"count":"0"},"referralId":"v-1392478118"},{"id":"4d9a4387a2adf04d64ba1b49","name":"Turpin House","location":{"lat":"51.475495","lng":"-0.148496","distance":"416","postalCode":"SW11 5HE","cc":"GB","city":"London","state":"Greater London","country":"United Kingdom"},"categories":[{"id":"4d954b06a243a5684965b473","name":"Residential Building (Apartment \/ Condo)","pluralName":"Residential Buildings (Apartments \/ Condos)","shortName":"Residential","icon":{"prefix":"https:\/\/ss1.4sqi.net\/img\/categories_v2\/building\/apartment_","suffix":".png"},"primary":"true"}],"verified":"false","restricted":"true","stats":{"checkinsCount":"40","usersCount":"12","tipCount":"0"},"specials":{"count":"0"},"hereNow":{"count":"0"},"referralId":"v-1392478118"},{"id":"4da416b9b3e7236ad7013f79","name":"Farr Vintners","location":{"lat":"51.474738","lng":"-0.146429","distance":"256","cc":"GB","city":"Wandsworth","state":"Greater London","country":"United Kingdom"},"verified":"false","restricted":"true","stats":{"checkinsCount":"2","usersCount":"2","tipCount":"0"},"specials":{"count":"0"},"hereNow":{"count":"0"},"referralId":"v-1392478118"},{"id":"51bb82ab498e3f5f52c31d6e","name":"Creative House","location":{"address":"Prince Of Wales","lat":"51.477878509995975","lng":"-0.14579080643730286","distance":"450","cc":"GB","country":"United Kingdom"},"categories":[{"id":"4d954b06a243a5684965b473","name":"Residential Building (Apartment \/ Condo)","pluralName":"Residential Buildings (Apartments \/ Condos)","shortName":"Residential","icon":{"prefix":"https:\/\/ss1.4sqi.net\/img\/categories_v2\/building\/apartment_","suffix":".png"},"primary":"true"}],"verified":"false","restricted":"true","stats":{"checkinsCount":"15","usersCount":"7","tipCount":"0"},"specials":{"count":"0"},"hereNow":{"count":"0"},"referralId":"v-1392478118"},{"id":"4b641cecf964a520ab9f2ae3","name":"BMW Park Lane Service Battersea","contact":{"phone":"+442078192077","formattedPhone":"+44 20 7819 2077","twitter":"bmw_parklane"},"location":{"address":"102 - 104 Stewarts Road","lat":"51.47320390227611","lng":"-0.1375436782836914","distance":"384","postalCode":"SW8 4UY","cc":"GB","city":"London","state":"Greater London","country":"United Kingdom"},"categories":[{"id":"4bf58dd8d48988d124951735","name":"Automotive Shop","pluralName":"Automotive Shops","shortName":"Automotive","icon":{"prefix":"https:\/\/ss1.4sqi.net\/img\/categories_v2\/shops\/automotive_","suffix":".png"},"primary":"true"}],"verified":"true","restricted":"true","stats":{"checkinsCount":"151","usersCount":"72","tipCount":"0"},"url":"http:\/\/www.bmwparklane.co.uk","specials":{"count":"0"},"hereNow":{"count":"0"},"storeId":"","referralId":"v-1392478118"},{"id":"4eb067b22c5b1b4e30f2e72d","name":"Local Express","location":{"lat":"51.47719139477388","lng":"-0.14130095309484317","distance":"339","cc":"GB","country":"United Kingdom"},"categories":[{"id":"4d954b0ea243a5684a65b473","name":"Convenience Store","pluralName":"Convenience Stores","shortName":"Convenience Stores","icon":{"prefix":"https:\/\/ss1.4sqi.net\/img\/categories_v2\/shops\/conveniencestore_","suffix":".png"},"primary":"true"}],"verified":"false","restricted":"true","stats":{"checkinsCount":"19","usersCount":"3","tipCount":"0"},"specials":{"count":"0"},"hereNow":{"count":"0"},"referralId":"v-1392478118"},{"id":"513f0634e4b03f32c0703ae6","name":"VSOE Stewarts Lane Train Depot","location":{"lat":"51.47175920219695","lng":"-0.1449237150233587","distance":"317","cc":"GB","country":"United Kingdom"},"categories":[{"id":"4bf58dd8d48988d130941735","name":"Building","pluralName":"Buildings","shortName":"Building","icon":{"prefix":"https:\/\/ss1.4sqi.net\/img\/categories_v2\/building\/default_","suffix":".png"},"primary":"true"}],"verified":"false","restricted":"true","stats":{"checkinsCount":"93","usersCount":"1","tipCount":"0"},"specials":{"count":"0"},"hereNow":{"count":"0"},"referralId":"v-1392478118"},{"id":"4f71d4ef7beb1d18abca9cd0","name":"Snappy Snaps","contact":{"phone":"+442073834011","formattedPhone":"+44 20 7383 4011","twitter":"snappysnapsuk","facebook":"101184434818"},"location":{"address":"76 Marchmont Street","lat":"51.473675","lng":"-0.14132","distance":"123","postalCode":"WC1M 1AG","cc":"GB","city":"London","state":"Greater London","country":"United Kingdom"},"categories":[{"id":"4eb1bdde3b7b55596b4a7490","name":"Photography Lab","pluralName":"Photography Labs","shortName":"Photography Lab","icon":{"prefix":"https:\/\/ss1.4sqi.net\/img\/categories_v2\/shops\/photographylab_","suffix":".png"},"primary":"true"}],"verified":"true","restricted":"true","stats":{"checkinsCount":"1","usersCount":"1","tipCount":"0"},"url":"http:\/\/www.snappysnaps-bloomsbury.co.uk","specials":{"count":"0"},"hereNow":{"count":"0"},"storeId":"062","referralId":"v-1392478118"},{"id":"50a51b98395027f773d47810","name":"Company","contact":{"phone":"+441234567890","formattedPhone":"+44 1234 567890"},"location":{"address":"Address1","lat":"51.47353804023315","lng":"-0.14129877090454102","distance":"133","postalCode":"6351","cc":"GB","city":"London","state":"Greater London","country":"United Kingdom"},"categories":[{"id":"4bf58dd8d48988d130941735","name":"Building","pluralName":"Buildings","shortName":"Building","icon":{"prefix":"https:\/\/ss1.4sqi.net\/img\/categories_v2\/building\/default_","suffix":".png"},"primary":"true"}],"verified":"false","restricted":"true","stats":{"checkinsCount":"2","usersCount":"1","tipCount":"0"},"specials":{"count":"0"},"hereNow":{"count":"0"},"referralId":"v-1392478118"},{"id":"4d1855ad1356a093011ce282","name":"What On Earth","contact":{"phone":"+442077204420","formattedPhone":"+44 20 7720 4420"},"location":{"address":"17 linford street","lat":"51.47566019963379","lng":"-0.1416700426481238","distance":"171","postalCode":"Sw8 3jh","cc":"GB","city":"Wandsworth","state":"Greater London","country":"United Kingdom"},"categories":[{"id":"4bf58dd8d48988d124941735","name":"Office","pluralName":"Offices","shortName":"Office","icon":{"prefix":"https:\/\/ss1.4sqi.net\/img\/categories_v2\/building\/default_","suffix":".png"},"primary":"true"}],"verified":"false","restricted":"true","stats":{"checkinsCount":"183","usersCount":"15","tipCount":"0"},"specials":{"count":"0"},"hereNow":{"count":"0"},"referralId":"v-1392478118"},{"id":"4c6fd686df6b8cfa813bb64d","name":"The Power Station","contact":{"phone":"+442077200632","formattedPhone":"+44 20 7720 0632"},"location":{"address":"161 Battersea Park Road","lat":"51.47714674051651","lng":"-0.14646579199316975","distance":"407","postalCode":"SW8 4BU","cc":"GB","city":"London","state":"Greater London","country":"United Kingdom"},"categories":[{"id":"4bf58dd8d48988d116941735","name":"Bar","pluralName":"Bars","shortName":"Bar","icon":{"prefix":"https:\/\/ss1.4sqi.net\/img\/categories_v2\/nightlife\/bar_","suffix":".png"},"primary":"true"}],"verified":"false","restricted":"true","stats":{"checkinsCount":"200","usersCount":"103","tipCount":"0"},"url":"http:\/\/powerstation-bar-restaurant.co.uk","menu":{"type":"Menu","label":"Menu","anchor":"View Menu","url":"https:\/\/foursquare.com\/v\/the-power-station\/4c6fd686df6b8cfa813bb64d\/menu","mobileUrl":"https:\/\/foursquare.com\/v\/4c6fd686df6b8cfa813bb64d\/device_menu"},"specials":{"count":"0"},"hereNow":{"count":"0"},"referralId":"v-1392478118"},{"id":"5141c2b2e4b0d32a99d836b2","name":"Factory Junction","location":{"lat":"51.47226206941853","lng":"-0.14069671233868","distance":"268","cc":"GB","country":"United Kingdom"},"categories":[{"id":"4f4531504b9074f6e4fb0102","name":"Platform","pluralName":"Platforms","shortName":"Platform","icon":{"prefix":"https:\/\/ss1.4sqi.net\/img\/categories_v2\/travel\/trainstation_","suffix":".png"},"primary":"true"}],"verified":"false","restricted":"true","stats":{"checkinsCount":"10","usersCount":"4","tipCount":"0"},"specials":{"count":"0"},"hereNow":{"count":"0"},"referralId":"v-1392478118"},{"id":"51714f03498e94001e8a7899","name":"Battersea Lexus","location":{"lat":"51.476908","lng":"-0.146313","distance":"379","cc":"GB","country":"United Kingdom"},"categories":[{"id":"4eb1c1623b7b52c0e1adc2ec","name":"Car Dealership","pluralName":"Car Dealerships","shortName":"Car Dealer","icon":{"prefix":"https:\/\/ss1.4sqi.net\/img\/categories_v2\/shops\/automotive_","suffix":".png"},"primary":"true"}],"verified":"false","restricted":"true","stats":{"checkinsCount":"3","usersCount":"1","tipCount":"0"},"specials":{"count":"0"},"hereNow":{"count":"0"},"referralId":"v-1392478118"},{"id":"4e12046cfa769d21e9f2238d","name":"Metrogusto","location":{"address":"153 Battersea Park Road","lat":"51.47723653675905","lng":"-0.14625238417452838","distance":"406","postalCode":"SW8 4BX","cc":"GB","city":"Wandsworth","state":"Greater London","country":"United Kingdom"},"categories":[{"id":"4bf58dd8d48988d110941735","name":"Italian Restaurant","pluralName":"Italian Restaurants","shortName":"Italian","icon":{"prefix":"https:\/\/ss1.4sqi.net\/img\/categories_v2\/food\/italian_","suffix":".png"},"primary":"true"}],"verified":"false","restricted":"true","stats":{"checkinsCount":"146","usersCount":"62","tipCount":"5"},"url":"http:\/\/metrogusto.co.uk","menu":{"type":"Menu","label":"Menu","anchor":"View Menu","url":"https:\/\/foursquare.com\/v\/metrogusto-wandsworth-england\/4e12046cfa769d21e9f2238d\/menu","mobileUrl":"https:\/\/foursquare.com\/v\/4e12046cfa769d21e9f2238d\/device_menu"},"specials":{"count":"0"},"hereNow":{"count":"0"},"referralId":"v-1392478118"},{"id":"5284d43311d25c483ca0abec","name":"Harvey Brockles","location":{"lat":"51.475088","lng":"-0.140982","distance":"154","cc":"GB","country":"United Kingdom"},"categories":[{"id":"4bf58dd8d48988d130941735","name":"Building","pluralName":"Buildings","shortName":"Building","icon":{"prefix":"https:\/\/ss1.4sqi.net\/img\/categories_v2\/building\/default_","suffix":".png"},"primary":"true"}],"verified":"false","restricted":"true","stats":{"checkinsCount":"1","usersCount":"1","tipCount":"0"},"specials":{"count":"0"},"hereNow":{"count":"0"},"referralId":"v-1392478118"},{"id":"521c3e34498e2b65891a62aa","name":"Vini Italiani's Warehouse","location":{"lat":"51.47524","lng":"-0.144202","distance":"143","cc":"GB","country":"United Kingdom"},"categories":[{"id":"4bf58dd8d48988d124941735","name":"Office","pluralName":"Offices","shortName":"Office","icon":{"prefix":"https:\/\/ss1.4sqi.net\/img\/categories_v2\/building\/default_","suffix":".png"},"primary":"true"}],"verified":"false","restricted":"true","stats":{"checkinsCount":"1","usersCount":"1","tipCount":"0"},"specials":{"count":"0"},"hereNow":{"count":"0"},"referralId":"v-1392478118"},{"id":"4c7685abff1fb60c071af9a7","name":"Battersea Studios Caf\u00e9","location":{"address":"80 Silverthorne Road","lat":"51.47229503465092","lng":"-0.1457834243774414","distance":"303","postalCode":"SW8 3HE","cc":"GB","city":"London","state":"Greater London","country":"United Kingdom"},"categories":[{"id":"4bf58dd8d48988d16d941735","name":"Caf\u00e9","pluralName":"Caf\u00e9s","shortName":"Caf\u00e9","icon":{"prefix":"https:\/\/ss1.4sqi.net\/img\/categories_v2\/food\/cafe_","suffix":".png"},"primary":"true"}],"verified":"false","restricted":"true","stats":{"checkinsCount":"337","usersCount":"27","tipCount":"1"},"specials":{"count":"0"},"hereNow":{"count":"0"},"referralId":"v-1392478118"},{"id":"4f997996e4b0fa09af029dbb","name":"Gallery On The Corner","location":{"lat":"51.47742677845459","lng":"-0.14631522471405417","distance":"425","cc":"GB","country":"United Kingdom"},"categories":[{"id":"4bf58dd8d48988d1e2931735","name":"Art Gallery","pluralName":"Art Galleries","shortName":"Art Gallery","icon":{"prefix":"https:\/\/ss1.4sqi.net\/img\/categories_v2\/arts_entertainment\/artgallery_","suffix":".png"},"primary":"true"}],"verified":"false","restricted":"true","stats":{"checkinsCount":"24","usersCount":"18","tipCount":"0"},"specials":{"count":"0"},"hereNow":{"count":"0"},"referralId":"v-1392478118"},{"id":"4ef58dd1490124bf97e84408","name":"Cheese Cellar","location":{"address":"44\/54 Stewart's Road","crossStreet":"Corunna Terrace Entry Via Linford","lat":"51.47566777274446","lng":"-0.14124735143042894","distance":"187","postalCode":"Sw84df","cc":"GB","city":"London","state":"Greater London","country":"United Kingdom"},"categories":[{"id":"4bf58dd8d48988d130941735","name":"Building","pluralName":"Buildings","shortName":"Building","icon":{"prefix":"https:\/\/ss1.4sqi.net\/img\/categories_v2\/building\/default_","suffix":".png"},"primary":"true"}],"verified":"false","restricted":"true","stats":{"checkinsCount":"4","usersCount":"2","tipCount":"0"},"specials":{"count":"0"},"hereNow":{"count":"0"},"referralId":"v-1392478118"},{"id":"5163d7a1e4b08d7b9ec271a3","name":"VSOE Kitchens","location":{"lat":"51.472906","lng":"-0.142036","distance":"162","cc":"GB","country":"United Kingdom"},"categories":[{"id":"4bf58dd8d48988d1c4941735","name":"Restaurant","pluralName":"Restaurants","shortName":"Restaurant","icon":{"prefix":"https:\/\/ss1.4sqi.net\/img\/categories_v2\/food\/default_","suffix":".png"},"primary":"true"}],"verified":"false","restricted":"true","stats":{"checkinsCount":"1","usersCount":"1","tipCount":"0"},"specials":{"count":"0"},"hereNow":{"count":"0"},"referralId":"v-1392478118"}],"confident":"false"}}