{"meta":{"code":"200"},"response":{"venues":[{"id":"5202bb10498e61d1fa61233a","name":"Peckham Pelican","contact":{"phone":"+442077010225","formattedPhone":"+44 20 7701 0225"},"location":{"address":"92 Peckham Rd.","lat":"51.47426503438942","lng":"-0.07730817329143107","distance":"34","postalCode":"SE15 5PY","cc":"GB","city":"London","state":"Greater London","country":"United Kingdom"},"categories":[{"id":"4bf58dd8d48988d116941735","name":"Bar","pluralName":"Bars","shortName":"Bar","icon":{"prefix":"https:\/\/ss1.4sqi.net\/img\/categories_v2\/nightlife\/bar_","suffix":".png"},"primary":"true"}],"verified":"false","restricted":"true","stats":{"checkinsCount":"157","usersCount":"93","tipCount":"4"},"url":"http:\/\/www.thepeckhampelican.co.uk","specials":{"count":"0"},"hereNow":{"count":"0"},"referralId":"v-1392478125"},{"id":"4ac518d3f964a52069a720e3","name":"South London Gallery","contact":{"phone":"+442077036120","formattedPhone":"+44 20 7703 6120","twitter":"slg_artupdates"},"location":{"address":"65 Peckham Rd.","lat":"51.47416621296672","lng":"-0.08003711700439453","distance":"155","postalCode":"SE5 8UH","cc":"GB","city":"Camberwell","state":"Greater London","country":"United Kingdom"},"categories":[{"id":"4bf58dd8d48988d1e2931735","name":"Art Gallery","pluralName":"Art Galleries","shortName":"Art Gallery","icon":{"prefix":"https:\/\/ss1.4sqi.net\/img\/categories_v2\/arts_entertainment\/artgallery_","suffix":".png"},"primary":"true"}],"verified":"false","restricted":"true","stats":{"checkinsCount":"658","usersCount":"301","tipCount":"8"},"url":"http:\/\/www.southlondongallery.org","specials":{"count":"0"},"hereNow":{"count":"1","groups":[{"type":"others","name":"Other people here","count":"1"}]},"referralId":"v-1392478125"},{"id":"4c4adf66959220a1618cbc0e","name":"No. 67","contact":{"phone":"+442072527649","formattedPhone":"+44 20 7252 7649","twitter":"no67attheslg"},"location":{"address":"67 Peckham Rd","crossStreet":"within South London Gallery","lat":"51.474048160931176","lng":"-0.07955382075207834","distance":"124","postalCode":"SE5 8UH","cc":"GB","city":"London","state":"Greater London","country":"United Kingdom"},"categories":[{"id":"4bf58dd8d48988d1e0931735","name":"Coffee Shop","pluralName":"Coffee Shops","shortName":"Coffee Shop","icon":{"prefix":"https:\/\/ss1.4sqi.net\/img\/categories_v2\/food\/coffeeshop_","suffix":".png"},"primary":"true"}],"verified":"false","restricted":"true","stats":{"checkinsCount":"672","usersCount":"284","tipCount":"20"},"url":"http:\/\/www.number67.co.uk","reservations":{"url":"http:\/\/www.toptable.co.uk\/single.aspx?rid=86755&ref=9601"},"menu":{"type":"Menu","label":"Menu","anchor":"View Menu","url":"https:\/\/foursquare.com\/v\/no-67\/4c4adf66959220a1618cbc0e\/menu","mobileUrl":"https:\/\/foursquare.com\/v\/4c4adf66959220a1618cbc0e\/device_menu"},"specials":{"count":"0"},"hereNow":{"count":"2","groups":[{"type":"others","name":"Other people here","count":"2"}]},"referralId":"v-1392478125"},{"id":"4bd7459c304fce727a4b33ab","name":"Peckham Lodge London","location":{"address":"110 Peckham Road","lat":"51.47406612869795","lng":"-0.07534289692385593","distance":"172","cc":"GB","city":"London","state":"Greater London","country":"United Kingdom"},"categories":[{"id":"4bf58dd8d48988d1fa931735","name":"Hotel","pluralName":"Hotels","shortName":"Hotel","icon":{"prefix":"https:\/\/ss1.4sqi.net\/img\/categories_v2\/travel\/hotel_","suffix":".png"},"primary":"true"}],"verified":"false","restricted":"true","stats":{"checkinsCount":"864","usersCount":"388","tipCount":"14"},"specials":{"count":"0"},"hereNow":{"count":"2","groups":[{"type":"others","name":"Other people here","count":"2"}]},"referralId":"v-1392478125"},{"id":"4b7bdb80f964a520e6702fe3","name":"Camberwell College of Arts","contact":{"phone":"+442075146302","formattedPhone":"+44 20 7514 6302"},"location":{"address":"Peckham Rd.","lat":"51.473942","lng":"-0.080614","distance":"198","postalCode":"SE5 8UF","cc":"GB","city":"Camberwell","state":"Greater London","country":"United Kingdom"},"categories":[{"id":"4bf58dd8d48988d1ae941735","name":"University","pluralName":"Universities","shortName":"University","icon":{"prefix":"https:\/\/ss1.4sqi.net\/img\/categories_v2\/education\/default_","suffix":".png"},"primary":"true"}],"verified":"false","restricted":"true","stats":{"checkinsCount":"1253","usersCount":"221","tipCount":"3"},"specials":{"count":"0"},"hereNow":{"count":"0"},"referralId":"v-1392478125"},{"id":"4d6bfe10d47bb60c67b4a5aa","name":"New Gallery London","location":{"address":"92 Peckham Rd.","lat":"51.47424793030207","lng":"-0.07745162475497727","distance":"24","postalCode":"SE15 5PY","cc":"GB","city":"London","state":"Greater London","country":"United Kingdom"},"categories":[{"id":"4bf58dd8d48988d1e2931735","name":"Art Gallery","pluralName":"Art Galleries","shortName":"Art Gallery","icon":{"prefix":"https:\/\/ss1.4sqi.net\/img\/categories_v2\/arts_entertainment\/artgallery_","suffix":".png"},"primary":"true"}],"verified":"false","restricted":"true","stats":{"checkinsCount":"49","usersCount":"31","tipCount":"2"},"specials":{"count":"0"},"hereNow":{"count":"0"},"referralId":"v-1392478125"},{"id":"4fd5fcbce4b098b0835f96dc","name":"Lister Primary Care Centre","contact":{"phone":"+442030498310","formattedPhone":"+44 20 3049 8310"},"location":{"address":"101 Peckham Rd.","lat":"51.474440939755944","lng":"-0.07528759413616275","distance":"175","postalCode":"SE15 5LJ","cc":"GB","city":"London","state":"Greater London","country":"United Kingdom"},"categories":[{"id":"4bf58dd8d48988d177941735","name":"Doctor's Office","pluralName":"Doctor's Offices","shortName":"Doctor's Office","icon":{"prefix":"https:\/\/ss1.4sqi.net\/img\/categories_v2\/building\/medical_doctorsoffice_","suffix":".png"},"primary":"true"}],"verified":"false","restricted":"true","stats":{"checkinsCount":"46","usersCount":"20","tipCount":"2"},"specials":{"count":"0"},"hereNow":{"count":"0"},"referralId":"v-1392478125"},{"id":"4c909eac352da1cd95d112b2","name":"Tesco Express","contact":{"phone":"+448456719508","formattedPhone":"+44 845 671 9508","twitter":"uktescooffers"},"location":{"address":"191-199 Southampton Way","lat":"51.477673","lng":"-0.081897","distance":"471","postalCode":"SE5 7EJ","cc":"GB","city":"London","state":"Greater London","country":"United Kingdom"},"categories":[{"id":"4bf58dd8d48988d118951735","name":"Grocery Store","pluralName":"Grocery Stores","shortName":"Grocery Store","icon":{"prefix":"https:\/\/ss1.4sqi.net\/img\/categories_v2\/shops\/food_grocery_","suffix":".png"},"primary":"true"}],"verified":"true","restricted":"true","stats":{"checkinsCount":"438","usersCount":"88","tipCount":"5"},"url":"http:\/\/www.tesco.com","specials":{"count":"0"},"hereNow":{"count":"0"},"storeId":"5688","referralId":"v-1392478125"},{"id":"50a9559be4b042e201a27d54","name":"Camberwell Campus","location":{"address":"39 Peckham Road","lat":"51.473564145585414","lng":"-0.0821414868029442","distance":"311","cc":"GB","country":"United Kingdom"},"categories":[{"id":"4bf58dd8d48988d1a3941735","name":"College Residence Hall","pluralName":"College Residence Halls","shortName":"Residence Hall","icon":{"prefix":"https:\/\/ss1.4sqi.net\/img\/categories_v2\/education\/residencehall_","suffix":".png"},"primary":"true"}],"verified":"false","restricted":"true","stats":{"checkinsCount":"102","usersCount":"9","tipCount":"1"},"specials":{"count":"0"},"hereNow":{"count":"0"},"referralId":"v-1392478125"},{"id":"4e3fd45181dc6ce0fac98888","name":"Fourteen-Nineteen Bookshop @ New Gallery London","contact":{"phone":"+447905120993","formattedPhone":"+44 7905 120993","twitter":"14_19"},"location":{"address":"92 Peckham Road","lat":"51.47401919459165","lng":"-0.07707595825195312","distance":"58","postalCode":"SE15 5PY","cc":"GB","city":"London","state":"Greater London","country":"United Kingdom"},"categories":[{"id":"4bf58dd8d48988d114951735","name":"Bookstore","pluralName":"Bookstores","shortName":"Bookstore","icon":{"prefix":"https:\/\/ss1.4sqi.net\/img\/categories_v2\/shops\/bookstore_","suffix":".png"},"primary":"true"}],"verified":"false","restricted":"true","stats":{"checkinsCount":"1","usersCount":"1","tipCount":"2"},"specials":{"count":"0"},"hereNow":{"count":"0"},"referralId":"v-1392478125"},{"id":"4e9811f76c25f528604b5792","name":"Cafe Culture","location":{"address":"Peckham road","lat":"51.4737704129947","lng":"-0.0811167823646519","distance":"236","cc":"GB","city":"London","country":"United Kingdom"},"categories":[{"id":"4bf58dd8d48988d16d941735","name":"Caf\u00e9","pluralName":"Caf\u00e9s","shortName":"Caf\u00e9","icon":{"prefix":"https:\/\/ss1.4sqi.net\/img\/categories_v2\/food\/cafe_","suffix":".png"},"primary":"true"}],"verified":"false","restricted":"true","stats":{"checkinsCount":"61","usersCount":"31","tipCount":"2"},"specials":{"count":"0"},"hereNow":{"count":"0"},"referralId":"v-1392478125"},{"id":"4b87aadcf964a5206ac631e3","name":"The Academy at Peckham","location":{"address":"Peckham Road","lat":"51.47407923109355","lng":"-0.07861454885456172","distance":"60","postalCode":"SE15 5DZ","cc":"GB","city":"London","state":"Greater London","country":"United Kingdom"},"verified":"false","restricted":"true","stats":{"checkinsCount":"9","usersCount":"8","tipCount":"0"},"specials":{"count":"0"},"hereNow":{"count":"0"},"referralId":"v-1392478125"},{"id":"507d2169e4b070cbfcb05fee","name":"Camberwell Art & Design Shop","location":{"lat":"51.473893","lng":"-0.080397","distance":"185","cc":"GB","country":"United Kingdom"},"categories":[{"id":"4bf58dd8d48988d127951735","name":"Arts & Crafts Store","pluralName":"Arts & Crafts Stores","shortName":"Arts & Crafts","icon":{"prefix":"https:\/\/ss1.4sqi.net\/img\/categories_v2\/shops\/artstore_","suffix":".png"},"primary":"true"}],"verified":"false","restricted":"true","stats":{"checkinsCount":"3","usersCount":"1","tipCount":"0"},"specials":{"count":"0"},"hereNow":{"count":"0"},"referralId":"v-1392478125"},{"id":"4e8ef1c482315acfeb7aea45","name":"Talfourd Road","location":{"lat":"51.4737410206497","lng":"-0.07868225054759911","distance":"86","cc":"GB","city":"Camberwell","state":"Greater London","country":"United Kingdom"},"categories":[{"id":"4bf58dd8d48988d124941735","name":"Office","pluralName":"Offices","shortName":"Office","icon":{"prefix":"https:\/\/ss1.4sqi.net\/img\/categories_v2\/building\/default_","suffix":".png"},"primary":"true"}],"verified":"false","restricted":"true","stats":{"checkinsCount":"53","usersCount":"7","tipCount":"0"},"specials":{"count":"0"},"hereNow":{"count":"0"},"referralId":"v-1392478125"},{"id":"4e60c56be4cdf1e2be8cb207","name":"Fung Sing","location":{"address":"Peckham Road","lat":"51.47374950670322","lng":"-0.08125400408249901","distance":"246","cc":"GB","city":"London","state":"Greater London","country":"United Kingdom"},"categories":[{"id":"4bf58dd8d48988d142941735","name":"Asian Restaurant","pluralName":"Asian Restaurants","shortName":"Asian","icon":{"prefix":"https:\/\/ss1.4sqi.net\/img\/categories_v2\/food\/asian_","suffix":".png"},"primary":"true"}],"verified":"false","restricted":"true","stats":{"checkinsCount":"36","usersCount":"14","tipCount":"1"},"specials":{"count":"0"},"hereNow":{"count":"0"},"referralId":"v-1392478125"},{"id":"50030244e4b0a4b26d905d0c","name":"Sceaux Gardens","location":{"lat":"51.474166642155396","lng":"-0.08241334711516751","distance":"319","cc":"GB","country":"United Kingdom"},"categories":[{"id":"4bf58dd8d48988d163941735","name":"Park","pluralName":"Parks","shortName":"Park","icon":{"prefix":"https:\/\/ss1.4sqi.net\/img\/categories_v2\/parks_outdoors\/park_","suffix":".png"},"primary":"true"}],"verified":"false","restricted":"true","stats":{"checkinsCount":"38","usersCount":"8","tipCount":"1"},"specials":{"count":"0"},"hereNow":{"count":"0"},"referralId":"v-1392478125"},{"id":"5215d9b411d279068db99825","name":"The Cinnamon Tree Bakery","contact":{"twitter":"cinntreebakery"},"location":{"address":"14 Peckham High St","crossStreet":"Basing Court","lat":"51.47360127203052","lng":"-0.0725926323969136","distance":"369","postalCode":"SE15 5DT","cc":"GB","city":"London","state":"Greater London","country":"United Kingdom"},"categories":[{"id":"4bf58dd8d48988d1e0931735","name":"Coffee Shop","pluralName":"Coffee Shops","shortName":"Coffee Shop","icon":{"prefix":"https:\/\/ss1.4sqi.net\/img\/categories_v2\/food\/coffeeshop_","suffix":".png"},"primary":"true"}],"verified":"false","restricted":"true","stats":{"checkinsCount":"18","usersCount":"14","tipCount":"1"},"specials":{"count":"0"},"hereNow":{"count":"0"},"referralId":"v-1392478125"},{"id":"4c767946b474a1cd5204bcbf","name":"Southwark Register Office","location":{"lat":"51.473456","lng":"-0.081947","distance":"301","cc":"GB","country":"United Kingdom"},"categories":[{"id":"4bf58dd8d48988d126941735","name":"Government Building","pluralName":"Government Buildings","shortName":"Government","icon":{"prefix":"https:\/\/ss1.4sqi.net\/img\/categories_v2\/building\/government_","suffix":".png"},"primary":"true"}],"verified":"false","restricted":"true","stats":{"checkinsCount":"65","usersCount":"55","tipCount":"0"},"specials":{"count":"0"},"hereNow":{"count":"0"},"referralId":"v-1392478125"},{"id":"4e1f628e7d8b71715b95e95a","name":"Jeelian's","location":{"address":"Southampton Way","lat":"51.47527000545483","lng":"-0.07822234202821009","distance":"113","cc":"GB","city":"London","state":"Greater London","country":"United Kingdom"},"categories":[{"id":"4bf58dd8d48988d149941735","name":"Thai Restaurant","pluralName":"Thai Restaurants","shortName":"Thai","icon":{"prefix":"https:\/\/ss1.4sqi.net\/img\/categories_v2\/food\/thai_","suffix":".png"},"primary":"true"}],"verified":"false","restricted":"true","stats":{"checkinsCount":"30","usersCount":"2","tipCount":"0"},"specials":{"count":"0"},"hereNow":{"count":"0"},"referralId":"v-1392478125"},{"id":"4e02174aae609fa8ede47810","name":"BP Connect","contact":{"phone":"+442077034806","formattedPhone":"+44 20 7703 4806"},"location":{"address":"95 Peckham Rd","lat":"51.4745671697632","lng":"-0.07587432861328125","distance":"137","postalCode":"SE15 5LJ","cc":"GB","city":"London","state":"Greater London","country":"United Kingdom"},"categories":[{"id":"4bf58dd8d48988d113951735","name":"Gas Station \/ Garage","pluralName":"Gas Stations \/ Garages","shortName":"Gas Station \/ Garage","icon":{"prefix":"https:\/\/ss1.4sqi.net\/img\/categories_v2\/shops\/gas_","suffix":".png"},"primary":"true"}],"verified":"false","restricted":"true","stats":{"checkinsCount":"49","usersCount":"28","tipCount":"0"},"specials":{"count":"0"},"hereNow":{"count":"0"},"referralId":"v-1392478125"},{"id":"4bfea5c8daf9c9b68b03f9ef","name":"Commercial Way","location":{"address":"Commercial Way","lat":"51.477902764130896","lng":"-0.07357220979350537","distance":"497","cc":"GB","city":"London","state":"Greater London","country":"United Kingdom"},"categories":[{"id":"4bf58dd8d48988d1fe931735","name":"Bus Station","pluralName":"Bus Stations","shortName":"Bus Station","icon":{"prefix":"https:\/\/ss1.4sqi.net\/img\/categories_v2\/travel\/busstation_","suffix":".png"},"primary":"true"}],"verified":"false","restricted":"true","stats":{"checkinsCount":"301","usersCount":"47","tipCount":"0"},"specials":{"count":"0"},"hereNow":{"count":"0"},"referralId":"v-1392478125"},{"id":"52ceb74f498e9858c7d3fe0b","name":"ann bernadt childrens centre","location":{"lat":"51.47692892100591","lng":"-0.07538545171339792","distance":"338","cc":"GB","country":"United Kingdom"},"categories":[{"id":"4bf58dd8d48988d1ff931735","name":"Convention Center","pluralName":"Convention Centers","shortName":"Convention Center","icon":{"prefix":"https:\/\/ss1.4sqi.net\/img\/categories_v2\/building\/conventioncenter_","suffix":".png"},"primary":"true"}],"verified":"false","restricted":"true","stats":{"checkinsCount":"1","usersCount":"1","tipCount":"0"},"specials":{"count":"0"},"hereNow":{"count":"0"},"referralId":"v-1392478125"},{"id":"4bd08853a8b3a5935210645f","name":"Carve Consulting HQ","location":{"lat":"51.47311963908983","lng":"-0.07937410373383437","distance":"169","cc":"GB","country":"United Kingdom"},"verified":"false","restricted":"true","stats":{"checkinsCount":"13","usersCount":"5","tipCount":"0"},"specials":{"count":"0"},"hereNow":{"count":"0"},"referralId":"v-1392478125"},{"id":"51ffe709498e9295864e9d7b","name":"Maverickaizer's Music Box","location":{"lat":"51.473779187526475","lng":"-0.07509391229997957","distance":"196","cc":"GB","country":"United Kingdom"},"categories":[{"id":"4bf58dd8d48988d1e5931735","name":"Music Venue","pluralName":"Music Venues","shortName":"Music Venue","icon":{"prefix":"https:\/\/ss1.4sqi.net\/img\/categories_v2\/arts_entertainment\/musicvenue_","suffix":".png"},"primary":"true"}],"verified":"false","restricted":"true","stats":{"checkinsCount":"18","usersCount":"2","tipCount":"1"},"specials":{"count":"0"},"hereNow":{"count":"0"},"referralId":"v-1392478125"},{"id":"4bcef49aef10952149d18486","name":"Peckham Job Centre","location":{"lat":"51.47347466046099","lng":"-0.07204780151404593","distance":"409","cc":"GB","country":"United Kingdom"},"categories":[{"id":"4bf58dd8d48988d174941735","name":"Coworking Space","pluralName":"Coworking Spaces","shortName":"Coworking Space","icon":{"prefix":"https:\/\/ss1.4sqi.net\/img\/categories_v2\/building\/office_coworkingspace_","suffix":".png"},"primary":"true"}],"verified":"false","restricted":"true","stats":{"checkinsCount":"11","usersCount":"9","tipCount":"0"},"specials":{"count":"0"},"hereNow":{"count":"0"},"referralId":"v-1392478125"},{"id":"5219815311d2230bf674a680","name":"N89 Night Bus","location":{"lat":"51.4743537902832","lng":"-0.07551012933254242","distance":"159","cc":"GB","country":"United Kingdom"},"categories":[{"id":"4bf58dd8d48988d120941735","name":"Karaoke Bar","pluralName":"Karaoke Bars","shortName":"Karaoke","icon":{"prefix":"https:\/\/ss1.4sqi.net\/img\/categories_v2\/nightlife\/karaoke_","suffix":".png"},"primary":"true"}],"verified":"false","restricted":"true","stats":{"checkinsCount":"5","usersCount":"4","tipCount":"0"},"specials":{"count":"0"},"hereNow":{"count":"0"},"referralId":"v-1392478125"},{"id":"4e9c3f80b803b562d7032d63","name":"Coffe Shop Peckham Road","location":{"lat":"51.473924721049585","lng":"-0.08000015731470392","distance":"157","cc":"GB","city":"Camberwell","state":"Greater London","country":"United Kingdom"},"categories":[{"id":"4bf58dd8d48988d1e0931735","name":"Coffee Shop","pluralName":"Coffee Shops","shortName":"Coffee Shop","icon":{"prefix":"https:\/\/ss1.4sqi.net\/img\/categories_v2\/food\/coffeeshop_","suffix":".png"},"primary":"true"}],"verified":"false","restricted":"true","stats":{"checkinsCount":"4","usersCount":"2","tipCount":"0"},"specials":{"count":"0"},"hereNow":{"count":"0"},"referralId":"v-1392478125"},{"id":"4e222b11b0fbdf9ba7b21d21","name":"The Bishop","location":{"address":"Lordship Lane","lat":"51.47309940890361","lng":"-0.07908124065762163","distance":"159","cc":"GB","city":"London","state":"Greater London","country":"United Kingdom"},"categories":[{"id":"4bf58dd8d48988d116941735","name":"Bar","pluralName":"Bars","shortName":"Bar","icon":{"prefix":"https:\/\/ss1.4sqi.net\/img\/categories_v2\/nightlife\/bar_","suffix":".png"},"primary":"true"}],"verified":"false","restricted":"true","stats":{"checkinsCount":"5","usersCount":"5","tipCount":"0"},"specials":{"count":"0"},"hereNow":{"count":"0"},"referralId":"v-1392478125"},{"id":"4bc59e026c26b7139479ebf3","name":"Lucas Gardens","location":{"address":"Peckham Road","lat":"51.47290098765976","lng":"-0.08293196364148939","distance":"387","cc":"GB","city":"London","state":"Greater London","country":"United Kingdom"},"categories":[{"id":"4bf58dd8d48988d163941735","name":"Park","pluralName":"Parks","shortName":"Park","icon":{"prefix":"https:\/\/ss1.4sqi.net\/img\/categories_v2\/parks_outdoors\/park_","suffix":".png"},"primary":"true"}],"verified":"false","restricted":"true","stats":{"checkinsCount":"192","usersCount":"66","tipCount":"2"},"specials":{"count":"0"},"hereNow":{"count":"0"},"referralId":"v-1392478125"},{"id":"4c11660072caa593e1725da4","name":"Total","location":{"address":"Peckham Road","lat":"51.473803435902816","lng":"-0.08004586896786996","distance":"164","cc":"GB","city":"Camberwell","state":"Greater London","country":"United Kingdom"},"categories":[{"id":"4bf58dd8d48988d113951735","name":"Gas Station \/ Garage","pluralName":"Gas Stations \/ Garages","shortName":"Gas Station \/ Garage","icon":{"prefix":"https:\/\/ss1.4sqi.net\/img\/categories_v2\/shops\/gas_","suffix":".png"},"primary":"true"}],"verified":"false","restricted":"true","stats":{"checkinsCount":"26","usersCount":"17","tipCount":"0"},"specials":{"count":"0"},"hereNow":{"count":"0"},"referralId":"v-1392478125"}],"confident":"true"}}