{"meta":{"code":"200"},"response":{"venues":[{"id":"4ac518cef964a52014a620e3","name":"Battersea Power Station","contact":{"phone":"+442075010688","formattedPhone":"+44 20 7501 0688","twitter":"batterseapwrstn"},"location":{"address":"188 Kirtling St","lat":"51.48175706334808","lng":"-0.1446676254272461","distance":"350","postalCode":"SW8 5BP","cc":"GB","city":"London","state":"Greater London","country":"United Kingdom"},"categories":[{"id":"4deefb944765f83613cdba6e","name":"Historic Site","pluralName":"Historic Sites","shortName":"Historic Site","icon":{"prefix":"https:\/\/ss1.4sqi.net\/img\/categories_v2\/arts_entertainment\/historicsite_","suffix":".png"},"primary":"true"}],"verified":"false","restricted":"true","stats":{"checkinsCount":"5078","usersCount":"2759","tipCount":"28"},"url":"http:\/\/www.batterseapowerstation.co.uk","specials":{"count":"0"},"hereNow":{"count":"0"},"referralId":"v-1392478105"},{"id":"4be957e288ed2d7fabd5cc1d","name":"Battersea Dogs And Cats Home","contact":{"phone":"+442076223626","formattedPhone":"+44 20 7622 3626"},"location":{"address":"4 Battersea Park Rd.","lat":"51.478556435091406","lng":"-0.14580847378629003","distance":"160","postalCode":"SW8 4AA","cc":"GB","city":"London","state":"Greater London","country":"United Kingdom"},"categories":[{"id":"4e52d2d203646f7c19daa8ae","name":"Animal Shelter","pluralName":"Animal Shelters","shortName":"Animal Shelter","icon":{"prefix":"https:\/\/ss1.4sqi.net\/img\/categories_v2\/building\/animalshelter_","suffix":".png"},"primary":"true"}],"verified":"true","restricted":"true","stats":{"checkinsCount":"1320","usersCount":"685","tipCount":"15"},"url":"http:\/\/www.battersea.org.uk","specials":{"count":"0"},"hereNow":{"count":"3","groups":[{"type":"others","name":"Other people here","count":"3"}]},"venuePage":{"id":"44042487"},"storeId":"","referralId":"v-1392478105"},{"id":"4c433cbeaf052d7fd2128079","name":"Battersea Park Lake","location":{"address":"Battersea Park","lat":"51.479218011052446","lng":"-0.15226364135742188","distance":"309","postalCode":"SW11 4BN","cc":"GB","city":"London","state":"Greater London","country":"United Kingdom"},"categories":[{"id":"4bf58dd8d48988d161941735","name":"Lake","pluralName":"Lakes","shortName":"Lake","icon":{"prefix":"https:\/\/ss1.4sqi.net\/img\/categories_v2\/parks_outdoors\/lake_","suffix":".png"},"primary":"true"}],"verified":"false","restricted":"true","stats":{"checkinsCount":"764","usersCount":"591","tipCount":"2"},"specials":{"count":"0"},"hereNow":{"count":"0"},"referralId":"v-1392478105"},{"id":"4b73f81ff964a520ffc12de3","name":"Majestic Wine","contact":{"phone":"+442078199796","formattedPhone":"+44 20 7819 9796","twitter":"majesticwine"},"location":{"address":"334 Queenstown Road","lat":"51.47934248611413","lng":"-0.14825427189962817","distance":"31","postalCode":"SW84LZ","cc":"GB","city":"London","state":"Greater London","country":"United Kingdom"},"categories":[{"id":"4bf58dd8d48988d119951735","name":"Wine Shop","pluralName":"Wine Shops","shortName":"Wine Shop","icon":{"prefix":"https:\/\/ss1.4sqi.net\/img\/categories_v2\/shops\/food_wineshop_","suffix":".png"},"primary":"true"}],"verified":"true","restricted":"true","stats":{"checkinsCount":"69","usersCount":"33","tipCount":"2"},"url":"http:\/\/www.majestic.co.uk","specials":{"count":"0"},"hereNow":{"count":"0"},"storeId":"135","referralId":"v-1392478105"},{"id":"4ad82178f964a520c81021e3","name":"Battersea Park Railway Station (BAK)","contact":{"phone":"+448457484950","formattedPhone":"+44 845 748 4950","twitter":"nationalrailenq","facebook":"94740547473"},"location":{"address":"Battersea Park Rd","lat":"51.47681246269551","lng":"-0.14745712280273438","distance":"276","postalCode":"SW8 4LJ","cc":"GB","city":"London","state":"Greater London","country":"United Kingdom"},"categories":[{"id":"4bf58dd8d48988d129951735","name":"Train Station","pluralName":"Train Stations","shortName":"Train Station","icon":{"prefix":"https:\/\/ss1.4sqi.net\/img\/categories_v2\/travel\/trainstation_","suffix":".png"},"primary":"true"}],"verified":"true","restricted":"true","stats":{"checkinsCount":"3232","usersCount":"1399","tipCount":"8"},"url":"http:\/\/www.nationalrail.co.uk\/stations\/bak\/details.html","specials":{"count":"0"},"hereNow":{"count":"0"},"storeId":"BAK","referralId":"v-1392478105"},{"id":"4ac518bcf964a52092a220e3","name":"The Mason's Arms","contact":{"phone":"+442076222007","formattedPhone":"+44 20 7622 2007","twitter":"masonsbattersea"},"location":{"address":"169 Battersea Park Rd","lat":"51.47692286022314","lng":"-0.14685910248668327","distance":"271","postalCode":"SW8 4BT","cc":"GB","city":"London","state":"Greater London","country":"United Kingdom"},"categories":[{"id":"4bf58dd8d48988d11b941735","name":"Pub","pluralName":"Pubs","shortName":"Pub","icon":{"prefix":"https:\/\/ss1.4sqi.net\/img\/categories_v2\/nightlife\/pub_","suffix":".png"},"primary":"true"}],"verified":"false","restricted":"true","stats":{"checkinsCount":"989","usersCount":"422","tipCount":"12"},"url":"http:\/\/masons-arms-battersea.co.uk","menu":{"type":"Menu","label":"Menu","anchor":"View Menu","url":"https:\/\/foursquare.com\/v\/the-masons-arms\/4ac518bcf964a52092a220e3\/menu","mobileUrl":"https:\/\/foursquare.com\/v\/4ac518bcf964a52092a220e3\/device_menu"},"specials":{"count":"0"},"hereNow":{"count":"0"},"referralId":"v-1392478105"},{"id":"4c19037a9990d13a24277c17","name":"Pestana Chelsea Bridge Hotel & Spa","contact":{"phone":"+442070628000","formattedPhone":"+44 20 7062 8000","twitter":"pestanahotels"},"location":{"address":"354 Queenstown Road","lat":"51.481403","lng":"-0.148676","distance":"242","cc":"GB","city":"SW8 4AE","country":"United Kingdom"},"categories":[{"id":"4bf58dd8d48988d1fa931735","name":"Hotel","pluralName":"Hotels","shortName":"Hotel","icon":{"prefix":"https:\/\/ss1.4sqi.net\/img\/categories_v2\/travel\/hotel_","suffix":".png"},"primary":"true"}],"verified":"true","restricted":"true","stats":{"checkinsCount":"2133","usersCount":"826","tipCount":"16"},"url":"http:\/\/www.pestana-chelseabridge.co.uk","specials":{"count":"1","items":[{"id":"51bae3dd8bbdaf7fa0479f24","type":"frequency","message":"10% off food at the Atlantico Restaurant & Bar!","description":"Unlocked every check-in","finePrint":"Offer valid on food bill only, not valid in conjunction with any other offers, not valid on room service orders. Terms & conditions apply.","icon":"check-in","title":"Check-in Special","provider":"foursquare","redemption":"standard","page":{"id":"10362133","firstName":"Pestana Hotels","gender":"none","photo":{"prefix":"https:\/\/irs3.4sqi.net\/img\/user\/","suffix":"\/YON23J3NOJ0WKBBU.png"},"type":"chain","followers":{"count":"1988"},"tips":{"count":"9"},"homeCity":"S\u00e3o Paulo, Brasil","bio":"","contact":{"twitter":"pestanahotels"}}}]},"hereNow":{"count":"0"},"storeId":"","referralId":"v-1392478105"},{"id":"51ea522c498e9c131ada3846","name":"CrossFit South London","contact":{"phone":"+447598010788","formattedPhone":"+44 7598 010788","twitter":"slcrossfit"},"location":{"address":"Unit 74 Queens Circus, 326-342 Queenstown Road","lat":"51.47822907875211","lng":"-0.14818668365478516","distance":"120","postalCode":"SW8 4NE","cc":"GB","city":"London","state":"Greater London","country":"United Kingdom"},"categories":[{"id":"4bf58dd8d48988d175941735","name":"Gym \/ Fitness Center","pluralName":"Gyms or Fitness Centers","shortName":"Gym \/ Fitness","icon":{"prefix":"https:\/\/ss1.4sqi.net\/img\/categories_v2\/building\/gym_","suffix":".png"},"primary":"true"}],"verified":"false","restricted":"true","stats":{"checkinsCount":"47","usersCount":"10","tipCount":"0"},"url":"http:\/\/cfsouthlondon.com","specials":{"count":"0"},"hereNow":{"count":"0"},"referralId":"v-1392478105"},{"id":"4b612867f964a520780b2ae3","name":"The Bridge","contact":{"phone":"+442076271227","formattedPhone":"+44 20 7627 1227"},"location":{"address":"334 Queenstown Rd.","lat":"51.47888231964014","lng":"-0.1473399542989096","distance":"55","postalCode":"SW8 4NP","cc":"GB","city":"Wandsworth","state":"Greater London","country":"United Kingdom"},"categories":[{"id":"4d954b06a243a5684965b473","name":"Residential Building (Apartment \/ Condo)","pluralName":"Residential Buildings (Apartments \/ Condos)","shortName":"Residential","icon":{"prefix":"https:\/\/ss1.4sqi.net\/img\/categories_v2\/building\/apartment_","suffix":".png"},"primary":"true"}],"verified":"false","restricted":"true","stats":{"checkinsCount":"334","usersCount":"80","tipCount":"0"},"specials":{"count":"0"},"hereNow":{"count":"0"},"referralId":"v-1392478105"},{"id":"50a8dc64e4b0495d7f3bf2a7","name":"Running Trail in Battersea Park","location":{"lat":"51.47885882955053","lng":"-0.14954841128432184","distance":"130","cc":"GB","country":"United Kingdom"},"categories":[{"id":"4bf58dd8d48988d106941735","name":"Track","pluralName":"Tracks","shortName":"Track","icon":{"prefix":"https:\/\/ss1.4sqi.net\/img\/categories_v2\/shops\/gym_track_","suffix":".png"},"primary":"true"}],"verified":"false","restricted":"true","stats":{"checkinsCount":"27","usersCount":"20","tipCount":"0"},"specials":{"count":"0"},"hereNow":{"count":"0"},"referralId":"v-1392478105"},{"id":"4d8af5ef99c2a1cd5b609bd7","name":"Shell","location":{"address":"326 Queenstown Road","lat":"51.47850656810934","lng":"-0.148174887098408","distance":"90","postalCode":"SW84LT","cc":"GB","city":"London","state":"Greater London","country":"United Kingdom"},"categories":[{"id":"4bf58dd8d48988d113951735","name":"Gas Station \/ Garage","pluralName":"Gas Stations \/ Garages","shortName":"Gas Station \/ Garage","icon":{"prefix":"https:\/\/ss1.4sqi.net\/img\/categories_v2\/shops\/gas_","suffix":".png"},"primary":"true"}],"verified":"true","restricted":"true","stats":{"checkinsCount":"222","usersCount":"121","tipCount":"0"},"url":"http:\/\/www.shell.co.uk","specials":{"count":"0"},"hereNow":{"count":"0"},"storeId":"","referralId":"v-1392478105"},{"id":"51bb82ab498e3f5f52c31d6e","name":"Creative House","location":{"address":"Prince Of Wales","lat":"51.477878509995975","lng":"-0.14579080643730286","distance":"210","cc":"GB","country":"United Kingdom"},"categories":[{"id":"4d954b06a243a5684965b473","name":"Residential Building (Apartment \/ Condo)","pluralName":"Residential Buildings (Apartments \/ Condos)","shortName":"Residential","icon":{"prefix":"https:\/\/ss1.4sqi.net\/img\/categories_v2\/building\/apartment_","suffix":".png"},"primary":"true"}],"verified":"false","restricted":"true","stats":{"checkinsCount":"15","usersCount":"7","tipCount":"0"},"specials":{"count":"0"},"hereNow":{"count":"0"},"referralId":"v-1392478105"},{"id":"4e870b3f9adf0cc605a2c10b","name":"Platform 4","location":{"address":"Battersea Park Railway Station (BAK)","lat":"51.477817","lng":"-0.147565","distance":"164","cc":"GB","city":"London","state":"Greater London","country":"United Kingdom"},"categories":[{"id":"4f4531504b9074f6e4fb0102","name":"Platform","pluralName":"Platforms","shortName":"Platform","icon":{"prefix":"https:\/\/ss1.4sqi.net\/img\/categories_v2\/travel\/trainstation_","suffix":".png"},"primary":"true"}],"verified":"false","restricted":"true","stats":{"checkinsCount":"155","usersCount":"53","tipCount":"3"},"specials":{"count":"0"},"hereNow":{"count":"0"},"referralId":"v-1392478105"},{"id":"4eaae701e3000d1f05a5d53b","name":"The Market","location":{"address":"Chelsea Bridge Wharf","lat":"51.48183090298698","lng":"-0.148670787249324","distance":"289","cc":"GB","city":"Wandsworth","state":"Greater London","country":"United Kingdom"},"categories":[{"id":"4bf58dd8d48988d118951735","name":"Grocery Store","pluralName":"Grocery Stores","shortName":"Grocery Store","icon":{"prefix":"https:\/\/ss1.4sqi.net\/img\/categories_v2\/shops\/food_grocery_","suffix":".png"},"primary":"true"}],"verified":"false","restricted":"true","stats":{"checkinsCount":"162","usersCount":"53","tipCount":"3"},"specials":{"count":"0"},"hereNow":{"count":"0"},"referralId":"v-1392478105"},{"id":"4e615c1db61cd78088166417","name":"Alexandra Ave","location":{"lat":"51.47860517003539","lng":"-0.14728062872487643","distance":"84","cc":"GB","city":"Wandsworth","state":"Greater London","country":"United Kingdom"},"categories":[{"id":"4d4b7105d754a06375d81259","name":"Professional & Other Places","pluralName":"Professional & Other Places","shortName":"Professional","icon":{"prefix":"https:\/\/ss1.4sqi.net\/img\/categories_v2\/building\/default_","suffix":".png"},"primary":"true"}],"verified":"false","restricted":"true","stats":{"checkinsCount":"19","usersCount":"8","tipCount":"0"},"specials":{"count":"0"},"hereNow":{"count":"0"},"referralId":"v-1392478105"},{"id":"522dadbc498edbef4c8a05ff","name":"Day Lewis","location":{"lat":"51.47709340223084","lng":"-0.14592439868830426","distance":"276","cc":"GB","country":"United Kingdom"},"categories":[{"id":"4bf58dd8d48988d10f951735","name":"Drugstore \/ Pharmacy","pluralName":"Drugstores \/ Pharmacies","shortName":"Pharmacy","icon":{"prefix":"https:\/\/ss1.4sqi.net\/img\/categories_v2\/shops\/pharmacy_","suffix":".png"},"primary":"true"}],"verified":"false","restricted":"true","stats":{"checkinsCount":"12","usersCount":"3","tipCount":"0"},"specials":{"count":"0"},"hereNow":{"count":"0"},"referralId":"v-1392478105"},{"id":"4c0cec75c700c9b6c58ca1dd","name":"Battersea Park Millenium Arena","location":{"address":"Albert Bridge Rd.","lat":"51.481223494582174","lng":"-0.15096484953476394","distance":"307","postalCode":"SW11 4NJ","cc":"GB","city":"London","state":"Greater London","country":"United Kingdom"},"categories":[{"id":"4bf58dd8d48988d106941735","name":"Track","pluralName":"Tracks","shortName":"Track","icon":{"prefix":"https:\/\/ss1.4sqi.net\/img\/categories_v2\/shops\/gym_track_","suffix":".png"},"primary":"true"}],"verified":"false","restricted":"true","stats":{"checkinsCount":"386","usersCount":"210","tipCount":"1"},"specials":{"count":"0"},"hereNow":{"count":"0"},"referralId":"v-1392478105"},{"id":"4f12e398e4b0044a24aef858","name":"La Gondola al Parco","location":{"address":"Battersea Park","lat":"51.47964117885496","lng":"-0.1514050811176391","distance":"252","cc":"GB","country":"United Kingdom"},"categories":[{"id":"4bf58dd8d48988d16d941735","name":"Caf\u00e9","pluralName":"Caf\u00e9s","shortName":"Caf\u00e9","icon":{"prefix":"https:\/\/ss1.4sqi.net\/img\/categories_v2\/food\/cafe_","suffix":".png"},"primary":"true"}],"verified":"false","restricted":"true","stats":{"checkinsCount":"180","usersCount":"122","tipCount":"5"},"specials":{"count":"0"},"hereNow":{"count":"0"},"referralId":"v-1392478105"},{"id":"511898b0e4b0127187040cba","name":"Bus Stop D @ Battersea Park Station","location":{"lat":"51.477115631103516","lng":"-0.14837980270385742","distance":"245","cc":"GB","country":"United Kingdom"},"categories":[{"id":"4bf58dd8d48988d1fe931735","name":"Bus Station","pluralName":"Bus Stations","shortName":"Bus Station","icon":{"prefix":"https:\/\/ss1.4sqi.net\/img\/categories_v2\/travel\/busstation_","suffix":".png"},"primary":"true"}],"verified":"false","restricted":"true","stats":{"checkinsCount":"15","usersCount":"8","tipCount":"0"},"specials":{"count":"0"},"hereNow":{"count":"0"},"referralId":"v-1392478105"},{"id":"50a702abe4b0ed1fd8140193","name":"Chelsea Bridge Burger Hut","location":{"lat":"51.47861","lng":"-0.147402","distance":"80","cc":"GB","country":"United Kingdom"},"categories":[{"id":"4bf58dd8d48988d16c941735","name":"Burger Joint","pluralName":"Burger Joints","shortName":"Burgers","icon":{"prefix":"https:\/\/ss1.4sqi.net\/img\/categories_v2\/food\/burger_","suffix":".png"},"primary":"true"}],"verified":"false","restricted":"true","stats":{"checkinsCount":"11","usersCount":"6","tipCount":"0"},"specials":{"count":"0"},"hereNow":{"count":"0"},"referralId":"v-1392478105"},{"id":"4b785ce7f964a52089c82ee3","name":"San Gennaro","contact":{"phone":"+442076220475","formattedPhone":"+44 20 7622 0475"},"location":{"address":"22 Battersea Park Rd","lat":"51.47631129081887","lng":"-0.14855682849884033","distance":"335","postalCode":"SW11 4HY","cc":"GB","city":"Wandsworth","state":"Greater London","country":"United Kingdom"},"categories":[{"id":"4bf58dd8d48988d110941735","name":"Italian Restaurant","pluralName":"Italian Restaurants","shortName":"Italian","icon":{"prefix":"https:\/\/ss1.4sqi.net\/img\/categories_v2\/food\/italian_","suffix":".png"},"primary":"true"}],"verified":"false","restricted":"true","stats":{"checkinsCount":"297","usersCount":"123","tipCount":"15"},"menu":{"type":"Menu","label":"Menu","anchor":"View Menu","url":"https:\/\/foursquare.com\/v\/san-gennaro\/4b785ce7f964a52089c82ee3\/menu","mobileUrl":"https:\/\/foursquare.com\/v\/4b785ce7f964a52089c82ee3\/device_menu"},"specials":{"count":"0"},"hereNow":{"count":"0"},"referralId":"v-1392478105"},{"id":"4b853d96f964a5205d5231e3","name":"Kucci Cafe","location":{"lat":"51.47683061589094","lng":"-0.14761614862809128","distance":"273","cc":"GB","city":"London","state":"Greater London","country":"United Kingdom"},"categories":[{"id":"4bf58dd8d48988d16d941735","name":"Caf\u00e9","pluralName":"Caf\u00e9s","shortName":"Caf\u00e9","icon":{"prefix":"https:\/\/ss1.4sqi.net\/img\/categories_v2\/food\/cafe_","suffix":".png"},"primary":"true"}],"verified":"false","restricted":"true","stats":{"checkinsCount":"15","usersCount":"8","tipCount":"0"},"specials":{"count":"0"},"hereNow":{"count":"0"},"referralId":"v-1392478105"},{"id":"50b66de7e4b09c31d42e7081","name":"Whitfield Street Space","location":{"lat":"51.478673","lng":"-0.147574","distance":"70","cc":"GB","country":"United Kingdom"},"categories":[{"id":"4bf58dd8d48988d171941735","name":"Event Space","pluralName":"Event Spaces","shortName":"Event Space","icon":{"prefix":"https:\/\/ss1.4sqi.net\/img\/categories_v2\/building\/eventspace_","suffix":".png"},"primary":"true"}],"verified":"false","restricted":"true","stats":{"checkinsCount":"1","usersCount":"1","tipCount":"0"},"specials":{"count":"0"},"hereNow":{"count":"0"},"referralId":"v-1392478105"},{"id":"4bd713276f64952129dd71ec","name":"Marco Polo House","location":{"address":"330-346 A3216","lat":"51.4795196056366","lng":"-0.14872848987579346","distance":"69","postalCode":"SW8 4","cc":"GB","city":"Wandsworth","state":"Greater London","country":"United Kingdom"},"categories":[{"id":"4bf58dd8d48988d124941735","name":"Office","pluralName":"Offices","shortName":"Office","icon":{"prefix":"https:\/\/ss1.4sqi.net\/img\/categories_v2\/building\/default_","suffix":".png"},"primary":"true"}],"verified":"false","restricted":"true","stats":{"checkinsCount":"6","usersCount":"5","tipCount":"0"},"specials":{"count":"0"},"hereNow":{"count":"0"},"referralId":"v-1392478105"},{"id":"4c6fd686df6b8cfa813bb64d","name":"The Power Station","contact":{"phone":"+442077200632","formattedPhone":"+44 20 7720 0632"},"location":{"address":"161 Battersea Park Road","lat":"51.47714674051651","lng":"-0.14646579199316975","distance":"255","postalCode":"SW8 4BU","cc":"GB","city":"London","state":"Greater London","country":"United Kingdom"},"categories":[{"id":"4bf58dd8d48988d116941735","name":"Bar","pluralName":"Bars","shortName":"Bar","icon":{"prefix":"https:\/\/ss1.4sqi.net\/img\/categories_v2\/nightlife\/bar_","suffix":".png"},"primary":"true"}],"verified":"false","restricted":"true","stats":{"checkinsCount":"200","usersCount":"103","tipCount":"0"},"url":"http:\/\/powerstation-bar-restaurant.co.uk","menu":{"type":"Menu","label":"Menu","anchor":"View Menu","url":"https:\/\/foursquare.com\/v\/the-power-station\/4c6fd686df6b8cfa813bb64d\/menu","mobileUrl":"https:\/\/foursquare.com\/v\/4c6fd686df6b8cfa813bb64d\/device_menu"},"specials":{"count":"0"},"hereNow":{"count":"0"},"referralId":"v-1392478105"},{"id":"4de97c4e45dd3993a872ff49","name":"TfL Bus N44","location":{"address":"Moving Target!","lat":"51.478151891570924","lng":"-0.15013829432425785","distance":"205","cc":"GB","city":"London","state":"Greater London","country":"United Kingdom"},"categories":[{"id":"4bf58dd8d48988d12b951735","name":"Bus Line","pluralName":"Bus Lines","shortName":"Bus","icon":{"prefix":"https:\/\/ss1.4sqi.net\/img\/categories_v2\/travel\/busstation_","suffix":".png"},"primary":"true"}],"verified":"false","restricted":"true","stats":{"checkinsCount":"52","usersCount":"23","tipCount":"0"},"specials":{"count":"0"},"hereNow":{"count":"0"},"referralId":"v-1392478105"},{"id":"4f997996e4b0fa09af029dbb","name":"Gallery On The Corner","location":{"lat":"51.47742677845459","lng":"-0.14631522471405417","distance":"231","cc":"GB","country":"United Kingdom"},"categories":[{"id":"4bf58dd8d48988d1e2931735","name":"Art Gallery","pluralName":"Art Galleries","shortName":"Art Gallery","icon":{"prefix":"https:\/\/ss1.4sqi.net\/img\/categories_v2\/arts_entertainment\/artgallery_","suffix":".png"},"primary":"true"}],"verified":"false","restricted":"true","stats":{"checkinsCount":"24","usersCount":"18","tipCount":"0"},"specials":{"count":"0"},"hereNow":{"count":"0"},"referralId":"v-1392478105"},{"id":"4e0f54a27d8bb178a8b1cd1d","name":"Battersea Park Outdoor Gym","location":{"address":"Carriage Dr E","lat":"51.48023078596584","lng":"-0.1514344960405307","distance":"272","postalCode":"SW8 4","cc":"GB","city":"Wandsworth","state":"Greater London","country":"United Kingdom"},"categories":[{"id":"4bf58dd8d48988d175941735","name":"Gym \/ Fitness Center","pluralName":"Gyms or Fitness Centers","shortName":"Gym \/ Fitness","icon":{"prefix":"https:\/\/ss1.4sqi.net\/img\/categories_v2\/building\/gym_","suffix":".png"},"primary":"true"}],"verified":"false","restricted":"true","stats":{"checkinsCount":"67","usersCount":"21","tipCount":"0"},"specials":{"count":"0"},"hereNow":{"count":"0"},"referralId":"v-1392478105"},{"id":"4e12046cfa769d21e9f2238d","name":"Metrogusto","location":{"address":"153 Battersea Park Road","lat":"51.47723653675905","lng":"-0.14625238417452838","distance":"252","postalCode":"SW8 4BX","cc":"GB","city":"Wandsworth","state":"Greater London","country":"United Kingdom"},"categories":[{"id":"4bf58dd8d48988d110941735","name":"Italian Restaurant","pluralName":"Italian Restaurants","shortName":"Italian","icon":{"prefix":"https:\/\/ss1.4sqi.net\/img\/categories_v2\/food\/italian_","suffix":".png"},"primary":"true"}],"verified":"false","restricted":"true","stats":{"checkinsCount":"146","usersCount":"62","tipCount":"5"},"url":"http:\/\/metrogusto.co.uk","menu":{"type":"Menu","label":"Menu","anchor":"View Menu","url":"https:\/\/foursquare.com\/v\/metrogusto-wandsworth-england\/4e12046cfa769d21e9f2238d\/menu","mobileUrl":"https:\/\/foursquare.com\/v\/4e12046cfa769d21e9f2238d\/device_menu"},"specials":{"count":"0"},"hereNow":{"count":"0"},"referralId":"v-1392478105"},{"id":"52dba9fe11d25b726f58e2b9","name":"Battersea Holder Station","location":{"address":"Prince of Wales Drive","lat":"51.47873691153063","lng":"-0.146942138671875","distance":"85","cc":"GB","city":"London","state":"Greater London","country":"United Kingdom"},"categories":[{"id":"4bf58dd8d48988d130941735","name":"Building","pluralName":"Buildings","shortName":"Building","icon":{"prefix":"https:\/\/ss1.4sqi.net\/img\/categories_v2\/building\/default_","suffix":".png"},"primary":"true"}],"verified":"false","restricted":"true","stats":{"checkinsCount":"0","usersCount":"0","tipCount":"1"},"specials":{"count":"0"},"hereNow":{"count":"0"},"referralId":"v-1392478105"}],"confident":"true"}}