{"meta":{"code":"200"},"response":{"venues":[{"id":"4d4d51dea7f86ea8f43b35de","name":"Maltby Street Market","contact":{"phone":"+442073948061","formattedPhone":"+44 20 7394 8061","twitter":"maltbystmkt"},"location":{"address":"Rope Walk","crossStreet":"Maltby St","lat":"51.49930567177609","lng":"-0.07550828921535635","distance":"187","postalCode":"SE1 3DH","cc":"GB","city":"London","state":"Greater London","country":"United Kingdom"},"categories":[{"id":"4bf58dd8d48988d1f9941735","name":"Food & Drink Shop","pluralName":"Food & Drink Shops","shortName":"Food & Drink","icon":{"prefix":"https:\/\/ss1.4sqi.net\/img\/categories_v2\/shops\/foodanddrink_","suffix":".png"},"primary":"true"}],"verified":"false","restricted":"true","stats":{"checkinsCount":"1784","usersCount":"894","tipCount":"23"},"url":"http:\/\/www.maltby.st","specials":{"count":"0"},"hereNow":{"count":"5","groups":[{"type":"others","name":"Other people here","count":"5"}]},"referralId":"v-1392478061"},{"id":"52ed1603498eb7c89af5ce91","name":"Anspach & Hobday","contact":{"twitter":"anspachhobday"},"location":{"address":"118 Druid Street","lat":"51.49882507324219","lng":"-0.07362359762191772","distance":"76","postalCode":"SE1 2HH","cc":"GB","city":"London","state":"Greater London","country":"United Kingdom"},"categories":[{"id":"50327c8591d4c4b30a586d5d","name":"Brewery","pluralName":"Breweries","shortName":"Brewery","icon":{"prefix":"https:\/\/ss1.4sqi.net\/img\/categories_v2\/food\/brewery_","suffix":".png"},"primary":"true"}],"verified":"false","restricted":"true","stats":{"checkinsCount":"18","usersCount":"17","tipCount":"0"},"specials":{"count":"0"},"hereNow":{"count":"0"},"referralId":"v-1392478061"},{"id":"51e142eb498ec6954bda963b","name":"Brew by Numbers","location":{"address":"79 Enid St","lat":"51.49741425772785","lng":"-0.07212726287988776","distance":"213","postalCode":"SE16 3RA","cc":"GB","city":"London","state":"Greater London","country":"United Kingdom"},"categories":[{"id":"50327c8591d4c4b30a586d5d","name":"Brewery","pluralName":"Breweries","shortName":"Brewery","icon":{"prefix":"https:\/\/ss1.4sqi.net\/img\/categories_v2\/food\/brewery_","suffix":".png"},"primary":"true"}],"verified":"false","restricted":"true","stats":{"checkinsCount":"132","usersCount":"97","tipCount":"3"},"specials":{"count":"0"},"hereNow":{"count":"3","groups":[{"type":"others","name":"Other people here","count":"3"}]},"referralId":"v-1392478061"},{"id":"5052ec87e4b07f9d61f255fc","name":"Bus stop E (Dockhead)","location":{"lat":"51.49980588756602","lng":"-0.07222514459735271","distance":"70","cc":"GB","country":"United Kingdom"},"categories":[{"id":"4bf58dd8d48988d12b951735","name":"Bus Line","pluralName":"Bus Lines","shortName":"Bus","icon":{"prefix":"https:\/\/ss1.4sqi.net\/img\/categories_v2\/travel\/busstation_","suffix":".png"},"primary":"true"}],"verified":"false","restricted":"true","stats":{"checkinsCount":"53","usersCount":"16","tipCount":"0"},"specials":{"count":"0"},"hereNow":{"count":"0"},"referralId":"v-1392478061"},{"id":"4f928a35e4b0f888dc7a5e97","name":"Monty's Deli","contact":{"twitter":"montysdeli"},"location":{"address":"Arch 76 Druid St.","lat":"51.49901831619184","lng":"-0.0754622981452594","distance":"186","postalCode":"SE1 2HQ","cc":"GB","country":"United Kingdom"},"categories":[{"id":"4bf58dd8d48988d146941735","name":"Deli \/ Bodega","pluralName":"Delis \/ Bodegas","shortName":"Deli \/ Bodega","icon":{"prefix":"https:\/\/ss1.4sqi.net\/img\/categories_v2\/food\/deli_","suffix":".png"},"primary":"true"}],"verified":"false","restricted":"true","stats":{"checkinsCount":"76","usersCount":"59","tipCount":"8"},"url":"http:\/\/montys-deli.com","specials":{"count":"0"},"hereNow":{"count":"2","groups":[{"type":"others","name":"Other people here","count":"2"}]},"referralId":"v-1392478061"},{"id":"4f097d90e4b0ad9c264b28e7","name":"Dockhead","location":{"lat":"51.49985713098747","lng":"-0.07204184660820225","distance":"82","cc":"GB","country":"United Kingdom"},"categories":[{"id":"4bf58dd8d48988d132941735","name":"Church","pluralName":"Churches","shortName":"Church","icon":{"prefix":"https:\/\/ss1.4sqi.net\/img\/categories_v2\/building\/religious_church_","suffix":".png"},"primary":"true"}],"verified":"false","restricted":"true","stats":{"checkinsCount":"86","usersCount":"38","tipCount":"0"},"specials":{"count":"0"},"hereNow":{"count":"0"},"referralId":"v-1392478061"},{"id":"4f117a08e4b0aabf17bc9e9a","name":"Bar Tozino","contact":{"twitter":"bartozino"},"location":{"address":"Rope Walk","crossStreet":"Malby St","lat":"51.499244330682984","lng":"-0.07546228427142311","distance":"184","cc":"GB","city":"London","state":"Greater London","country":"United Kingdom"},"categories":[{"id":"4bf58dd8d48988d1db931735","name":"Tapas Restaurant","pluralName":"Tapas Restaurants","shortName":"Tapas","icon":{"prefix":"https:\/\/ss1.4sqi.net\/img\/categories_v2\/food\/tapas_","suffix":".png"},"primary":"true"}],"verified":"false","restricted":"true","stats":{"checkinsCount":"287","usersCount":"159","tipCount":"10"},"menu":{"type":"Menu","label":"Menu","anchor":"View Menu","url":"https:\/\/foursquare.com\/v\/bar-tozino-london\/4f117a08e4b0aabf17bc9e9a\/menu","mobileUrl":"https:\/\/foursquare.com\/v\/4f117a08e4b0aabf17bc9e9a\/device_menu"},"specials":{"count":"0"},"hereNow":{"count":"1","groups":[{"type":"others","name":"Other people here","count":"1"}]},"referralId":"v-1392478061"},{"id":"50aabbbc582f907d77b5eb89","name":"The Co-operative Food","contact":{"twitter":"cooperativefood"},"location":{"address":"5 Mill St.","crossStreet":"Jamaica Rd","lat":"51.50028786297641","lng":"-0.07302045822143555","distance":"112","postalCode":"SE1 2DE","cc":"GB","city":"London","state":"Greater London","country":"United Kingdom"},"categories":[{"id":"4bf58dd8d48988d118951735","name":"Grocery Store","pluralName":"Grocery Stores","shortName":"Grocery Store","icon":{"prefix":"https:\/\/ss1.4sqi.net\/img\/categories_v2\/shops\/food_grocery_","suffix":".png"},"primary":"true"}],"verified":"false","restricted":"true","stats":{"checkinsCount":"45","usersCount":"20","tipCount":"0"},"specials":{"count":"0"},"hereNow":{"count":"0"},"referralId":"v-1392478061"},{"id":"4d56540896ed54818b411370","name":"St John Bakery","contact":{"phone":"+442072375999","formattedPhone":"+44 20 7237 5999","twitter":"stjohnbakery"},"location":{"address":"72 Druid St","lat":"51.49998063643726","lng":"-0.07535934448242188","distance":"193","postalCode":"SE1 2HH","cc":"GB","city":"Bermondsey","state":"Greater London","country":"United Kingdom"},"categories":[{"id":"4bf58dd8d48988d16a941735","name":"Bakery","pluralName":"Bakeries","shortName":"Bakery","icon":{"prefix":"https:\/\/ss1.4sqi.net\/img\/categories_v2\/food\/bakery_","suffix":".png"},"primary":"true"}],"verified":"false","restricted":"true","stats":{"checkinsCount":"409","usersCount":"218","tipCount":"12"},"url":"https:\/\/www.stjohngroup.uk.com\/bakery\/","specials":{"count":"0"},"hereNow":{"count":"0"},"referralId":"v-1392478061"},{"id":"511f741a582f577d562ffab7","name":"O'Shea's Butchers Ltd","contact":{"phone":"+442070641712","formattedPhone":"+44 20 7064 1712","twitter":"osheasbutchers"},"location":{"address":"120 Druid St","lat":"51.498437793589666","lng":"-0.0728917121887207","distance":"94","postalCode":"SE1 2HH","cc":"GB","city":"London","state":"Greater London","country":"United Kingdom"},"categories":[{"id":"4bf58dd8d48988d11d951735","name":"Butcher","pluralName":"Butchers","shortName":"Butcher","icon":{"prefix":"https:\/\/ss1.4sqi.net\/img\/categories_v2\/shops\/food_butcher_","suffix":".png"},"primary":"true"}],"verified":"false","restricted":"true","stats":{"checkinsCount":"23","usersCount":"12","tipCount":"2"},"specials":{"count":"0"},"hereNow":{"count":"0"},"referralId":"v-1392478061"},{"id":"50ba00d0498e6c9d5f7fce01","name":"Comptoir Gourmand","location":{"address":"98 Druid Street","lat":"51.499059750773284","lng":"-0.07510124197285489","distance":"161","cc":"GB","country":"United Kingdom"},"categories":[{"id":"4bf58dd8d48988d16a941735","name":"Bakery","pluralName":"Bakeries","shortName":"Bakery","icon":{"prefix":"https:\/\/ss1.4sqi.net\/img\/categories_v2\/food\/bakery_","suffix":".png"},"primary":"true"}],"verified":"false","restricted":"true","stats":{"checkinsCount":"96","usersCount":"72","tipCount":"0"},"specials":{"count":"0"},"hereNow":{"count":"0"},"referralId":"v-1392478061"},{"id":"52ecf11a498e1eb09228ce57","name":"the Lifeboat: Courage on the Sea","location":{"lat":"51.499308","lng":"-0.074372","distance":"108","cc":"GB","country":"United Kingdom"},"categories":[{"id":"4bf58dd8d48988d1f1931735","name":"General Entertainment","pluralName":"General Entertainment","shortName":"Entertainment","icon":{"prefix":"https:\/\/ss1.4sqi.net\/img\/categories_v2\/arts_entertainment\/default_","suffix":".png"},"primary":"true"}],"verified":"false","restricted":"true","stats":{"checkinsCount":"1","usersCount":"1","tipCount":"0"},"specials":{"count":"0"},"hereNow":{"count":"0"},"referralId":"v-1392478061"},{"id":"4f857e2fe4b08d4037dfb522","name":"Old Jamaica Road Bus Stop","location":{"lat":"51.497322013960336","lng":"-0.07191492138205069","distance":"227","cc":"GB","country":"United Kingdom"},"categories":[{"id":"4bf58dd8d48988d1fe931735","name":"Bus Station","pluralName":"Bus Stations","shortName":"Bus Station","icon":{"prefix":"https:\/\/ss1.4sqi.net\/img\/categories_v2\/travel\/busstation_","suffix":".png"},"primary":"true"}],"verified":"false","restricted":"true","stats":{"checkinsCount":"36","usersCount":"4","tipCount":"0"},"specials":{"count":"0"},"hereNow":{"count":"0"},"referralId":"v-1392478061"},{"id":"4d7f2d734219a1cd027e6fd3","name":"London Displays UK Ltd","contact":{"phone":"+442072379333","formattedPhone":"+44 20 7237 9333"},"location":{"address":"69 Enid Street","lat":"51.497778","lng":"-0.07287","distance":"168","postalCode":"SE16 3RA","cc":"GB","city":"Camberwell","state":"Greater London","country":"United Kingdom"},"categories":[{"id":"4bf58dd8d48988d124941735","name":"Office","pluralName":"Offices","shortName":"Office","icon":{"prefix":"https:\/\/ss1.4sqi.net\/img\/categories_v2\/building\/default_","suffix":".png"},"primary":"true"}],"verified":"false","restricted":"true","stats":{"checkinsCount":"50","usersCount":"4","tipCount":"0"},"specials":{"count":"0"},"hereNow":{"count":"0"},"referralId":"v-1392478061"},{"id":"4e81d6fd5c5c305b36eb2814","name":"Italian Building","location":{"lat":"51.50037049008959","lng":"-0.07177934202736448","distance":"139","cc":"GB","city":"London","state":"Greater London","country":"United Kingdom"},"categories":[{"id":"4bf58dd8d48988d130941735","name":"Building","pluralName":"Buildings","shortName":"Building","icon":{"prefix":"https:\/\/ss1.4sqi.net\/img\/categories_v2\/building\/default_","suffix":".png"},"primary":"true"}],"verified":"false","restricted":"true","stats":{"checkinsCount":"34","usersCount":"11","tipCount":"0"},"specials":{"count":"0"},"hereNow":{"count":"0"},"referralId":"v-1392478061"},{"id":"4b5d73ebf964a5206c5d29e3","name":"The Open Agency","contact":{"phone":"+442077407000","formattedPhone":"+44 20 7740 7000","twitter":"open_agency"},"location":{"address":"Mill House, 8 Mill Street","lat":"51.498928","lng":"-0.073163","distance":"47","postalCode":"SE1 2BA","cc":"GB","city":"London","state":"Greater London","country":"United Kingdom"},"categories":[{"id":"4bf58dd8d48988d124941735","name":"Office","pluralName":"Offices","shortName":"Office","icon":{"prefix":"https:\/\/ss1.4sqi.net\/img\/categories_v2\/building\/default_","suffix":".png"},"primary":"true"}],"verified":"false","restricted":"true","stats":{"checkinsCount":"4","usersCount":"1","tipCount":"1"},"url":"http:\/\/www.openagency.com","specials":{"count":"0"},"hereNow":{"count":"0"},"referralId":"v-1392478061"},{"id":"4e7dd6ea9adf36abef77c6de","name":"Vervena","location":{"lat":"51.500753468126085","lng":"-0.07220916686774635","distance":"168","cc":"GB","city":"Poplar","state":"Greater London","country":"United Kingdom"},"categories":[{"id":"4bf58dd8d48988d110951735","name":"Salon \/ Barbershop","pluralName":"Salons \/ Barbershops","shortName":"Salon \/ Barbershop","icon":{"prefix":"https:\/\/ss1.4sqi.net\/img\/categories_v2\/shops\/salon_barber_","suffix":".png"},"primary":"true"}],"verified":"false","restricted":"true","stats":{"checkinsCount":"38","usersCount":"8","tipCount":"0"},"specials":{"count":"0"},"hereNow":{"count":"0"},"referralId":"v-1392478061"},{"id":"4fdc5085e4b0735a6dcd45af","name":"Comptoir Gourmands","location":{"lat":"51.498904","lng":"-0.075183","distance":"170","cc":"GB","country":"United Kingdom"},"categories":[{"id":"4bf58dd8d48988d1f5941735","name":"Gourmet Shop","pluralName":"Gourmet Shops","shortName":"Gourmet","icon":{"prefix":"https:\/\/ss1.4sqi.net\/img\/categories_v2\/shops\/food_gourmet_","suffix":".png"},"primary":"true"}],"verified":"false","restricted":"true","stats":{"checkinsCount":"9","usersCount":"9","tipCount":"0"},"specials":{"count":"0"},"hereNow":{"count":"0"},"referralId":"v-1392478061"},{"id":"4ac518dff964a520e5a920e3","name":"Tentazioni","contact":{"phone":"+442072371100","formattedPhone":"+44 20 7237 1100"},"location":{"address":"2 Mill Street","lat":"51.500822","lng":"-0.07185142","distance":"182","postalCode":"SE1 2BD","cc":"GB","city":"London","state":"Greater London","country":"United Kingdom"},"categories":[{"id":"4bf58dd8d48988d110941735","name":"Italian Restaurant","pluralName":"Italian Restaurants","shortName":"Italian","icon":{"prefix":"https:\/\/ss1.4sqi.net\/img\/categories_v2\/food\/italian_","suffix":".png"},"primary":"true"}],"verified":"false","restricted":"true","stats":{"checkinsCount":"234","usersCount":"102","tipCount":"11"},"url":"http:\/\/www.tentazioni.co.uk","reservations":{"url":"http:\/\/www.toptable.co.uk\/single.aspx?rid=80269&ref=9601"},"menu":{"type":"Menu","label":"Menu","anchor":"View Menu","url":"https:\/\/foursquare.com\/v\/tentazioni\/4ac518dff964a520e5a920e3\/menu","mobileUrl":"https:\/\/foursquare.com\/v\/4ac518dff964a520e5a920e3\/device_menu"},"specials":{"count":"0"},"hereNow":{"count":"0"},"referralId":"v-1392478061"},{"id":"5205564811d2af09e2ab29f4","name":"Dockhead Palace","location":{"lat":"51.499966","lng":"-0.072512","distance":"78","cc":"GB","country":"United Kingdom"},"categories":[{"id":"4d954b06a243a5684965b473","name":"Residential Building (Apartment \/ Condo)","pluralName":"Residential Buildings (Apartments \/ Condos)","shortName":"Residential","icon":{"prefix":"https:\/\/ss1.4sqi.net\/img\/categories_v2\/building\/apartment_","suffix":".png"},"primary":"true"}],"verified":"false","restricted":"true","stats":{"checkinsCount":"14","usersCount":"1","tipCount":"0"},"specials":{"count":"0"},"hereNow":{"count":"0"},"referralId":"v-1392478061"},{"id":"4e901c582c5b7295bbb5e71e","name":"Bea's of Bloomsbury","contact":{"phone":"+442072428330","formattedPhone":"+44 20 7242 8330","twitter":"beas_bloomsbury"},"location":{"address":"76 Druid St","lat":"51.49985501760629","lng":"-0.07535401739612888","distance":"187","postalCode":"SE1 2HQ","cc":"GB","city":"London","state":"Greater London","country":"United Kingdom"},"categories":[{"id":"4bf58dd8d48988d143941735","name":"Breakfast Spot","pluralName":"Breakfast Spots","shortName":"Breakfast","icon":{"prefix":"https:\/\/ss1.4sqi.net\/img\/categories_v2\/food\/breakfast_","suffix":".png"},"primary":"true"}],"verified":"false","restricted":"true","stats":{"checkinsCount":"331","usersCount":"204","tipCount":"10"},"url":"http:\/\/www.beasofbloomsbury.com\/cafes\/maltby-street\/","menu":{"type":"Menu","label":"Menu","anchor":"View Menu","url":"https:\/\/foursquare.com\/v\/beas-of-bloomsbury\/4e901c582c5b7295bbb5e71e\/menu","mobileUrl":"https:\/\/foursquare.com\/v\/4e901c582c5b7295bbb5e71e\/device_menu"},"specials":{"count":"0"},"hereNow":{"count":"0"},"referralId":"v-1392478061"},{"id":"50f14645e4b0e0c9d1d0cc70","name":"Strength London","location":{"lat":"51.498856","lng":"-0.073406","distance":"63","cc":"GB","country":"United Kingdom"},"categories":[{"id":"4bf58dd8d48988d176941735","name":"Gym","pluralName":"Gyms","shortName":"Gym","icon":{"prefix":"https:\/\/ss1.4sqi.net\/img\/categories_v2\/building\/gym_","suffix":".png"},"primary":"true"}],"verified":"false","restricted":"true","stats":{"checkinsCount":"7","usersCount":"3","tipCount":"0"},"specials":{"count":"0"},"hereNow":{"count":"0"},"referralId":"v-1392478061"},{"id":"4e58fb1cc65bcd7cbe2d4633","name":"Mons Cheesemongers","location":{"lat":"51.49881899536524","lng":"-0.07473971997983345","distance":"144","cc":"GB","country":"United Kingdom"},"categories":[{"id":"4bf58dd8d48988d11e951735","name":"Cheese Shop","pluralName":"Cheese Shops","shortName":"Cheese Shop","icon":{"prefix":"https:\/\/ss1.4sqi.net\/img\/categories_v2\/shops\/food_cheese_","suffix":".png"},"primary":"true"}],"verified":"false","restricted":"true","stats":{"checkinsCount":"56","usersCount":"35","tipCount":"1"},"specials":{"count":"0"},"hereNow":{"count":"0"},"referralId":"v-1392478061"},{"id":"516009a7e4b0a9d70d8976e1","name":"L'emporio","location":{"lat":"51.498437","lng":"-0.072946","distance":"95","cc":"GB","country":"United Kingdom"},"categories":[{"id":"4bf58dd8d48988d146941735","name":"Deli \/ Bodega","pluralName":"Delis \/ Bodegas","shortName":"Deli \/ Bodega","icon":{"prefix":"https:\/\/ss1.4sqi.net\/img\/categories_v2\/food\/deli_","suffix":".png"},"primary":"true"}],"verified":"false","restricted":"true","stats":{"checkinsCount":"11","usersCount":"8","tipCount":"0"},"specials":{"count":"0"},"hereNow":{"count":"0"},"referralId":"v-1392478061"},{"id":"4d0f3da75584f04df6cb5016","name":"Natuzzi","location":{"address":"retail park","crossStreet":"thurrok","lat":"51.498728","lng":"-0.072419","distance":"67","postalCode":"SE1 2DU","cc":"GB","city":"London","state":"Greater London","country":"United Kingdom"},"categories":[{"id":"4bf58dd8d48988d1f6941735","name":"Department Store","pluralName":"Department Stores","shortName":"Department Store","icon":{"prefix":"https:\/\/ss1.4sqi.net\/img\/categories_v2\/shops\/departmentstore_","suffix":".png"},"primary":"true"}],"verified":"false","restricted":"true","stats":{"checkinsCount":"1","usersCount":"1","tipCount":"0"},"specials":{"count":"0"},"hereNow":{"count":"0"},"referralId":"v-1392478061"},{"id":"4eb841319adfc68713970302","name":"Mumbai","location":{"lat":"51.5002419700939","lng":"-0.07229531018017618","distance":"111","cc":"GB","city":"Camberwell","state":"Greater London","country":"United Kingdom"},"categories":[{"id":"4bf58dd8d48988d10f941735","name":"Indian Restaurant","pluralName":"Indian Restaurants","shortName":"Indian","icon":{"prefix":"https:\/\/ss1.4sqi.net\/img\/categories_v2\/food\/indian_","suffix":".png"},"primary":"true"}],"verified":"false","restricted":"true","stats":{"checkinsCount":"20","usersCount":"11","tipCount":"0"},"specials":{"count":"0"},"hereNow":{"count":"0"},"referralId":"v-1392478061"},{"id":"4d769e63d6688cfa20132015","name":"Marquis Of Wellington","location":{"lat":"51.498893","lng":"-0.073759","distance":"79","cc":"GB","country":"United Kingdom"},"categories":[{"id":"4bf58dd8d48988d11b941735","name":"Pub","pluralName":"Pubs","shortName":"Pub","icon":{"prefix":"https:\/\/ss1.4sqi.net\/img\/categories_v2\/nightlife\/pub_","suffix":".png"},"primary":"true"}],"verified":"false","restricted":"true","stats":{"checkinsCount":"6","usersCount":"6","tipCount":"0"},"specials":{"count":"0"},"hereNow":{"count":"0"},"referralId":"v-1392478061"},{"id":"4d6f6f7335993704b56b0d9d","name":"Junction 9 Records","location":{"address":"Unit 6","lat":"51.499524","lng":"-0.073879","distance":"79","postalCode":"23 Mill St C","cc":"GB","city":"London","state":"Greater London","country":"United Kingdom"},"verified":"false","restricted":"true","stats":{"checkinsCount":"2","usersCount":"2","tipCount":"0"},"specials":{"count":"0"},"hereNow":{"count":"0"},"referralId":"v-1392478061"},{"id":"5173a5e2498e39cf040f5a04","name":"VLM 12 Mile Marker","location":{"lat":"51.50001081475647","lng":"-0.07294139101100905","distance":"80","cc":"GB","country":"United Kingdom"},"categories":[{"id":"4f4528bc4b90abdf24c9de85","name":"Athletics & Sports","pluralName":"Athletics & Sports","shortName":"Athletics & Sports","icon":{"prefix":"https:\/\/ss1.4sqi.net\/img\/categories_v2\/shops\/sports_outdoors_","suffix":".png"},"primary":"true"}],"verified":"false","restricted":"true","stats":{"checkinsCount":"5","usersCount":"5","tipCount":"0"},"specials":{"count":"0"},"hereNow":{"count":"0"},"referralId":"v-1392478061"},{"id":"520e363011d29a5adf3d6a48","name":"Caramel skin tanning shop","location":{"lat":"51.50048191624314","lng":"-0.07418197841058087","distance":"163","cc":"GB","country":"United Kingdom"},"categories":[{"id":"4bf58dd8d48988d110951735","name":"Salon \/ Barbershop","pluralName":"Salons \/ Barbershops","shortName":"Salon \/ Barbershop","icon":{"prefix":"https:\/\/ss1.4sqi.net\/img\/categories_v2\/shops\/salon_barber_","suffix":".png"},"primary":"true"}],"verified":"false","restricted":"true","stats":{"checkinsCount":"10","usersCount":"1","tipCount":"0"},"specials":{"count":"0"},"hereNow":{"count":"0"},"referralId":"v-1392478061"}],"confident":"true"}}