{"meta":{"code":"200"},"response":{"venues":[{"id":"4b1800b5f964a52046cb23e3","name":"Tesco","contact":{"phone":"+448456779625","formattedPhone":"+44 845 677 9625","twitter":"uktescooffers"},"location":{"address":"107 Dunton Road","lat":"51.48879885284335","lng":"-0.0761103630065918","distance":"129","postalCode":"SE1 5HG","cc":"GB","city":"London","state":"Greater London","country":"United Kingdom"},"categories":[{"id":"4bf58dd8d48988d118951735","name":"Grocery Store","pluralName":"Grocery Stores","shortName":"Grocery Store","icon":{"prefix":"https:\/\/ss1.4sqi.net\/img\/categories_v2\/shops\/food_grocery_","suffix":".png"},"primary":"true"}],"verified":"true","restricted":"true","stats":{"checkinsCount":"1775","usersCount":"553","tipCount":"10"},"url":"http:\/\/www.tesco.com","specials":{"count":"0"},"hereNow":{"count":"0"},"storeId":"3189","referralId":"v-1392478086"},{"id":"4c43434dff711b8d36b01405","name":"Dunton Road","location":{"lat":"51.48889785785368","lng":"-0.07697610881585214","distance":"71","cc":"GB","country":"United Kingdom"},"categories":[{"id":"4bf58dd8d48988d1fe931735","name":"Bus Station","pluralName":"Bus Stations","shortName":"Bus Station","icon":{"prefix":"https:\/\/ss1.4sqi.net\/img\/categories_v2\/travel\/busstation_","suffix":".png"},"primary":"true"}],"verified":"false","restricted":"true","stats":{"checkinsCount":"157","usersCount":"64","tipCount":"0"},"specials":{"count":"0"},"hereNow":{"count":"0"},"referralId":"v-1392478086"},{"id":"4c20e5f3d4dec9283a1d1c3e","name":"Thomas A Becket","location":{"address":"102 Old Kent Rd.","lat":"51.48814886291058","lng":"-0.07652154978015498","distance":"154","postalCode":"SE17 2","cc":"GB","city":"Camberwell","state":"Greater London","country":"United Kingdom"},"categories":[{"id":"4bf58dd8d48988d116941735","name":"Bar","pluralName":"Bars","shortName":"Bar","icon":{"prefix":"https:\/\/ss1.4sqi.net\/img\/categories_v2\/nightlife\/bar_","suffix":".png"},"primary":"true"}],"verified":"false","restricted":"true","stats":{"checkinsCount":"448","usersCount":"132","tipCount":"5"},"url":"http:\/\/www.thomasabecket.com","reservations":{"url":"http:\/\/www.toptable.co.uk\/single.aspx?rid=94395&ref=9601"},"menu":{"type":"Menu","label":"Menu","anchor":"View Menu","url":"https:\/\/foursquare.com\/v\/thomas-a-becket\/4c20e5f3d4dec9283a1d1c3e\/menu","mobileUrl":"https:\/\/foursquare.com\/v\/4c20e5f3d4dec9283a1d1c3e\/device_menu"},"specials":{"count":"0"},"hereNow":{"count":"0"},"referralId":"v-1392478086"},{"id":"526bb188498eb396d43567d5","name":"Bus Stop WN - Dunton Road","location":{"lat":"51.488497500469585","lng":"-0.07709025372939508","distance":"101","cc":"GB","country":"United Kingdom"},"categories":[{"id":"4bf58dd8d48988d1fe931735","name":"Bus Station","pluralName":"Bus Stations","shortName":"Bus Station","icon":{"prefix":"https:\/\/ss1.4sqi.net\/img\/categories_v2\/travel\/busstation_","suffix":".png"},"primary":"true"}],"verified":"false","restricted":"true","stats":{"checkinsCount":"13","usersCount":"2","tipCount":"0"},"specials":{"count":"0"},"hereNow":{"count":"0"},"referralId":"v-1392478086"},{"id":"50cc75f3e4b044fa4fe3f70f","name":"Dunton Grill & Spice","location":{"lat":"51.48909258041208","lng":"-0.07750451924558209","distance":"30","cc":"GB","country":"United Kingdom"},"categories":[{"id":"4bf58dd8d48988d115941735","name":"Middle Eastern Restaurant","pluralName":"Middle Eastern Restaurants","shortName":"Middle Eastern","icon":{"prefix":"https:\/\/ss1.4sqi.net\/img\/categories_v2\/food\/default_","suffix":".png"},"primary":"true"}],"verified":"false","restricted":"true","stats":{"checkinsCount":"6","usersCount":"4","tipCount":"0"},"specials":{"count":"0"},"hereNow":{"count":"0"},"referralId":"v-1392478086"},{"id":"4da0a3052939b1f75c7ee256","name":"Le Chic Dry Cleaners","location":{"address":"294 Old Kent Road","lat":"51.489085","lng":"-0.078092","distance":"30","postalCode":"SE1 5UE","cc":"GB","city":"London","state":"Greater London","country":"United Kingdom"},"categories":[{"id":"4bf58dd8d48988d1fc941735","name":"Laundry Service","pluralName":"Laundry Services","shortName":"Laundry","icon":{"prefix":"https:\/\/ss1.4sqi.net\/img\/categories_v2\/shops\/laundry_","suffix":".png"},"primary":"true"}],"verified":"false","restricted":"true","stats":{"checkinsCount":"2","usersCount":"2","tipCount":"0"},"specials":{"count":"0"},"hereNow":{"count":"0"},"referralId":"v-1392478086"},{"id":"521d5438498ef862fac22198","name":"Paridis","location":{"lat":"51.48895","lng":"-0.077783","distance":"37","cc":"GB","country":"United Kingdom"},"categories":[{"id":"4bf58dd8d48988d11f941735","name":"Nightclub","pluralName":"Nightclubs","shortName":"Nightclub","icon":{"prefix":"https:\/\/ss1.4sqi.net\/img\/categories_v2\/nightlife\/nightclub_","suffix":".png"},"primary":"true"}],"verified":"false","restricted":"true","stats":{"checkinsCount":"2","usersCount":"2","tipCount":"0"},"specials":{"count":"0"},"hereNow":{"count":"0"},"referralId":"v-1392478086"},{"id":"4f8f0723e4b007e612826f0b","name":"a noodle bar","location":{"lat":"51.489","lng":"-0.078","distance":"34","cc":"GB","country":"United Kingdom"},"categories":[{"id":"4bf58dd8d48988d145941735","name":"Chinese Restaurant","pluralName":"Chinese Restaurants","shortName":"Chinese","icon":{"prefix":"https:\/\/ss1.4sqi.net\/img\/categories_v2\/food\/chinese_","suffix":".png"},"primary":"true"}],"verified":"false","restricted":"true","stats":{"checkinsCount":"1","usersCount":"1","tipCount":"0"},"specials":{"count":"0"},"hereNow":{"count":"0"},"referralId":"v-1392478086"},{"id":"4fb245e3e4b0c2b5f4e5065f","name":"new image","location":{"address":"Old Kent Road","lat":"51.48957382170743","lng":"-0.07915084768128099","distance":"98","cc":"GB","country":"United Kingdom"},"categories":[{"id":"4bf58dd8d48988d110951735","name":"Salon \/ Barbershop","pluralName":"Salons \/ Barbershops","shortName":"Salon \/ Barbershop","icon":{"prefix":"https:\/\/ss1.4sqi.net\/img\/categories_v2\/shops\/salon_barber_","suffix":".png"},"primary":"true"}],"verified":"false","restricted":"true","stats":{"checkinsCount":"8","usersCount":"6","tipCount":"1"},"specials":{"count":"0"},"hereNow":{"count":"0"},"referralId":"v-1392478086"},{"id":"4e58c0da18a8c2047501c53e","name":"Pipe Centre","location":{"lat":"51.489137","lng":"-0.077133","distance":"49","cc":"GB","country":"United Kingdom"},"categories":[{"id":"4bf58dd8d48988d112951735","name":"Hardware Store","pluralName":"Hardware Stores","shortName":"Hardware","icon":{"prefix":"https:\/\/ss1.4sqi.net\/img\/categories_v2\/shops\/hardware_","suffix":".png"},"primary":"true"}],"verified":"false","restricted":"true","stats":{"checkinsCount":"7","usersCount":"6","tipCount":"0"},"specials":{"count":"0"},"hereNow":{"count":"0"},"referralId":"v-1392478086"},{"id":"52752c2a11d2ec02d5aa16ae","name":"Russian Shop","contact":{"phone":"+447988953893","formattedPhone":"+44 7988 953893"},"location":{"address":"229 Old Kent Road","lat":"51.49001970802549","lng":"-0.07983353449689337","distance":"162","postalCode":"SE1 5LU","cc":"GB","city":"London","state":"Greater London","country":"United Kingdom"},"categories":[{"id":"4bf58dd8d48988d118951735","name":"Grocery Store","pluralName":"Grocery Stores","shortName":"Grocery Store","icon":{"prefix":"https:\/\/ss1.4sqi.net\/img\/categories_v2\/shops\/food_grocery_","suffix":".png"},"primary":"true"}],"verified":"false","restricted":"true","stats":{"checkinsCount":"10","usersCount":"4","tipCount":"1"},"specials":{"count":"0"},"hereNow":{"count":"0"},"referralId":"v-1392478086"},{"id":"52f952e8498ee2101d2342ab","name":"G F Supermarket","location":{"lat":"51.48881530761719","lng":"-0.07763759791851044","distance":"53","cc":"GB","country":"United Kingdom"},"categories":[{"id":"4d954b0ea243a5684a65b473","name":"Convenience Store","pluralName":"Convenience Stores","shortName":"Convenience Stores","icon":{"prefix":"https:\/\/ss1.4sqi.net\/img\/categories_v2\/shops\/conveniencestore_","suffix":".png"},"primary":"true"}],"verified":"false","restricted":"true","stats":{"checkinsCount":"1","usersCount":"1","tipCount":"0"},"specials":{"count":"0"},"hereNow":{"count":"0"},"referralId":"v-1392478086"},{"id":"4cffb548ffcea143f0072991","name":"Argos","contact":{"twitter":"argos_online"},"location":{"address":"Unit 34, Southernwood Retail Park,   2 Humphrey Street","crossStreet":"at Old Kent Rd.","lat":"51.48814415925678","lng":"-0.07535934448242188","distance":"211","postalCode":"SE1 5JJ","cc":"GB","country":"United Kingdom"},"categories":[{"id":"4bf58dd8d48988d1ff941735","name":"Miscellaneous Shop","pluralName":"Miscellaneous Shops","shortName":"Shop","icon":{"prefix":"https:\/\/ss1.4sqi.net\/img\/categories_v2\/shops\/default_","suffix":".png"},"primary":"true"}],"verified":"true","restricted":"true","stats":{"checkinsCount":"201","usersCount":"115","tipCount":"2"},"specials":{"count":"0"},"hereNow":{"count":"0"},"storeId":"","referralId":"v-1392478086"},{"id":"5073fac6e4b0175b55aa900a","name":"Dunton Road Old Kent Road bus stop","location":{"lat":"51.48960586340359","lng":"-0.07710500431345917","distance":"59","cc":"GB","country":"United Kingdom"},"categories":[{"id":"4bf58dd8d48988d1fe931735","name":"Bus Station","pluralName":"Bus Stations","shortName":"Bus Station","icon":{"prefix":"https:\/\/ss1.4sqi.net\/img\/categories_v2\/travel\/busstation_","suffix":".png"},"primary":"true"}],"verified":"false","restricted":"true","stats":{"checkinsCount":"30","usersCount":"10","tipCount":"0"},"specials":{"count":"0"},"hereNow":{"count":"0"},"referralId":"v-1392478086"},{"id":"4dab5292cda1652a2ba103aa","name":"Shu Castle","contact":{"phone":"+442077039797","formattedPhone":"+44 20 7703 9797"},"location":{"address":"194 Old Kent Road","lat":"51.490571","lng":"-0.08065","distance":"243","postalCode":"SE1 5TY","cc":"GB","city":"London","state":"Greater London","country":"United Kingdom"},"categories":[{"id":"4bf58dd8d48988d145941735","name":"Chinese Restaurant","pluralName":"Chinese Restaurants","shortName":"Chinese","icon":{"prefix":"https:\/\/ss1.4sqi.net\/img\/categories_v2\/food\/chinese_","suffix":".png"},"primary":"true"}],"verified":"false","restricted":"true","stats":{"checkinsCount":"48","usersCount":"37","tipCount":"3"},"specials":{"count":"0"},"hereNow":{"count":"0"},"referralId":"v-1392478086"},{"id":"5193b957498e126b5e93109d","name":"Post Office","location":{"address":"240 Old Kent Road","crossStreet":"Greater London","lat":"51.48874436318514","lng":"-0.07749760545482037","distance":"64","postalCode":"SE1 5UB","cc":"GB","country":"United Kingdom"},"categories":[{"id":"4bf58dd8d48988d172941735","name":"Post Office","pluralName":"Post Offices","shortName":"Post Office","icon":{"prefix":"https:\/\/ss1.4sqi.net\/img\/categories_v2\/building\/postoffice_","suffix":".png"},"primary":"true"}],"verified":"false","restricted":"true","stats":{"checkinsCount":"4","usersCount":"4","tipCount":"0"},"specials":{"count":"0"},"hereNow":{"count":"0"},"referralId":"v-1392478086"},{"id":"51f00727498e6ce605360304","name":"B & B Newsagent","location":{"lat":"51.48881052953012","lng":"-0.07725155410350223","distance":"65","cc":"GB","country":"United Kingdom"},"categories":[{"id":"4d954b0ea243a5684a65b473","name":"Convenience Store","pluralName":"Convenience Stores","shortName":"Convenience Stores","icon":{"prefix":"https:\/\/ss1.4sqi.net\/img\/categories_v2\/shops\/conveniencestore_","suffix":".png"},"primary":"true"}],"verified":"false","restricted":"true","stats":{"checkinsCount":"3","usersCount":"1","tipCount":"0"},"specials":{"count":"0"},"hereNow":{"count":"0"},"referralId":"v-1392478086"},{"id":"4c73f75cd8948cfaf3a063da","name":"Dun Cow Surgery","location":{"address":"279 Old Kent Rd","lat":"51.48869805","lng":"-0.07739803","distance":"71","postalCode":"SE1 5LU","cc":"GB","city":"London","state":"Greater London","country":"United Kingdom"},"categories":[{"id":"4bf58dd8d48988d177941735","name":"Doctor's Office","pluralName":"Doctor's Offices","shortName":"Doctor's Office","icon":{"prefix":"https:\/\/ss1.4sqi.net\/img\/categories_v2\/building\/medical_doctorsoffice_","suffix":".png"},"primary":"true"}],"verified":"false","restricted":"true","stats":{"checkinsCount":"39","usersCount":"19","tipCount":"0"},"specials":{"count":"0"},"hereNow":{"count":"0"},"referralId":"v-1392478086"},{"id":"4d94a606b550a0939e358b87","name":"Southwark Tennis Centre","location":{"lat":"51.488636","lng":"-0.077582","distance":"74","cc":"GB","country":"United Kingdom"},"categories":[{"id":"4e39a956bd410d7aed40cbc3","name":"Tennis Court","pluralName":"Tennis Courts","shortName":"Tennis Court","icon":{"prefix":"https:\/\/ss1.4sqi.net\/img\/categories_v2\/arts_entertainment\/stadium_tennis_","suffix":".png"},"primary":"true"}],"verified":"false","restricted":"true","stats":{"checkinsCount":"3","usersCount":"3","tipCount":"0"},"specials":{"count":"0"},"hereNow":{"count":"0"},"referralId":"v-1392478086"},{"id":"50f94d7de4b09bf31006a151","name":"Roberto's Cafe","contact":{"phone":"+442077014646","formattedPhone":"+44 20 7701 4646"},"location":{"address":"352 Old Kent Rd","lat":"51.487439","lng":"-0.0753","distance":"269","postalCode":"SE1 5AA","cc":"GB","city":"London","state":"Greater London","country":"United Kingdom"},"categories":[{"id":"4bf58dd8d48988d16d941735","name":"Caf\u00e9","pluralName":"Caf\u00e9s","shortName":"Caf\u00e9","icon":{"prefix":"https:\/\/ss1.4sqi.net\/img\/categories_v2\/food\/cafe_","suffix":".png"},"primary":"true"}],"verified":"false","restricted":"true","stats":{"checkinsCount":"45","usersCount":"19","tipCount":"5"},"specials":{"count":"0"},"hereNow":{"count":"0"},"referralId":"v-1392478086"},{"id":"4c23864a99282d7fd6c968b0","name":"Blue Mantel Old Kent Road","location":{"lat":"51.488642","lng":"-0.078128","distance":"75","postalCode":"SE5 0","cc":"GB","city":"Camberwell","state":"Greater London","country":"United Kingdom"},"categories":[{"id":"4bf58dd8d48988d116951735","name":"Antique Shop","pluralName":"Antique Shops","shortName":"Antiques","icon":{"prefix":"https:\/\/ss1.4sqi.net\/img\/categories_v2\/shops\/antique_","suffix":".png"},"primary":"true"}],"verified":"false","restricted":"true","stats":{"checkinsCount":"2","usersCount":"1","tipCount":"0"},"specials":{"count":"0"},"hereNow":{"count":"0"},"referralId":"v-1392478086"},{"id":"4f54d2a1e4b0195da6775b7d","name":"Albany Garage","location":{"lat":"51.488613","lng":"-0.07774","distance":"75","cc":"GB","country":"United Kingdom"},"categories":[{"id":"4bf58dd8d48988d124951735","name":"Automotive Shop","pluralName":"Automotive Shops","shortName":"Automotive","icon":{"prefix":"https:\/\/ss1.4sqi.net\/img\/categories_v2\/shops\/automotive_","suffix":".png"},"primary":"true"}],"verified":"false","restricted":"true","stats":{"checkinsCount":"1","usersCount":"1","tipCount":"0"},"specials":{"count":"0"},"hereNow":{"count":"0"},"referralId":"v-1392478086"},{"id":"519112ab498e4c03b314bd2a","name":"Le Panier A Brioche","location":{"address":"Old Kent Road","lat":"51.4882540645133","lng":"-0.07653356068183541","distance":"144","cc":"GB","country":"United Kingdom"},"categories":[{"id":"4bf58dd8d48988d1d0941735","name":"Dessert Shop","pluralName":"Dessert Shops","shortName":"Desserts","icon":{"prefix":"https:\/\/ss1.4sqi.net\/img\/categories_v2\/food\/dessert_","suffix":".png"},"primary":"true"}],"verified":"false","restricted":"true","stats":{"checkinsCount":"30","usersCount":"5","tipCount":"1"},"specials":{"count":"0"},"hereNow":{"count":"0"},"referralId":"v-1392478086"},{"id":"515dee83e4b0c49b469bdcd9","name":"TfL168 Bus","location":{"lat":"51.48951740869296","lng":"-0.07910483361795316","distance":"93","cc":"GB","city":"London","state":"Greater London","country":"United Kingdom"},"categories":[{"id":"4bf58dd8d48988d12b951735","name":"Bus Line","pluralName":"Bus Lines","shortName":"Bus","icon":{"prefix":"https:\/\/ss1.4sqi.net\/img\/categories_v2\/travel\/busstation_","suffix":".png"},"primary":"true"}],"verified":"false","restricted":"true","stats":{"checkinsCount":"2","usersCount":"2","tipCount":"0"},"specials":{"count":"0"},"hereNow":{"count":"0"},"referralId":"v-1392478086"},{"id":"4e58e9dfaeb7d78d9f6edcc8","name":"M & H Dry Cleaners","contact":{"phone":"+442072370472","formattedPhone":"+44 20 7237 0472"},"location":{"address":"257 Old Kent Rd","lat":"51.48952034100927","lng":"-0.0789642333984375","distance":"84","postalCode":"SE1 5LU","cc":"GB","city":"Camberwell","state":"Greater London","country":"United Kingdom"},"categories":[{"id":"4bf58dd8d48988d1fc941735","name":"Laundry Service","pluralName":"Laundry Services","shortName":"Laundry","icon":{"prefix":"https:\/\/ss1.4sqi.net\/img\/categories_v2\/shops\/laundry_","suffix":".png"},"primary":"true"}],"verified":"false","restricted":"true","stats":{"checkinsCount":"13","usersCount":"7","tipCount":"1"},"specials":{"count":"0"},"hereNow":{"count":"0"},"referralId":"v-1392478086"},{"id":"506a1ce9e4b0aef85b363414","name":"The Den","location":{"address":"36 Marcia Road","lat":"51.489784","lng":"-0.078816","distance":"89","cc":"GB","city":"London","state":"Greater London","country":"United Kingdom"},"categories":[{"id":"4f2a210c4b9023bd5841ed28","name":"Housing Development","pluralName":"Housing Developments","shortName":"Housing Development","icon":{"prefix":"https:\/\/ss1.4sqi.net\/img\/categories_v2\/building\/housingdevelopment_","suffix":".png"},"primary":"true"}],"verified":"false","restricted":"true","stats":{"checkinsCount":"19","usersCount":"2","tipCount":"0"},"specials":{"count":"0"},"hereNow":{"count":"0"},"referralId":"v-1392478086"},{"id":"4d73a1f04ab5224be5dbcf97","name":"Sports Direct","contact":{"phone":"+448443325320","formattedPhone":"+44 844 332 5320","twitter":"sportsdirectuk"},"location":{"address":"2 Humphrey St","crossStreet":"at Southernwood Retail Park","lat":"51.488709615142476","lng":"-0.07507382857493146","distance":"199","postalCode":"SE1 5JJ","cc":"GB","city":"London","state":"Greater London","country":"United Kingdom"},"categories":[{"id":"4bf58dd8d48988d1f2941735","name":"Sporting Goods Shop","pluralName":"Sporting Goods Shops","shortName":"Sporting Goods","icon":{"prefix":"https:\/\/ss1.4sqi.net\/img\/categories_v2\/shops\/sports_outdoors_","suffix":".png"},"primary":"true"}],"verified":"false","restricted":"true","stats":{"checkinsCount":"92","usersCount":"55","tipCount":"0"},"specials":{"count":"0"},"hereNow":{"count":"0"},"referralId":"v-1392478086"},{"id":"4ac518d0f964a5208aa620e3","name":"Old Kent Road Mosque","location":{"address":"365 Old Kent Road","lat":"51.48760085138644","lng":"-0.07561674700118591","distance":"241","postalCode":"SE1 5JH","cc":"GB","city":"London","state":"Greater London","country":"United Kingdom"},"categories":[{"id":"4bf58dd8d48988d138941735","name":"Mosque","pluralName":"Mosques","shortName":"Mosque","icon":{"prefix":"https:\/\/ss1.4sqi.net\/img\/categories_v2\/building\/religious_mosque_","suffix":".png"},"primary":"true"}],"verified":"false","restricted":"true","stats":{"checkinsCount":"58","usersCount":"20","tipCount":"2"},"specials":{"count":"0"},"hereNow":{"count":"0"},"referralId":"v-1392478086"},{"id":"4bbca1a68a4fb71308e93b9d","name":"Royal Mail Enquiry Office","location":{"address":"Mandela Way","lat":"51.49237","lng":"-0.08012514","distance":"378","postalCode":"SE1","cc":"GB","city":"Bermondsey","state":"Greater London","country":"United Kingdom"},"categories":[{"id":"4bf58dd8d48988d172941735","name":"Post Office","pluralName":"Post Offices","shortName":"Post Office","icon":{"prefix":"https:\/\/ss1.4sqi.net\/img\/categories_v2\/building\/postoffice_","suffix":".png"},"primary":"true"}],"verified":"false","restricted":"true","stats":{"checkinsCount":"249","usersCount":"120","tipCount":"7"},"specials":{"count":"0"},"hereNow":{"count":"0"},"referralId":"v-1392478086"},{"id":"4fa7ff76e4b047f0ee12954c","name":"Halal Way Food Centre Limited","location":{"address":"252-254 Old Kent Road","lat":"51.489735","lng":"-0.078827","distance":"86","cc":"GB","country":"United Kingdom"},"categories":[{"id":"4bf58dd8d48988d118951735","name":"Grocery Store","pluralName":"Grocery Stores","shortName":"Grocery Store","icon":{"prefix":"https:\/\/ss1.4sqi.net\/img\/categories_v2\/shops\/food_grocery_","suffix":".png"},"primary":"true"}],"verified":"false","restricted":"true","stats":{"checkinsCount":"1","usersCount":"1","tipCount":"1"},"specials":{"count":"0"},"hereNow":{"count":"0"},"referralId":"v-1392478086"}],"confident":"true"}}