{"meta":{"code":"200"},"response":{"venues":[{"id":"4abf8c03f964a520079120e3","name":"Harrods","contact":{"phone":"+442077301234","formattedPhone":"+44 20 7730 1234","twitter":"harrods"},"location":{"address":"87-135 Brompton Rd","lat":"51.49916580819443","lng":"-0.16288518905639648","distance":"14","postalCode":"SW1X 7XL","cc":"GB","city":"Knightsbridge","state":"Greater London","country":"United Kingdom"},"categories":[{"id":"4bf58dd8d48988d1f6941735","name":"Department Store","pluralName":"Department Stores","shortName":"Department Store","icon":{"prefix":"https:\/\/ss1.4sqi.net\/img\/categories_v2\/shops\/departmentstore_","suffix":".png"},"primary":"true"}],"verified":"true","restricted":"true","stats":{"checkinsCount":"84401","usersCount":"49154","tipCount":"430"},"url":"http:\/\/www.harrods.com","menu":{"type":"Menu","label":"Menu","anchor":"View Menu","url":"https:\/\/foursquare.com\/v\/harrods\/4abf8c03f964a520079120e3\/menu","mobileUrl":"https:\/\/foursquare.com\/v\/4abf8c03f964a520079120e3\/device_menu"},"specials":{"count":"0"},"hereNow":{"count":"30","groups":[{"type":"others","name":"Other people here","count":"30"}]},"referralId":"v-1392478051"},{"id":"4c653305f07e2d7fec309150","name":"Knightsbridge","location":{"address":"Everywhere!","lat":"51.500064498846314","lng":"-0.16270147636541796","distance":"86","cc":"GB","city":"Knightsbridge","state":"Greater London","country":"United Kingdom"},"categories":[{"id":"4f2a25ac4b909258e854f55f","name":"Neighborhood","pluralName":"Neighborhoods","shortName":"Neighborhood","icon":{"prefix":"https:\/\/ss1.4sqi.net\/img\/categories_v2\/parks_outdoors\/neighborhood_","suffix":".png"},"primary":"true"}],"verified":"false","restricted":"true","stats":{"checkinsCount":"11540","usersCount":"4523","tipCount":"50"},"specials":{"count":"0"},"hereNow":{"count":"2","groups":[{"type":"others","name":"Other people here","count":"2"}]},"referralId":"v-1392478051"},{"id":"4b3bb4b3f964a520467925e3","name":"Harrods Pizzeria","contact":{"phone":"+442072255941","formattedPhone":"+44 20 7225 5941","twitter":"harrods"},"location":{"address":"2nd Floor, Harrods, Brompton Road","lat":"51.498633975371334","lng":"-0.16220170383346877","distance":"83","postalCode":"SW1X 7XL","cc":"GB","city":"Knightsbridge","state":"Greater London","country":"United Kingdom"},"categories":[{"id":"4bf58dd8d48988d1ca941735","name":"Pizza Place","pluralName":"Pizza Places","shortName":"Pizza","icon":{"prefix":"https:\/\/ss1.4sqi.net\/img\/categories_v2\/food\/pizza_","suffix":".png"},"primary":"true"}],"verified":"true","restricted":"true","stats":{"checkinsCount":"4368","usersCount":"2684","tipCount":"47"},"url":"http:\/\/www.harrods.com","specials":{"count":"0"},"hereNow":{"count":"2","groups":[{"type":"others","name":"Other people here","count":"2"}]},"storeId":"","referralId":"v-1392478051"},{"id":"4ac518f4f964a520d9ae20e3","name":"Ladur\u00e9e","contact":{"phone":"+442031550111","formattedPhone":"+44 20 3155 0111","twitter":"maisonladuree"},"location":{"address":"Harrods, 135 Brompton Rd","lat":"51.4986180116915","lng":"-0.1623974485081004","distance":"79","postalCode":"SW1X 7XL","cc":"GB","city":"Knightsbridge","state":"Greater London","country":"United Kingdom"},"categories":[{"id":"4bf58dd8d48988d1d0941735","name":"Dessert Shop","pluralName":"Dessert Shops","shortName":"Desserts","icon":{"prefix":"https:\/\/ss1.4sqi.net\/img\/categories_v2\/food\/dessert_","suffix":".png"},"primary":"true"}],"verified":"true","restricted":"true","stats":{"checkinsCount":"6359","usersCount":"3891","tipCount":"71"},"url":"http:\/\/www.laduree.com","specials":{"count":"0"},"hereNow":{"count":"1","groups":[{"type":"others","name":"Other people here","count":"1"}]},"referralId":"v-1392478051"},{"id":"4b711e99f964a520503a2de3","name":"Gran Caff\u00e8 Londra","contact":{"phone":"+442075900905","formattedPhone":"+44 20 7590 0905","twitter":"grancaffelondra"},"location":{"address":"32-34 Hans Cr","crossStreet":"Next to Harrods","lat":"51.49952641966765","lng":"-0.1616797585873166","distance":"82","postalCode":"SW1X 0LZ","cc":"GB","city":"Knightsbridge","state":"Greater London","country":"United Kingdom"},"categories":[{"id":"4bf58dd8d48988d16d941735","name":"Caf\u00e9","pluralName":"Caf\u00e9s","shortName":"Caf\u00e9","icon":{"prefix":"https:\/\/ss1.4sqi.net\/img\/categories_v2\/food\/cafe_","suffix":".png"},"primary":"true"}],"verified":"false","restricted":"true","stats":{"checkinsCount":"2671","usersCount":"1712","tipCount":"46"},"url":"http:\/\/www.grancaffe.co.uk","specials":{"count":"0"},"hereNow":{"count":"6","groups":[{"type":"others","name":"Other people here","count":"6"}]},"referralId":"v-1392478051"},{"id":"50509c8be4b0b28cb0bd0785","name":"Mezzah Lounge","contact":{"phone":"+442077301234","formattedPhone":"+44 20 7730 1234","twitter":"harrods"},"location":{"address":"87\u2013135 Brompton Rd","crossStreet":"Fourth Floor, Harrods","lat":"51.49857612375041","lng":"-0.16281105319423433","distance":"79","postalCode":"SW1X 7XL","cc":"GB","city":"Knightsbrisge","state":"Greater London","country":"United Kingdom"},"categories":[{"id":"4bf58dd8d48988d115941735","name":"Middle Eastern Restaurant","pluralName":"Middle Eastern Restaurants","shortName":"Middle Eastern","icon":{"prefix":"https:\/\/ss1.4sqi.net\/img\/categories_v2\/food\/default_","suffix":".png"},"primary":"true"}],"verified":"false","restricted":"true","stats":{"checkinsCount":"1139","usersCount":"707","tipCount":"36"},"url":"http:\/\/www.harrods.com\/content\/the-store\/restaurants\/mezzah-lounge\/","specials":{"count":"0"},"hereNow":{"count":"4","groups":[{"type":"others","name":"Other people here","count":"4"}]},"referralId":"v-1392478051"},{"id":"4f4e2df0e4b0f9202571f257","name":"Pizzeria","contact":{"phone":"+442072255941","formattedPhone":"+44 20 7225 5941","twitter":"harrods"},"location":{"address":"Harrods","crossStreet":"87-135 Brompton Rd","lat":"51.49899215439065","lng":"-0.16290664672851562","distance":"33","postalCode":"SW1X 7XL","cc":"GB","city":"Knightsbridge","state":"Greater London","country":"United Kingdom"},"categories":[{"id":"4bf58dd8d48988d110941735","name":"Italian Restaurant","pluralName":"Italian Restaurants","shortName":"Italian","icon":{"prefix":"https:\/\/ss1.4sqi.net\/img\/categories_v2\/food\/italian_","suffix":".png"},"primary":"true"}],"verified":"false","restricted":"true","stats":{"checkinsCount":"239","usersCount":"204","tipCount":"2"},"url":"http:\/\/www.harrods.com","specials":{"count":"0"},"hereNow":{"count":"0"},"referralId":"v-1392478051"},{"id":"4bd1bc44a8b3a593b33a665f","name":"Harrods Ice Cream Parlour by Morelli's","contact":{"phone":"+442077301234","formattedPhone":"+44 20 7730 1234","twitter":"harrods"},"location":{"address":"Harrods, 2nd Fl.","crossStreet":"87-135 Brompton Rd.","lat":"51.49885389950878","lng":"-0.16257526928142058","distance":"50","postalCode":"SW1X 7XL","cc":"GB","city":"Knightsbridge","state":"Greater London","country":"United Kingdom"},"categories":[{"id":"4bf58dd8d48988d1c9941735","name":"Ice Cream Shop","pluralName":"Ice Cream Shops","shortName":"Ice Cream","icon":{"prefix":"https:\/\/ss1.4sqi.net\/img\/categories_v2\/food\/icecream_","suffix":".png"},"primary":"true"}],"verified":"true","restricted":"true","stats":{"checkinsCount":"978","usersCount":"763","tipCount":"15"},"specials":{"count":"0"},"hereNow":{"count":"0"},"referralId":"v-1392478051"},{"id":"4f9d8feebb3d11bba02c5b8c","name":"Caffe Concerto","contact":{"twitter":"3aziiz"},"location":{"address":"78 Brompton Rd","lat":"51.49972683903848","lng":"-0.16359329223632812","distance":"73","postalCode":"SW3 1ER","cc":"GB","city":"London","state":"Greater London","country":"United Kingdom"},"categories":[{"id":"4bf58dd8d48988d16d941735","name":"Caf\u00e9","pluralName":"Caf\u00e9s","shortName":"Caf\u00e9","icon":{"prefix":"https:\/\/ss1.4sqi.net\/img\/categories_v2\/food\/cafe_","suffix":".png"},"primary":"true"}],"verified":"false","restricted":"true","stats":{"checkinsCount":"951","usersCount":"714","tipCount":"20"},"url":"http:\/\/www.caffeconcerto.co.uk","menu":{"type":"Menu","label":"Menu","anchor":"View Menu","url":"https:\/\/foursquare.com\/v\/caffe-concerto\/4f9d8feebb3d11bba02c5b8c\/menu","mobileUrl":"https:\/\/foursquare.com\/v\/4f9d8feebb3d11bba02c5b8c\/device_menu"},"specials":{"count":"0"},"hereNow":{"count":"1","groups":[{"type":"others","name":"Other people here","count":"1"}]},"referralId":"v-1392478051"},{"id":"4ef337567ee5e5892aa47144","name":"Godiva","contact":{"phone":"+442077301234","formattedPhone":"+44 20 7730 1234"},"location":{"address":"Harrods","crossStreet":"Hans Rd","lat":"51.499138549097374","lng":"-0.16417549329139153","distance":"96","postalCode":"SW1W 8EL","cc":"GB","city":"Knightsbridge","state":"Greater London","country":"United Kingdom"},"categories":[{"id":"4bf58dd8d48988d117951735","name":"Candy Store","pluralName":"Candy Stores","shortName":"Candy Store","icon":{"prefix":"https:\/\/ss1.4sqi.net\/img\/categories_v2\/shops\/candystore_","suffix":".png"},"primary":"true"}],"verified":"true","restricted":"true","stats":{"checkinsCount":"2616","usersCount":"1509","tipCount":"45"},"url":"http:\/\/www.godivachocolates.eu","specials":{"count":"0"},"hereNow":{"count":"0"},"storeId":"godiva-be_93_en","referralId":"v-1392478051"},{"id":"4ac518e2f964a5208caa20e3","name":"Zia Teresa","contact":{"phone":"+442075897634","formattedPhone":"+44 20 7589 7634"},"location":{"address":"6 Hans Rd","lat":"51.49892348656215","lng":"-0.16343878247773944","distance":"59","postalCode":"SW3 1RX","cc":"GB","city":"London","state":"Greater London","country":"United Kingdom"},"categories":[{"id":"4bf58dd8d48988d110941735","name":"Italian Restaurant","pluralName":"Italian Restaurants","shortName":"Italian","icon":{"prefix":"https:\/\/ss1.4sqi.net\/img\/categories_v2\/food\/italian_","suffix":".png"},"primary":"true"}],"verified":"false","restricted":"true","stats":{"checkinsCount":"602","usersCount":"359","tipCount":"13"},"url":"http:\/\/www.ziateresa.co.uk","reservations":{"url":"http:\/\/www.toptable.co.uk\/single.aspx?rid=70846&ref=9601"},"menu":{"type":"Menu","label":"Menu","anchor":"View Menu","url":"https:\/\/foursquare.com\/v\/zia-teresa\/4ac518e2f964a5208caa20e3\/menu","mobileUrl":"https:\/\/foursquare.com\/v\/4ac518e2f964a5208caa20e3\/device_menu"},"specials":{"count":"0"},"hereNow":{"count":"0"},"referralId":"v-1392478051"},{"id":"4ebc109e30f8ec57ef37a0df","name":"The Tea Room","contact":{"phone":"+442077301234","formattedPhone":"+44 20 7730 1234","twitter":"harrods"},"location":{"address":"Harrods","crossStreet":"87-135 Brompton Road","lat":"51.49862310406905","lng":"-0.16196874996814084","distance":"94","postalCode":"SW1X 7XL","cc":"GB","city":"London","state":"Greater London","country":"United Kingdom"},"categories":[{"id":"4bf58dd8d48988d1dc931735","name":"Tea Room","pluralName":"Tea Rooms","shortName":"Tea Room","icon":{"prefix":"https:\/\/ss1.4sqi.net\/img\/categories_v2\/food\/tearoom_","suffix":".png"},"primary":"true"}],"verified":"true","restricted":"true","stats":{"checkinsCount":"1539","usersCount":"1106","tipCount":"18"},"url":"http:\/\/www.harrods.com\/content\/the-store\/restaurants\/the-tea-room\/","specials":{"count":"0"},"hereNow":{"count":"0"},"referralId":"v-1392478051"},{"id":"4bf6469dabdaef3b133ba184","name":"Louis Vuitton","contact":{"phone":"+442073994055","formattedPhone":"+44 20 7399 4055","twitter":"louisvuitton"},"location":{"address":"Harrods Ground Floor, 87 Brompton Road Knightsbridge","crossStreet":"87 Brompton Rd.","lat":"51.49966","lng":"-0.16331434249878","distance":"54","postalCode":"SW1X 7XL","cc":"GB","city":"London","state":"Greater London","country":"United Kingdom"},"categories":[{"id":"4bf58dd8d48988d102951735","name":"Accessories Store","pluralName":"Accessories Stores","shortName":"Accessories","icon":{"prefix":"https:\/\/ss1.4sqi.net\/img\/categories_v2\/shops\/apparel_accessories_","suffix":".png"},"primary":"true"}],"verified":"true","restricted":"true","stats":{"checkinsCount":"3605","usersCount":"2689","tipCount":"38"},"specials":{"count":"0"},"hereNow":{"count":"0"},"storeId":"","referralId":"v-1392478051"},{"id":"51ff8c5b498eaa382dedf1a5","name":"Harrods Christmas World","location":{"address":"87-135 Brompton Rd","lat":"51.49919451142883","lng":"-0.16277252418417335","distance":"10","postalCode":"SW1X 7XL","cc":"GB","city":"London","state":"Greater London","country":"United Kingdom"},"categories":[{"id":"4bf58dd8d48988d1f6941735","name":"Department Store","pluralName":"Department Stores","shortName":"Department Store","icon":{"prefix":"https:\/\/ss1.4sqi.net\/img\/categories_v2\/shops\/departmentstore_","suffix":".png"},"primary":"true"}],"verified":"false","restricted":"true","stats":{"checkinsCount":"77","usersCount":"69","tipCount":"1"},"specials":{"count":"0"},"hereNow":{"count":"0"},"referralId":"v-1392478051"},{"id":"4b115c46f964a520e57a23e3","name":"Urban Retreat (Knightsbridge)","contact":{"phone":"+442078938333","formattedPhone":"+44 20 7893 8333"},"location":{"address":"Knightsbridge","crossStreet":"5th Floor, Harrods","lat":"51.499404","lng":"-0.161964","distance":"59","postalCode":"SW1X 7XL","cc":"GB","city":"London","state":"Greater London","country":"United Kingdom"},"categories":[{"id":"4bf58dd8d48988d1ed941735","name":"Spa","pluralName":"Spas","shortName":"Spa","icon":{"prefix":"https:\/\/ss1.4sqi.net\/img\/categories_v2\/shops\/spa_","suffix":".png"},"primary":"true"}],"verified":"false","restricted":"true","stats":{"checkinsCount":"664","usersCount":"274","tipCount":"7"},"url":"http:\/\/www.urbanretreat.co.uk","specials":{"count":"0"},"hereNow":{"count":"0"},"referralId":"v-1392478051"},{"id":"4ad74760f964a520360921e3","name":"Richoux","contact":{"phone":"+442074932204","formattedPhone":"+44 20 7493 2204"},"location":{"address":"86 Brompton Rd","lat":"51.49973452641628","lng":"-0.16347102173341305","distance":"67","postalCode":"SW3 1ER","cc":"GB","city":"Knightsbridge","state":"Greater London","country":"United Kingdom"},"categories":[{"id":"4bf58dd8d48988d10c941735","name":"French Restaurant","pluralName":"French Restaurants","shortName":"French","icon":{"prefix":"https:\/\/ss1.4sqi.net\/img\/categories_v2\/food\/french_","suffix":".png"},"primary":"true"}],"verified":"false","restricted":"true","stats":{"checkinsCount":"608","usersCount":"499","tipCount":"9"},"url":"http:\/\/www.richouxknightsbridge.com\/menus.php","reservations":{"url":"http:\/\/www.toptable.co.uk\/single.aspx?rid=85891&ref=9601"},"menu":{"type":"Menu","label":"Menu","anchor":"View Menu","url":"https:\/\/foursquare.com\/v\/richoux\/4ad74760f964a520360921e3\/menu","mobileUrl":"https:\/\/foursquare.com\/v\/4ad74760f964a520360921e3\/device_menu"},"specials":{"count":"0"},"hereNow":{"count":"0"},"referralId":"v-1392478051"},{"id":"509668b5e4b0e34d638265a8","name":"Disney cafe harrods","location":{"address":"Harrods","lat":"51.499098604786134","lng":"-0.1632231382121904","distance":"36","cc":"GB","city":"London","state":"Greater London","country":"United Kingdom"},"categories":[{"id":"4bf58dd8d48988d16d941735","name":"Caf\u00e9","pluralName":"Caf\u00e9s","shortName":"Caf\u00e9","icon":{"prefix":"https:\/\/ss1.4sqi.net\/img\/categories_v2\/food\/cafe_","suffix":".png"},"primary":"true"}],"verified":"false","restricted":"true","stats":{"checkinsCount":"161","usersCount":"156","tipCount":"6"},"specials":{"count":"0"},"hereNow":{"count":"0"},"referralId":"v-1392478051"},{"id":"525d2321498edce386902ddc","name":"Karak & Chapatti | \u0643\u0631\u0643 \u0648 \u062c\u0628\u0627\u062a\u064a","location":{"address":"Harrods","crossStreet":"Basil St.","lat":"51.49849874720626","lng":"-0.1629887140513846","distance":"88","cc":"GB","city":"Central London","state":"Greater London","country":"United Kingdom"},"categories":[{"id":"4bf58dd8d48988d16d941735","name":"Caf\u00e9","pluralName":"Caf\u00e9s","shortName":"Caf\u00e9","icon":{"prefix":"https:\/\/ss1.4sqi.net\/img\/categories_v2\/food\/cafe_","suffix":".png"},"primary":"true"}],"verified":"false","restricted":"true","stats":{"checkinsCount":"88","usersCount":"76","tipCount":"0"},"specials":{"count":"0"},"hereNow":{"count":"0"},"referralId":"v-1392478051"},{"id":"4e722b19b61cc811d3f69ef7","name":"Oyster Bar","location":{"address":"Harrods","lat":"51.499218918362864","lng":"-0.16360983445424657","distance":"56","cc":"GB","city":"Kensington","state":"Greater London","country":"United Kingdom"},"categories":[{"id":"4bf58dd8d48988d1ce941735","name":"Seafood Restaurant","pluralName":"Seafood Restaurants","shortName":"Seafood","icon":{"prefix":"https:\/\/ss1.4sqi.net\/img\/categories_v2\/food\/seafood_","suffix":".png"},"primary":"true"}],"verified":"false","restricted":"true","stats":{"checkinsCount":"188","usersCount":"109","tipCount":"1"},"specials":{"count":"0"},"hereNow":{"count":"0"},"referralId":"v-1392478051"},{"id":"4f6b3e40e4b018b41741d090","name":"mango tree at Harrods","location":{"lat":"51.49964405227116","lng":"-0.16266136046195218","distance":"40","cc":"GB","country":"United Kingdom"},"categories":[{"id":"4bf58dd8d48988d142941735","name":"Asian Restaurant","pluralName":"Asian Restaurants","shortName":"Asian","icon":{"prefix":"https:\/\/ss1.4sqi.net\/img\/categories_v2\/food\/asian_","suffix":".png"},"primary":"true"}],"verified":"false","restricted":"true","stats":{"checkinsCount":"98","usersCount":"88","tipCount":"2"},"specials":{"count":"0"},"hereNow":{"count":"0"},"referralId":"v-1392478051"},{"id":"51a0c58b498ed446439aae2d","name":"Harrods Food Halls","contact":{"phone":"+442077301234","formattedPhone":"+44 20 7730 1234","twitter":"harrods"},"location":{"address":"87-135 Brompton Rd","lat":"51.50041338435699","lng":"-0.1625861196911987","distance":"126","postalCode":"SW1X 7XL","cc":"GB","city":"Knightsbridge","state":"Greater London","country":"United Kingdom"},"categories":[{"id":"4bf58dd8d48988d1f5941735","name":"Gourmet Shop","pluralName":"Gourmet Shops","shortName":"Gourmet","icon":{"prefix":"https:\/\/ss1.4sqi.net\/img\/categories_v2\/shops\/food_gourmet_","suffix":".png"},"primary":"true"}],"verified":"false","restricted":"true","stats":{"checkinsCount":"430","usersCount":"413","tipCount":"5"},"url":"http:\/\/www.harrods.com","specials":{"count":"0"},"hereNow":{"count":"2","groups":[{"type":"others","name":"Other people here","count":"2"}]},"referralId":"v-1392478051"},{"id":"4eecb8b546907303be2400e7","name":"National Geographic Cafe","contact":{"phone":"+442075894583","formattedPhone":"+44 20 7589 4583"},"location":{"address":"102 Brompton Rd.","lat":"51.4995700617003","lng":"-0.16416669186089436","distance":"99","postalCode":"SW3 1JJ","cc":"GB","city":"Knightsbridge","state":"Greater London","country":"United Kingdom"},"categories":[{"id":"4bf58dd8d48988d16d941735","name":"Caf\u00e9","pluralName":"Caf\u00e9s","shortName":"Caf\u00e9","icon":{"prefix":"https:\/\/ss1.4sqi.net\/img\/categories_v2\/food\/cafe_","suffix":".png"},"primary":"true"}],"verified":"false","restricted":"true","stats":{"checkinsCount":"570","usersCount":"537","tipCount":"6"},"url":"http:\/\/www.nglondonstore.co.uk\/cafe\/cafe.html","menu":{"type":"Menu","label":"Menu","anchor":"View Menu","url":"https:\/\/foursquare.com\/v\/national-geographic-cafe\/4eecb8b546907303be2400e7\/menu","mobileUrl":"https:\/\/foursquare.com\/v\/4eecb8b546907303be2400e7\/device_menu"},"specials":{"count":"0"},"hereNow":{"count":"0"},"referralId":"v-1392478051"},{"id":"4c488066972c0f47e7372721","name":"Christie's","location":{"address":"South Kensington","crossStreet":"85 Brompton Rd","lat":"51.49870880653376","lng":"-0.1631217457533585","distance":"68","cc":"GB","country":"United Kingdom"},"categories":[{"id":"4bf58dd8d48988d116951735","name":"Antique Shop","pluralName":"Antique Shops","shortName":"Antiques","icon":{"prefix":"https:\/\/ss1.4sqi.net\/img\/categories_v2\/shops\/antique_","suffix":".png"},"primary":"true"}],"verified":"false","restricted":"true","stats":{"checkinsCount":"120","usersCount":"26","tipCount":"0"},"specials":{"count":"0"},"hereNow":{"count":"0"},"referralId":"v-1392478051"},{"id":"4bdebfd06198c9b6aaab14ff","name":"Zara","location":{"address":"79-81 Brompton Rd","lat":"51.50000740220362","lng":"-0.163009641352119","distance":"81","cc":"GB","city":"London","state":"Greater London","country":"United Kingdom"},"categories":[{"id":"4bf58dd8d48988d103951735","name":"Clothing Store","pluralName":"Clothing Stores","shortName":"Apparel","icon":{"prefix":"https:\/\/ss1.4sqi.net\/img\/categories_v2\/shops\/apparel_","suffix":".png"},"primary":"true"}],"verified":"false","restricted":"true","stats":{"checkinsCount":"682","usersCount":"549","tipCount":"2"},"url":"http:\/\/www.zara.com","specials":{"count":"0"},"hereNow":{"count":"0"},"referralId":"v-1392478051"},{"id":"4b9be140f964a520b63036e3","name":"Chocolate Bar at Harrods","location":{"address":"87 Brompton Rd","lat":"51.499337","lng":"-0.162943","distance":"11","postalCode":"SW1X","cc":"GB","city":"London","state":"Greater London","country":"United Kingdom"},"categories":[{"id":"4bf58dd8d48988d16d941735","name":"Caf\u00e9","pluralName":"Caf\u00e9s","shortName":"Caf\u00e9","icon":{"prefix":"https:\/\/ss1.4sqi.net\/img\/categories_v2\/food\/cafe_","suffix":".png"},"primary":"true"}],"verified":"false","restricted":"true","stats":{"checkinsCount":"313","usersCount":"252","tipCount":"5"},"specials":{"count":"0"},"hereNow":{"count":"0"},"referralId":"v-1392478051"},{"id":"4dc2b37fb0fb490416b4edc7","name":"Ca'puccino @ Harrods","location":{"lat":"51.49990418720715","lng":"-0.1633187015229726","distance":"77","cc":"GB","city":"Knightsbridge","state":"Greater London","country":"United Kingdom"},"categories":[{"id":"4bf58dd8d48988d1e0931735","name":"Coffee Shop","pluralName":"Coffee Shops","shortName":"Coffee Shop","icon":{"prefix":"https:\/\/ss1.4sqi.net\/img\/categories_v2\/food\/coffeeshop_","suffix":".png"},"primary":"true"}],"verified":"false","restricted":"true","stats":{"checkinsCount":"334","usersCount":"231","tipCount":"4"},"specials":{"count":"0"},"hereNow":{"count":"0"},"referralId":"v-1392478051"},{"id":"4b90c48bf964a520c29633e3","name":"EAT.","contact":{"phone":"+442076368335","formattedPhone":"+44 20 7636 8335","twitter":"eat_news"},"location":{"address":"106\/108 Brompton Road","lat":"51.499137818442264","lng":"-0.1641972308866233","distance":"98","postalCode":"SW3 1JJ","cc":"GB","city":"London","state":"Greater London","country":"United Kingdom"},"categories":[{"id":"4bf58dd8d48988d1c5941735","name":"Sandwich Place","pluralName":"Sandwich Places","shortName":"Sandwiches","icon":{"prefix":"https:\/\/ss1.4sqi.net\/img\/categories_v2\/food\/sandwiches_","suffix":".png"},"primary":"true"}],"verified":"true","restricted":"true","stats":{"checkinsCount":"775","usersCount":"487","tipCount":"7"},"url":"http:\/\/www.eat.co.uk","specials":{"count":"0"},"hereNow":{"count":"0"},"storeId":"EAT - Brompton Road","referralId":"v-1392478051"},{"id":"4b5328eef964a520b09027e3","name":"Caf\u00e9 Rouge","contact":{"phone":"+442075842345","formattedPhone":"+44 20 7584 2345","twitter":"caferougetweet","facebook":"207511922592337"},"location":{"address":"27-31 Basil St","lat":"51.49864484479821","lng":"-0.16222000122070312","distance":"82","postalCode":"SW3 1BB","cc":"GB","city":"Knightsbridge","state":"Greater London","country":"United Kingdom"},"categories":[{"id":"4bf58dd8d48988d10c941735","name":"French Restaurant","pluralName":"French Restaurants","shortName":"French","icon":{"prefix":"https:\/\/ss1.4sqi.net\/img\/categories_v2\/food\/french_","suffix":".png"},"primary":"true"}],"verified":"true","restricted":"true","stats":{"checkinsCount":"1347","usersCount":"1055","tipCount":"20"},"url":"http:\/\/www.caferouge.co.uk\/french-restaurant\/knightsbridge","specials":{"count":"0"},"hereNow":{"count":"0"},"storeId":"8103933","referralId":"v-1392478051"},{"id":"4bf63753004ed13a922342a0","name":"Topshop","contact":{"twitter":"topshop"},"location":{"address":"70 Brompton Rd","lat":"51.500177062530156","lng":"-0.1630954399804169","distance":"100","postalCode":"SW3 1ER","cc":"GB","city":"Knightsbridge","state":"Greater London","country":"United Kingdom"},"categories":[{"id":"4bf58dd8d48988d108951735","name":"Women's Store","pluralName":"Women's Stores","shortName":"Women's Store","icon":{"prefix":"https:\/\/ss1.4sqi.net\/img\/categories_v2\/shops\/apparel_women_","suffix":".png"},"primary":"true"}],"verified":"true","restricted":"true","stats":{"checkinsCount":"1132","usersCount":"919","tipCount":"6"},"url":"http:\/\/www.topshop.com","specials":{"count":"0"},"hereNow":{"count":"0"},"storeId":"1054","referralId":"v-1392478051"},{"id":"4ac518e6f964a5200dab20e3","name":"The Georgian Restaurant","location":{"address":"87-135 Brompton Road","lat":"51.49886178295224","lng":"-0.16338715392283198","distance":"62","postalCode":"SW1X 7XL","cc":"GB","city":"London","state":"Greater London","country":"United Kingdom"},"categories":[{"id":"4bf58dd8d48988d10c941735","name":"French Restaurant","pluralName":"French Restaurants","shortName":"French","icon":{"prefix":"https:\/\/ss1.4sqi.net\/img\/categories_v2\/food\/french_","suffix":".png"},"primary":"true"}],"verified":"false","restricted":"true","stats":{"checkinsCount":"450","usersCount":"372","tipCount":"8"},"specials":{"count":"0"},"hereNow":{"count":"0"},"referralId":"v-1392478051"}],"confident":"true"}}