{"meta":{"code":"200"},"response":{"venues":[{"id":"4b20abbbf964a520cc3324e3","name":"Burgess Park","location":{"address":"Camberwell Rd.","crossStreet":"Albany Rd.","lat":"51.48242521151098","lng":"-0.08578777313232422","distance":"293","postalCode":"SE5","cc":"GB","city":"Walworth","state":"Greater London","country":"United Kingdom"},"categories":[{"id":"4bf58dd8d48988d163941735","name":"Park","pluralName":"Parks","shortName":"Park","icon":{"prefix":"https:\/\/ss1.4sqi.net\/img\/categories_v2\/parks_outdoors\/park_","suffix":".png"},"primary":"true"}],"verified":"false","restricted":"true","stats":{"checkinsCount":"1592","usersCount":"500","tipCount":"15"},"specials":{"count":"0"},"hereNow":{"count":"0"},"referralId":"v-1392478098"},{"id":"4cfa5abfee9cb60cd8b289ad","name":"Park Life","contact":{"phone":"+442072526556","formattedPhone":"+44 20 7252 6556"},"location":{"address":"Burgess Park","lat":"51.483897","lng":"-0.084009","distance":"94","postalCode":"SE5 0RJ","cc":"GB","city":"London","state":"Greater London","country":"United Kingdom"},"categories":[{"id":"4bf58dd8d48988d16d941735","name":"Caf\u00e9","pluralName":"Caf\u00e9s","shortName":"Caf\u00e9","icon":{"prefix":"https:\/\/ss1.4sqi.net\/img\/categories_v2\/food\/cafe_","suffix":".png"},"primary":"true"}],"verified":"false","restricted":"true","stats":{"checkinsCount":"38","usersCount":"31","tipCount":"4"},"specials":{"count":"0"},"hereNow":{"count":"0"},"referralId":"v-1392478098"},{"id":"4bd72dcd304fce725d2e33ab","name":"Hour Glass Hotel Walworth","location":{"address":"131 Beaconsfield Rd Camberwell Greater London SE17","lat":"51.486456","lng":"-0.084347","distance":"263","cc":"GB","city":"Walworth","state":"Greater London","country":"United Kingdom"},"categories":[{"id":"4bf58dd8d48988d11b941735","name":"Pub","pluralName":"Pubs","shortName":"Pub","icon":{"prefix":"https:\/\/ss1.4sqi.net\/img\/categories_v2\/nightlife\/pub_","suffix":".png"},"primary":"true"}],"verified":"false","restricted":"true","stats":{"checkinsCount":"91","usersCount":"50","tipCount":"0"},"specials":{"count":"0"},"hereNow":{"count":"0"},"referralId":"v-1392478098"},{"id":"4c20e5f3d4dec9283a1d1c3e","name":"Thomas A Becket","location":{"address":"102 Old Kent Rd.","lat":"51.48814886291058","lng":"-0.07652154978015498","distance":"611","postalCode":"SE17 2","cc":"GB","city":"Camberwell","state":"Greater London","country":"United Kingdom"},"categories":[{"id":"4bf58dd8d48988d116941735","name":"Bar","pluralName":"Bars","shortName":"Bar","icon":{"prefix":"https:\/\/ss1.4sqi.net\/img\/categories_v2\/nightlife\/bar_","suffix":".png"},"primary":"true"}],"verified":"false","restricted":"true","stats":{"checkinsCount":"448","usersCount":"132","tipCount":"5"},"url":"http:\/\/www.thomasabecket.com","reservations":{"url":"http:\/\/www.toptable.co.uk\/single.aspx?rid=94395&ref=9601"},"menu":{"type":"Menu","label":"Menu","anchor":"View Menu","url":"https:\/\/foursquare.com\/v\/thomas-a-becket\/4c20e5f3d4dec9283a1d1c3e\/menu","mobileUrl":"https:\/\/foursquare.com\/v\/4c20e5f3d4dec9283a1d1c3e\/device_menu"},"specials":{"count":"0"},"hereNow":{"count":"0"},"referralId":"v-1392478098"},{"id":"5202920f498e012705f4c984","name":"Burgess Park BMX Track","location":{"lat":"51.4825337193178","lng":"-0.08694196836349921","distance":"347","cc":"GB","country":"United Kingdom"},"categories":[{"id":"4bf58dd8d48988d167941735","name":"Skate Park","pluralName":"Skate Parks","shortName":"Skate Park","icon":{"prefix":"https:\/\/ss1.4sqi.net\/img\/categories_v2\/parks_outdoors\/skate_park_","suffix":".png"},"primary":"true"}],"verified":"false","restricted":"true","stats":{"checkinsCount":"10","usersCount":"7","tipCount":"3"},"specials":{"count":"0"},"hereNow":{"count":"0"},"referralId":"v-1392478098"},{"id":"4b5af090f964a52047db28e3","name":"Chumleigh Gardens","location":{"address":"Burgess Park","crossStreet":"Albany Road","lat":"51.48352062015924","lng":"-0.08453154894345932","distance":"147","postalCode":"SE5 0RJ","cc":"GB","city":"London","state":"Greater London","country":"United Kingdom"},"categories":[{"id":"4bf58dd8d48988d15a941735","name":"Garden","pluralName":"Gardens","shortName":"Garden","icon":{"prefix":"https:\/\/ss1.4sqi.net\/img\/categories_v2\/parks_outdoors\/garden_","suffix":".png"},"primary":"true"}],"verified":"false","restricted":"true","stats":{"checkinsCount":"51","usersCount":"32","tipCount":"2"},"specials":{"count":"0"},"hereNow":{"count":"0"},"referralId":"v-1392478098"},{"id":"4d88a14d0c422d431978f430","name":"Art in the Park studio","contact":{"phone":"+442072774297","formattedPhone":"+44 20 7277 4297","twitter":"artintheparktwt"},"location":{"address":"Chumleigh Gardens, Chumleigh Street","crossStreet":"Burgess Park","lat":"51.48413545","lng":"-0.0849213","distance":"147","postalCode":"SE5 0RJ","cc":"GB","city":"London","state":"Greater London","country":"United Kingdom"},"categories":[{"id":"4bf58dd8d48988d130941735","name":"Building","pluralName":"Buildings","shortName":"Building","icon":{"prefix":"https:\/\/ss1.4sqi.net\/img\/categories_v2\/building\/default_","suffix":".png"},"primary":"true"}],"verified":"true","restricted":"true","stats":{"checkinsCount":"9","usersCount":"5","tipCount":"1"},"url":"http:\/\/www.artinthepark.co.uk","specials":{"count":"0"},"hereNow":{"count":"0"},"referralId":"v-1392478098"},{"id":"4bebb9e762c0c9286d77e2d4","name":"1st Place Children's Centre","location":{"address":"Burgess park","lat":"51.4855946667973","lng":"-0.08243371047109056","distance":"147","postalCode":"SE15 6","cc":"GB","city":"Camberwell","state":"Greater London","country":"United Kingdom"},"categories":[{"id":"4bf58dd8d48988d1a8941735","name":"General College & University","pluralName":"General Colleges & Universities","shortName":"Education","icon":{"prefix":"https:\/\/ss1.4sqi.net\/img\/categories_v2\/education\/other_","suffix":".png"},"primary":"true"}],"verified":"false","restricted":"true","stats":{"checkinsCount":"56","usersCount":"8","tipCount":"1"},"specials":{"count":"0"},"hereNow":{"count":"0"},"referralId":"v-1392478098"},{"id":"5109da078055078ba50b9a73","name":"South City Court","location":{"address":"52 Peckham Grove","lat":"51.47848299584817","lng":"-0.08153915405273438","distance":"652","postalCode":"SE15 6AL","cc":"GB","city":"London","state":"Greater London","country":"United Kingdom"},"categories":[{"id":"4d954b06a243a5684965b473","name":"Residential Building (Apartment \/ Condo)","pluralName":"Residential Buildings (Apartments \/ Condos)","shortName":"Residential","icon":{"prefix":"https:\/\/ss1.4sqi.net\/img\/categories_v2\/building\/apartment_","suffix":".png"},"primary":"true"}],"verified":"false","restricted":"true","stats":{"checkinsCount":"92","usersCount":"12","tipCount":"8"},"specials":{"count":"0"},"hereNow":{"count":"0"},"referralId":"v-1392478098"},{"id":"526bb188498eb396d43567d5","name":"Bus Stop WN - Dunton Road","location":{"lat":"51.488497500469585","lng":"-0.07709025372939508","distance":"613","cc":"GB","country":"United Kingdom"},"categories":[{"id":"4bf58dd8d48988d1fe931735","name":"Bus Station","pluralName":"Bus Stations","shortName":"Bus Station","icon":{"prefix":"https:\/\/ss1.4sqi.net\/img\/categories_v2\/travel\/busstation_","suffix":".png"},"primary":"true"}],"verified":"false","restricted":"true","stats":{"checkinsCount":"13","usersCount":"2","tipCount":"0"},"specials":{"count":"0"},"hereNow":{"count":"0"},"referralId":"v-1392478098"},{"id":"52dba9c4498e7a132233466c","name":"Alsace Road Bus Stop (Stop A, Northbound)","location":{"lat":"51.487198","lng":"-0.084651","distance":"348","cc":"GB","country":"United Kingdom"},"categories":[{"id":"4bf58dd8d48988d12b951735","name":"Bus Line","pluralName":"Bus Lines","shortName":"Bus","icon":{"prefix":"https:\/\/ss1.4sqi.net\/img\/categories_v2\/travel\/busstation_","suffix":".png"},"primary":"true"}],"verified":"false","restricted":"true","stats":{"checkinsCount":"1","usersCount":"1","tipCount":"0"},"specials":{"count":"0"},"hereNow":{"count":"0"},"referralId":"v-1392478098"},{"id":"50e24767e4b06fa9a87875e4","name":"Lapland","location":{"lat":"51.47996520996094","lng":"-0.08125530183315277","distance":"493","cc":"GB","country":"United Kingdom"},"categories":[{"id":"4bf58dd8d48988d1d4941735","name":"Speakeasy","pluralName":"Speakeasies","shortName":"Speakeasy","icon":{"prefix":"https:\/\/ss1.4sqi.net\/img\/categories_v2\/nightlife\/secretbar_","suffix":".png"},"primary":"true"}],"verified":"true","restricted":"true","stats":{"checkinsCount":"31","usersCount":"12","tipCount":"1"},"specials":{"count":"1","items":[{"id":"50e482d283025f9cceae1c9f","type":"frequency","message":"Get a special hug on your 5th visit to our land","description":"Unlocked every 5 check-ins","finePrint":"Subject to availability, no dress code required","icon":"frequency","title":"Loyalty Special","provider":"foursquare","redemption":"standard","page":{"id":"44920134","firstName":"Lapland","gender":"none","photo":{"prefix":"https:\/\/irs3.4sqi.net\/img\/user\/","suffix":"\/44920134-TC2HCUY2AHL1P1V5.png"},"type":"venuePage","venue":{"id":"50e24767e4b06fa9a87875e4"},"tips":{"count":"0"},"homeCity":"","bio":""}}]},"hereNow":{"count":"0"},"venuePage":{"id":"44920134"},"referralId":"v-1392478098"},{"id":"4fa141f8e4b00c5d71b30488","name":"Kinglake Estate","location":{"crossStreet":"Old Kent Road","lat":"51.48795112958042","lng":"-0.08106646831360806","distance":"425","postalCode":"SE17","cc":"GB","city":"Southwark","state":"Greater London","country":"United Kingdom"},"categories":[{"id":"4f2a25ac4b909258e854f55f","name":"Neighborhood","pluralName":"Neighborhoods","shortName":"Neighborhood","icon":{"prefix":"https:\/\/ss1.4sqi.net\/img\/categories_v2\/parks_outdoors\/neighborhood_","suffix":".png"},"primary":"true"}],"verified":"false","restricted":"true","stats":{"checkinsCount":"22","usersCount":"8","tipCount":"0"},"specials":{"count":"0"},"hereNow":{"count":"0"},"referralId":"v-1392478098"},{"id":"4daa2f286a2303012f08ad2e","name":"Peckham Palace","location":{"lat":"51.479577190826326","lng":"-0.08167247102987105","distance":"530","cc":"GB","city":"Camberwell","state":"Greater London","country":"United Kingdom"},"categories":[{"id":"4bf58dd8d48988d171941735","name":"Event Space","pluralName":"Event Spaces","shortName":"Event Space","icon":{"prefix":"https:\/\/ss1.4sqi.net\/img\/categories_v2\/building\/eventspace_","suffix":".png"},"primary":"true"}],"verified":"false","restricted":"true","stats":{"checkinsCount":"10","usersCount":"5","tipCount":"0"},"specials":{"count":"0"},"hereNow":{"count":"0"},"referralId":"v-1392478098"},{"id":"4e9bef43775b2c05ae65af63","name":"Villa Street Medical Centre","location":{"lat":"51.48663734990585","lng":"-0.08835960684335702","distance":"465","cc":"GB","city":"Camberwell","state":"Greater London","country":"United Kingdom"},"categories":[{"id":"4bf58dd8d48988d104941735","name":"Medical Center","pluralName":"Medical Centers","shortName":"Medical","icon":{"prefix":"https:\/\/ss1.4sqi.net\/img\/categories_v2\/building\/medical_","suffix":".png"},"primary":"true"}],"verified":"false","restricted":"true","stats":{"checkinsCount":"39","usersCount":"15","tipCount":"2"},"specials":{"count":"0"},"hereNow":{"count":"0"},"referralId":"v-1392478098"},{"id":"50a09c0be4b094dc64c0a560","name":"One4one","location":{"lat":"51.484749","lng":"-0.079661","distance":"223","cc":"GB","country":"United Kingdom"},"categories":[{"id":"4bf58dd8d48988d11f941735","name":"Nightclub","pluralName":"Nightclubs","shortName":"Nightclub","icon":{"prefix":"https:\/\/ss1.4sqi.net\/img\/categories_v2\/nightlife\/nightclub_","suffix":".png"},"primary":"true"}],"verified":"false","restricted":"true","stats":{"checkinsCount":"0","usersCount":"0","tipCount":"0"},"specials":{"count":"0"},"hereNow":{"count":"0"},"referralId":"v-1392478098"},{"id":"4ee24e080e01e353507e2f42","name":"Alsace Road Bus Stop (Southbound)","location":{"lat":"51.48657316057124","lng":"-0.08428892233222789","distance":"274","cc":"GB","country":"United Kingdom"},"categories":[{"id":"4bf58dd8d48988d12b951735","name":"Bus Line","pluralName":"Bus Lines","shortName":"Bus","icon":{"prefix":"https:\/\/ss1.4sqi.net\/img\/categories_v2\/travel\/busstation_","suffix":".png"},"primary":"true"}],"verified":"false","restricted":"true","stats":{"checkinsCount":"26","usersCount":"16","tipCount":"1"},"specials":{"count":"0"},"hereNow":{"count":"0"},"referralId":"v-1392478098"},{"id":"4e7475057d8b9176029abbc3","name":"Thurlow Lodge Community Hall","location":{"address":"Thurlow Strert","lat":"51.48651209150061","lng":"-0.08405985394590319","distance":"262","postalCode":"SE17","cc":"GB","city":"Camberwell","state":"Greater London","country":"United Kingdom"},"categories":[{"id":"4bf58dd8d48988d1f1931735","name":"General Entertainment","pluralName":"General Entertainment","shortName":"Entertainment","icon":{"prefix":"https:\/\/ss1.4sqi.net\/img\/categories_v2\/arts_entertainment\/default_","suffix":".png"},"primary":"true"}],"verified":"false","restricted":"true","stats":{"checkinsCount":"9","usersCount":"6","tipCount":"0"},"specials":{"count":"0"},"hereNow":{"count":"0"},"referralId":"v-1392478098"},{"id":"4f60c50ae4b039028f8c924f","name":"East Street Surgery","location":{"address":"301 East Street","lat":"51.49038232968697","lng":"-0.0824089948166573","distance":"678","postalCode":"SE17 2SX","cc":"GB","city":"London","state":"Greater London","country":"United Kingdom"},"categories":[{"id":"4bf58dd8d48988d177941735","name":"Doctor's Office","pluralName":"Doctor's Offices","shortName":"Doctor's Office","icon":{"prefix":"https:\/\/ss1.4sqi.net\/img\/categories_v2\/building\/medical_doctorsoffice_","suffix":".png"},"primary":"true"}],"verified":"false","restricted":"true","stats":{"checkinsCount":"10","usersCount":"6","tipCount":"0"},"specials":{"count":"0"},"hereNow":{"count":"0"},"referralId":"v-1392478098"},{"id":"521324a0498e2a1f7a404e68","name":"Aylesbury Health Centre","location":{"lat":"51.48837800974101","lng":"-0.08652057110512633","distance":"523","cc":"GB","country":"United Kingdom"},"categories":[{"id":"4bf58dd8d48988d104941735","name":"Medical Center","pluralName":"Medical Centers","shortName":"Medical","icon":{"prefix":"https:\/\/ss1.4sqi.net\/img\/categories_v2\/building\/medical_","suffix":".png"},"primary":"true"}],"verified":"false","restricted":"true","stats":{"checkinsCount":"10","usersCount":"4","tipCount":"0"},"specials":{"count":"0"},"hereNow":{"count":"0"},"referralId":"v-1392478098"},{"id":"4d3c1d093ec9a35d21b04581","name":"Minard road se6 1nl","location":{"lat":"51.486635066666665","lng":"-0.08091902222222222","distance":"291","cc":"GB","country":"United Kingdom"},"verified":"false","restricted":"true","stats":{"checkinsCount":"2","usersCount":"2","tipCount":"0"},"specials":{"count":"0"},"hereNow":{"count":"0"},"referralId":"v-1392478098"},{"id":"502a2732e4b0d267a7f87e81","name":"Rainbows Supplies Unit 8","location":{"lat":"51.48156112590105","lng":"-0.08386145643498112","distance":"312","cc":"GB","country":"United Kingdom"},"categories":[{"id":"4bf58dd8d48988d124941735","name":"Office","pluralName":"Offices","shortName":"Office","icon":{"prefix":"https:\/\/ss1.4sqi.net\/img\/categories_v2\/building\/default_","suffix":".png"},"primary":"true"}],"verified":"false","restricted":"true","stats":{"checkinsCount":"2","usersCount":"1","tipCount":"0"},"specials":{"count":"0"},"hereNow":{"count":"0"},"referralId":"v-1392478098"},{"id":"4c35d128452620a1a346270f","name":"Fin king aquatics","location":{"lat":"51.486103","lng":"-0.079291","distance":"316","cc":"GB","city":"Camberwell","state":"Greater London","country":"United Kingdom"},"categories":[{"id":"4bf58dd8d48988d100951735","name":"Pet Store","pluralName":"Pet Stores","shortName":"Pet Store","icon":{"prefix":"https:\/\/ss1.4sqi.net\/img\/categories_v2\/shops\/pet_store_","suffix":".png"},"primary":"true"}],"verified":"false","restricted":"true","stats":{"checkinsCount":"1","usersCount":"1","tipCount":"0"},"specials":{"count":"0"},"hereNow":{"count":"0"},"referralId":"v-1392478098"},{"id":"4ff37714e4b009b18d960ff1","name":"Davey Road","location":{"lat":"51.48204803466797","lng":"-0.07971420139074326","distance":"328","cc":"GB","country":"United Kingdom"},"categories":[{"id":"4d954b06a243a5684965b473","name":"Residential Building (Apartment \/ Condo)","pluralName":"Residential Buildings (Apartments \/ Condos)","shortName":"Residential","icon":{"prefix":"https:\/\/ss1.4sqi.net\/img\/categories_v2\/building\/apartment_","suffix":".png"},"primary":"true"}],"verified":"false","restricted":"true","stats":{"checkinsCount":"2","usersCount":"2","tipCount":"0"},"specials":{"count":"0"},"hereNow":{"count":"0"},"referralId":"v-1392478098"},{"id":"4f88e87ce4b013a9800e9e18","name":"The Flying Dutchman","contact":{"phone":"+442077032078","formattedPhone":"+44 20 7703 2078","twitter":"fly_dutch_lon"},"location":{"address":"155 Wells Way","crossStreet":"Southampton Way","lat":"51.47855866937186","lng":"-0.08530791656873726","distance":"661","postalCode":"SE5 7SY","cc":"GB","city":"Camberwell","state":"Greater London","country":"United Kingdom"},"categories":[{"id":"4bf58dd8d48988d1d8941735","name":"Gay Bar","pluralName":"Gay Bars","shortName":"Gay Bar","icon":{"prefix":"https:\/\/ss1.4sqi.net\/img\/categories_v2\/nightlife\/gaybar_","suffix":".png"},"primary":"true"}],"verified":"false","restricted":"true","stats":{"checkinsCount":"105","usersCount":"44","tipCount":"0"},"url":"http:\/\/www.flyingdutchmanlondon.com","specials":{"count":"0"},"hereNow":{"count":"0"},"referralId":"v-1392478098"},{"id":"519112ab498e4c03b314bd2a","name":"Le Panier A Brioche","location":{"address":"Old Kent Road","lat":"51.4882540645133","lng":"-0.07653356068183541","distance":"619","cc":"GB","country":"United Kingdom"},"categories":[{"id":"4bf58dd8d48988d1d0941735","name":"Dessert Shop","pluralName":"Dessert Shops","shortName":"Desserts","icon":{"prefix":"https:\/\/ss1.4sqi.net\/img\/categories_v2\/food\/dessert_","suffix":".png"},"primary":"true"}],"verified":"false","restricted":"true","stats":{"checkinsCount":"30","usersCount":"5","tipCount":"1"},"specials":{"count":"0"},"hereNow":{"count":"0"},"referralId":"v-1392478098"},{"id":"4dcaac8d52b1c2222a883883","name":"London Roman Catholic Archdiocese","location":{"lat":"51.481730337217954","lng":"-0.07965087890625","distance":"358","cc":"GB","city":"Shah Alam","country":"United Kingdom"},"categories":[{"id":"4bf58dd8d48988d132941735","name":"Church","pluralName":"Churches","shortName":"Church","icon":{"prefix":"https:\/\/ss1.4sqi.net\/img\/categories_v2\/building\/religious_church_","suffix":".png"},"primary":"true"}],"verified":"false","restricted":"true","stats":{"checkinsCount":"3","usersCount":"3","tipCount":"0"},"specials":{"count":"0"},"hereNow":{"count":"0"},"referralId":"v-1392478098"},{"id":"4e8c68dbdab424ec72d33479","name":"Unite Student Halls","location":{"address":"Bethnal Green","lat":"51.481115","lng":"-0.084413","distance":"370","cc":"GB","city":"Camberwell","state":"Greater London","country":"United Kingdom"},"categories":[{"id":"4bf58dd8d48988d1a3941735","name":"College Residence Hall","pluralName":"College Residence Halls","shortName":"Residence Hall","icon":{"prefix":"https:\/\/ss1.4sqi.net\/img\/categories_v2\/education\/residencehall_","suffix":".png"},"primary":"true"}],"verified":"false","restricted":"true","stats":{"checkinsCount":"2","usersCount":"1","tipCount":"0"},"specials":{"count":"0"},"hereNow":{"count":"0"},"referralId":"v-1392478098"},{"id":"4bddb58b6198c9b6815a11ff","name":"St Georges","location":{"lat":"51.481373","lng":"-0.085589","distance":"377","cc":"GB","country":"United Kingdom"},"categories":[{"id":"4bf58dd8d48988d132941735","name":"Church","pluralName":"Churches","shortName":"Church","icon":{"prefix":"https:\/\/ss1.4sqi.net\/img\/categories_v2\/building\/religious_church_","suffix":".png"},"primary":"true"}],"verified":"false","restricted":"true","stats":{"checkinsCount":"17","usersCount":"11","tipCount":"0"},"specials":{"count":"0"},"hereNow":{"count":"0"},"referralId":"v-1392478098"},{"id":"4ad5ed92f964a520030421e3","name":"Home working @ Paltalk.com!","location":{"address":"peckham","lat":"51.480835324706106","lng":"-0.07991682034606391","distance":"433","postalCode":"se15","cc":"GB","city":"London","state":"Greater London","country":"United Kingdom"},"categories":[{"id":"4bf58dd8d48988d124941735","name":"Office","pluralName":"Offices","shortName":"Office","icon":{"prefix":"https:\/\/ss1.4sqi.net\/img\/categories_v2\/building\/default_","suffix":".png"},"primary":"true"}],"verified":"false","restricted":"true","stats":{"checkinsCount":"5","usersCount":"3","tipCount":"2"},"private":"true","specials":{"count":"0"},"hereNow":{"count":"0"},"referralId":"v-1392478098"}],"confident":"true"}}