{"meta":{"code":"200"},"response":{"venues":[{"id":"4de207df1f6e3190cd069d18","name":"Queen Mary's Gardens","location":{"address":"Regent's Park","lat":"51.527175529263026","lng":"-0.1527735135373264","distance":"416","cc":"GB","city":"London","state":"Greater London","country":"United Kingdom"},"categories":[{"id":"4bf58dd8d48988d163941735","name":"Park","pluralName":"Parks","shortName":"Park","icon":{"prefix":"https:\/\/ss1.4sqi.net\/img\/categories_v2\/parks_outdoors\/park_","suffix":".png"},"primary":"true"}],"verified":"false","restricted":"true","stats":{"checkinsCount":"795","usersCount":"671","tipCount":"9"},"specials":{"count":"0"},"hereNow":{"count":"0"},"referralId":"v-1392477974"},{"id":"4c06001f517d0f47fa60f515","name":"Avenue Gardens","location":{"address":"Chester Rd","lat":"51.527854150135944","lng":"-0.1480938685809146","distance":"160","cc":"GB","city":"London","state":"Greater London","country":"United Kingdom"},"categories":[{"id":"4bf58dd8d48988d163941735","name":"Park","pluralName":"Parks","shortName":"Park","icon":{"prefix":"https:\/\/ss1.4sqi.net\/img\/categories_v2\/parks_outdoors\/park_","suffix":".png"},"primary":"true"}],"verified":"false","restricted":"true","stats":{"checkinsCount":"912","usersCount":"233","tipCount":"3"},"specials":{"count":"0"},"hereNow":{"count":"1","groups":[{"type":"others","name":"Other people here","count":"1"}]},"referralId":"v-1392477974"},{"id":"4d3d36db14aa8cfa8f1ab15e","name":"St Andrew's Gate","location":{"address":"Regents Park","lat":"51.525751432144226","lng":"-0.1460735302860283","distance":"411","cc":"GB","city":"London","state":"Greater London","country":"United Kingdom"},"categories":[{"id":"4bf58dd8d48988d163941735","name":"Park","pluralName":"Parks","shortName":"Park","icon":{"prefix":"https:\/\/ss1.4sqi.net\/img\/categories_v2\/parks_outdoors\/park_","suffix":".png"},"primary":"true"}],"verified":"false","restricted":"true","stats":{"checkinsCount":"1378","usersCount":"490","tipCount":"1"},"specials":{"count":"0"},"hereNow":{"count":"1","groups":[{"type":"others","name":"Other people here","count":"1"}]},"referralId":"v-1392477974"},{"id":"4f6cab1de4b0e14a3e3ba034","name":"Chester Gate Regent's Park","location":{"lat":"51.52714374121341","lng":"-0.14636946158419303","distance":"258","cc":"GB","country":"United Kingdom"},"categories":[{"id":"4bf58dd8d48988d163941735","name":"Park","pluralName":"Parks","shortName":"Park","icon":{"prefix":"https:\/\/ss1.4sqi.net\/img\/categories_v2\/parks_outdoors\/park_","suffix":".png"},"primary":"true"}],"verified":"false","restricted":"true","stats":{"checkinsCount":"513","usersCount":"143","tipCount":"0"},"specials":{"count":"0"},"hereNow":{"count":"0"},"referralId":"v-1392477974"},{"id":"4bef1106f2712d7ff741fbd8","name":"Cumberland Green","location":{"address":"Regent's Park","lat":"51.531040104792524","lng":"-0.1483154296875","distance":"198","cc":"GB","city":"London","state":"Greater London","country":"United Kingdom"},"categories":[{"id":"4bf58dd8d48988d163941735","name":"Park","pluralName":"Parks","shortName":"Park","icon":{"prefix":"https:\/\/ss1.4sqi.net\/img\/categories_v2\/parks_outdoors\/park_","suffix":".png"},"primary":"true"}],"verified":"false","restricted":"true","stats":{"checkinsCount":"77","usersCount":"26","tipCount":"1"},"specials":{"count":"0"},"hereNow":{"count":"0"},"referralId":"v-1392477974"},{"id":"4ad0b718f964a52050d920e3","name":"The Queen's Head & Artichoke","contact":{"phone":"+442079166206","formattedPhone":"+44 20 7916 6206"},"location":{"address":"30-32 Albany St","lat":"51.525718","lng":"-0.144052","distance":"474","postalCode":"NW1 4EA","cc":"GB","city":"London","state":"Greater London","country":"United Kingdom"},"categories":[{"id":"4bf58dd8d48988d11b941735","name":"Pub","pluralName":"Pubs","shortName":"Pub","icon":{"prefix":"https:\/\/ss1.4sqi.net\/img\/categories_v2\/nightlife\/pub_","suffix":".png"},"primary":"true"}],"verified":"false","restricted":"true","stats":{"checkinsCount":"1208","usersCount":"750","tipCount":"26"},"url":"http:\/\/www.theartichoke.net","reservations":{"url":"http:\/\/www.toptable.co.uk\/single.aspx?rid=84757&ref=9601"},"menu":{"type":"Menu","label":"Menu","anchor":"View Menu","url":"https:\/\/foursquare.com\/v\/the-queens-head--artichoke\/4ad0b718f964a52050d920e3\/menu","mobileUrl":"https:\/\/foursquare.com\/v\/4ad0b718f964a52050d920e3\/device_menu"},"specials":{"count":"0"},"hereNow":{"count":"0"},"referralId":"v-1392477974"},{"id":"4c3cf0397d002d7f2d25af18","name":"Regents Park Barracks","location":{"lat":"51.5323555266526","lng":"-0.14532538048943536","distance":"382","cc":"GB","country":"United Kingdom"},"categories":[{"id":"4e52adeebd41615f56317744","name":"Military Base","pluralName":"Military Bases","shortName":"Military Base","icon":{"prefix":"https:\/\/ss1.4sqi.net\/img\/categories_v2\/building\/militarybase_","suffix":".png"},"primary":"true"}],"verified":"false","restricted":"true","stats":{"checkinsCount":"427","usersCount":"92","tipCount":"1"},"specials":{"count":"0"},"hereNow":{"count":"0"},"referralId":"v-1392477974"},{"id":"523b95bf11d2a341aaf28c2f","name":"Work-work","location":{"lat":"51.5308723449707","lng":"-0.1454572081565857","distance":"239","cc":"GB","country":"United Kingdom"},"categories":[{"id":"4f2a25ac4b909258e854f55f","name":"Neighborhood","pluralName":"Neighborhoods","shortName":"Neighborhood","icon":{"prefix":"https:\/\/ss1.4sqi.net\/img\/categories_v2\/parks_outdoors\/neighborhood_","suffix":".png"},"primary":"true"}],"verified":"false","restricted":"true","stats":{"checkinsCount":"5","usersCount":"2","tipCount":"0"},"specials":{"count":"0"},"hereNow":{"count":"0"},"referralId":"v-1392477974"},{"id":"4f480e7fe4b0186352a6f7d5","name":"Cambridge Gate","location":{"address":"Cambridge Gate","lat":"51.52662163319038","lng":"-0.14421764828876224","distance":"387","cc":"GB","city":"London","state":"Greater London","country":"United Kingdom"},"categories":[{"id":"4f2a210c4b9023bd5841ed28","name":"Housing Development","pluralName":"Housing Developments","shortName":"Housing Development","icon":{"prefix":"https:\/\/ss1.4sqi.net\/img\/categories_v2\/building\/housingdevelopment_","suffix":".png"},"primary":"true"}],"verified":"false","restricted":"true","stats":{"checkinsCount":"386","usersCount":"33","tipCount":"0"},"specials":{"count":"0"},"hereNow":{"count":"0"},"referralId":"v-1392477974"},{"id":"4e88857c9adf19a54a9567bb","name":"Cape Of Good Hope","location":{"lat":"51.526961048948685","lng":"-0.14406470364796095","distance":"366","cc":"GB","city":"Camden Town","state":"Greater London","country":"United Kingdom"},"categories":[{"id":"4bf58dd8d48988d116941735","name":"Bar","pluralName":"Bars","shortName":"Bar","icon":{"prefix":"https:\/\/ss1.4sqi.net\/img\/categories_v2\/nightlife\/bar_","suffix":".png"},"primary":"true"}],"verified":"false","restricted":"true","stats":{"checkinsCount":"62","usersCount":"32","tipCount":"0"},"url":"https:\/\/m.facebook.com\/profile.php?id=599933560028828","specials":{"count":"0"},"hereNow":{"count":"0"},"referralId":"v-1392477974"},{"id":"4d610ffbb6b9a1cdf2fd8251","name":"Regent's Park Children's Playground","location":{"lat":"51.52550953797009","lng":"-0.14828474128996733","distance":"422","cc":"GB","country":"United Kingdom"},"categories":[{"id":"4bf58dd8d48988d1e7941735","name":"Playground","pluralName":"Playgrounds","shortName":"Playground","icon":{"prefix":"https:\/\/ss1.4sqi.net\/img\/categories_v2\/parks_outdoors\/playground_","suffix":".png"},"primary":"true"}],"verified":"false","restricted":"true","stats":{"checkinsCount":"232","usersCount":"171","tipCount":"4"},"specials":{"count":"0"},"hereNow":{"count":"0"},"referralId":"v-1392477974"},{"id":"51f804e8498e868c93a6d56f","name":"The Albany Club","location":{"lat":"51.52702774380574","lng":"-0.14374882295418362","distance":"377","cc":"GB","country":"United Kingdom"},"categories":[{"id":"4f4528bc4b90abdf24c9de85","name":"Athletics & Sports","pluralName":"Athletics & Sports","shortName":"Athletics & Sports","icon":{"prefix":"https:\/\/ss1.4sqi.net\/img\/categories_v2\/shops\/sports_outdoors_","suffix":".png"},"primary":"true"}],"verified":"false","restricted":"true","stats":{"checkinsCount":"9","usersCount":"7","tipCount":"0"},"specials":{"count":"0"},"hereNow":{"count":"0"},"referralId":"v-1392477974"},{"id":"50e7ff28e4b0497540200b1c","name":"Jesshops","location":{"address":"98 Robert St","lat":"51.52847627900533","lng":"-0.14317563693331709","distance":"332","postalCode":"NW1 3QP","cc":"GB","city":"London","state":"Greater London","country":"United Kingdom"},"categories":[{"id":"4bf58dd8d48988d16a941735","name":"Bakery","pluralName":"Bakeries","shortName":"Bakery","icon":{"prefix":"https:\/\/ss1.4sqi.net\/img\/categories_v2\/food\/bakery_","suffix":".png"},"primary":"true"}],"verified":"false","restricted":"true","stats":{"checkinsCount":"50","usersCount":"6","tipCount":"0"},"specials":{"count":"0"},"hereNow":{"count":"0"},"referralId":"v-1392477974"},{"id":"4ba9cf75f964a520ea383ae3","name":"Royal College of Physicians","location":{"address":"Saint Andrew's Place","crossStreet":"Outer circle","lat":"51.525605","lng":"-0.145494","distance":"440","postalCode":"NW1 4LE","cc":"GB","city":"London","state":"Greater London","country":"United Kingdom"},"categories":[{"id":"4bf58dd8d48988d198941735","name":"College Academic Building","pluralName":"College Academic Buildings","shortName":"Academic Building","icon":{"prefix":"https:\/\/ss1.4sqi.net\/img\/categories_v2\/education\/academicbuilding_","suffix":".png"},"primary":"true"}],"verified":"false","restricted":"true","stats":{"checkinsCount":"636","usersCount":"429","tipCount":"6"},"specials":{"count":"0"},"hereNow":{"count":"0"},"referralId":"v-1392477974"},{"id":"4e2531ef8877099df4bc1506","name":"Christ Church Primary School","location":{"lat":"51.530919085298855","lng":"-0.14411909782661833","distance":"313","cc":"GB","city":"Camden Town","state":"Greater London","country":"United Kingdom"},"categories":[{"id":"4bf58dd8d48988d13b941735","name":"School","pluralName":"Schools","shortName":"School","icon":{"prefix":"https:\/\/ss1.4sqi.net\/img\/categories_v2\/building\/school_","suffix":".png"},"primary":"true"}],"verified":"false","restricted":"true","stats":{"checkinsCount":"16","usersCount":"7","tipCount":"0"},"specials":{"count":"0"},"hereNow":{"count":"0"},"referralId":"v-1392477974"},{"id":"4e09f6b062e100e58180a6cd","name":"Post Office","location":{"address":"Albany St","lat":"51.52811042661114","lng":"-0.14427166693166457","distance":"277","postalCode":"NW1","cc":"GB","city":"Camden Town","state":"Greater London","country":"United Kingdom"},"categories":[{"id":"4bf58dd8d48988d172941735","name":"Post Office","pluralName":"Post Offices","shortName":"Post Office","icon":{"prefix":"https:\/\/ss1.4sqi.net\/img\/categories_v2\/building\/postoffice_","suffix":".png"},"primary":"true"}],"verified":"false","restricted":"true","stats":{"checkinsCount":"13","usersCount":"9","tipCount":"0"},"specials":{"count":"0"},"hereNow":{"count":"0"},"referralId":"v-1392477974"},{"id":"4e9ae32529c27d6ad6c14261","name":"Frieze Sculpture Park","location":{"lat":"51.52552516929507","lng":"-0.14646538251586616","distance":"429","cc":"GB","country":"United Kingdom"},"categories":[{"id":"4bf58dd8d48988d1e2931735","name":"Art Gallery","pluralName":"Art Galleries","shortName":"Art Gallery","icon":{"prefix":"https:\/\/ss1.4sqi.net\/img\/categories_v2\/arts_entertainment\/artgallery_","suffix":".png"},"primary":"true"}],"verified":"false","restricted":"true","stats":{"checkinsCount":"77","usersCount":"71","tipCount":"4"},"specials":{"count":"0"},"hereNow":{"count":"0"},"referralId":"v-1392477974"},{"id":"513a9ac05d24cabe6926e28e","name":"St Mark's Church, Regent's Park","location":{"lat":"51.5302782","lng":"-0.1494809","distance":"160","cc":"GB","city":"London","state":"Greater London","country":"United Kingdom"},"verified":"false","restricted":"true","stats":{"checkinsCount":"1","usersCount":"1","tipCount":"0"},"specials":{"count":"0"},"hereNow":{"count":"0"},"referralId":"v-1392477974"},{"id":"4dd84a8d1838b8561cfd86bc","name":"Windermere","location":{"address":"Albany St","lat":"51.5298166","lng":"-0.14559794999999998","distance":"163","cc":"GB","city":"Camden Town","state":"Greater London","country":"United Kingdom"},"categories":[{"id":"4d954b06a243a5684965b473","name":"Residential Building (Apartment \/ Condo)","pluralName":"Residential Buildings (Apartments \/ Condos)","shortName":"Residential","icon":{"prefix":"https:\/\/ss1.4sqi.net\/img\/categories_v2\/building\/apartment_","suffix":".png"},"primary":"true"}],"verified":"false","restricted":"true","stats":{"checkinsCount":"5","usersCount":"3","tipCount":"0"},"specials":{"count":"0"},"hereNow":{"count":"0"},"referralId":"v-1392477974"},{"id":"526000f2498e8c4a42093340","name":"Frieze Art Fair","location":{"address":"Regent's Park","lat":"51.52557823368999","lng":"-0.1492416892297486","distance":"424","cc":"GB","city":"London","state":"Greater London","country":"United Kingdom"},"categories":[{"id":"507c8c4091d498d9fc8c67a9","name":"Public Art","pluralName":"Public Art","shortName":"Public Art","icon":{"prefix":"https:\/\/ss1.4sqi.net\/img\/categories_v2\/arts_entertainment\/default_","suffix":".png"},"primary":"true"}],"verified":"false","restricted":"true","stats":{"checkinsCount":"251","usersCount":"231","tipCount":"3"},"specials":{"count":"0"},"hereNow":{"count":"0"},"referralId":"v-1392477974"},{"id":"4fbd5eb67beb0c9cab0db69c","name":"Clinique Counter","contact":{"twitter":"clinique_uk"},"location":{"address":"Boots Company Plc, Unit 19, St Pancras Station","lat":"51.530687","lng":"-0.146932","distance":"166","postalCode":"NW1 2QP","cc":"GB","city":"London","state":"Greater London","country":"United Kingdom"},"categories":[{"id":"4bf58dd8d48988d10c951735","name":"Cosmetics Shop","pluralName":"Cosmetics Shops","shortName":"Cosmetics","icon":{"prefix":"https:\/\/ss1.4sqi.net\/img\/categories_v2\/shops\/beauty_cosmetic_","suffix":".png"},"primary":"true"}],"verified":"true","restricted":"true","stats":{"checkinsCount":"0","usersCount":"0","tipCount":"0"},"url":"http:\/\/clinique.co.uk","specials":{"count":"0"},"hereNow":{"count":"0"},"storeId":"C54 - Kim Cawthorne","referralId":"v-1392477974"},{"id":"52aa442211d2f69759eb9c87","name":"Dick Collins Hall","location":{"lat":"51.530022","lng":"-0.143723","distance":"294","cc":"GB","country":"United Kingdom"},"categories":[{"id":"50328a8e91d4c4b30a586d6c","name":"Non-Profit","pluralName":"Non-Profits","shortName":"Non-Profit","icon":{"prefix":"https:\/\/ss1.4sqi.net\/img\/categories_v2\/building\/default_","suffix":".png"},"primary":"true"}],"verified":"false","restricted":"true","stats":{"checkinsCount":"2","usersCount":"2","tipCount":"0"},"specials":{"count":"0"},"hereNow":{"count":"0"},"referralId":"v-1392477974"},{"id":"4d975836b188721e5b300d37","name":"Mr. Haddock's Fish Bar","contact":{"phone":"+442073876767","formattedPhone":"+44 20 7387 6767"},"location":{"address":"161 Robert St","lat":"51.528527348657974","lng":"-0.14373270948724817","distance":"294","postalCode":"NW1 3QR","cc":"GB","city":"Camden Town","state":"Greater London","country":"United Kingdom"},"categories":[{"id":"4edd64a0c7ddd24ca188df1a","name":"Fish & Chips Shop","pluralName":"Fish & Chips Shops","shortName":"Fish & Chips","icon":{"prefix":"https:\/\/ss1.4sqi.net\/img\/categories_v2\/food\/fishandchips_","suffix":".png"},"primary":"true"}],"verified":"false","restricted":"true","stats":{"checkinsCount":"25","usersCount":"15","tipCount":"0"},"specials":{"count":"0"},"hereNow":{"count":"0"},"referralId":"v-1392477974"},{"id":"5139b23b7ab480874b20265e","name":"essayhelp.co.uk","contact":{"phone":"+442036407691","formattedPhone":"+44 20 3640 7691"},"location":{"address":"57 chester close south","lat":"51.52881502866631","lng":"-0.14505386352539062","distance":"197","postalCode":"NW1 4JG","cc":"GB","city":"London","state":"Greater London","country":"United Kingdom"},"verified":"false","restricted":"true","stats":{"checkinsCount":"0","usersCount":"0","tipCount":"0"},"specials":{"count":"0"},"hereNow":{"count":"0"},"referralId":"v-1392477974"},{"id":"5027dbd6e4b092aac67ae7cf","name":"Tango Al Fresco The Broadwalk","location":{"lat":"51.5272891856665","lng":"-0.14821021203557244","distance":"224","cc":"GB","country":"United Kingdom"},"categories":[{"id":"4bf58dd8d48988d134941735","name":"Dance Studio","pluralName":"Dance Studios","shortName":"Dance Studio","icon":{"prefix":"https:\/\/ss1.4sqi.net\/img\/categories_v2\/arts_entertainment\/performingarts_dancestudio_","suffix":".png"},"primary":"true"}],"verified":"false","restricted":"true","stats":{"checkinsCount":"2","usersCount":"2","tipCount":"0"},"specials":{"count":"0"},"hereNow":{"count":"0"},"referralId":"v-1392477974"},{"id":"4c9f581419e4236aebdd5789","name":"Regents Park Demonstration Allotment","location":{"lat":"51.52822","lng":"-0.150675","distance":"231","cc":"GB","country":"United Kingdom"},"categories":[{"id":"4bf58dd8d48988d15a941735","name":"Garden","pluralName":"Gardens","shortName":"Garden","icon":{"prefix":"https:\/\/ss1.4sqi.net\/img\/categories_v2\/parks_outdoors\/garden_","suffix":".png"},"primary":"true"}],"verified":"false","restricted":"true","stats":{"checkinsCount":"4","usersCount":"4","tipCount":"1"},"specials":{"count":"0"},"hereNow":{"count":"0"},"referralId":"v-1392477974"},{"id":"4beee23d2c082d7f8d0b3142","name":"The Victory","location":{"address":"150 Albany St.","lat":"51.52597135","lng":"-0.143965","distance":"455","postalCode":"NW1 2DY","cc":"GB","city":"Camden Town","state":"Greater London","country":"United Kingdom"},"categories":[{"id":"4bf58dd8d48988d11b941735","name":"Pub","pluralName":"Pubs","shortName":"Pub","icon":{"prefix":"https:\/\/ss1.4sqi.net\/img\/categories_v2\/nightlife\/pub_","suffix":".png"},"primary":"true"}],"verified":"false","restricted":"true","stats":{"checkinsCount":"21","usersCount":"19","tipCount":"0"},"specials":{"count":"0"},"hereNow":{"count":"0"},"referralId":"v-1392477974"},{"id":"4b3d61d1f964a5205d9325e3","name":"Abi + Kirstys","location":{"address":"11 morninting crescent","lat":"51.53019","lng":"-0.144679","distance":"238","cc":"GB","city":"Camden Town","state":"Greater London","country":"United Kingdom"},"verified":"false","restricted":"true","stats":{"checkinsCount":"1","usersCount":"1","tipCount":"0"},"specials":{"count":"0"},"hereNow":{"count":"0"},"referralId":"v-1392477974"},{"id":"4c681dcc9cb82d7f03e594d2","name":"St John's Lodge Gardens","location":{"address":"Inner Cir","crossStreet":"Regent's Park","lat":"51.529245","lng":"-0.15139","distance":"248","postalCode":"NW1 4NX","cc":"GB","city":"Paddington","state":"Greater London","country":"United Kingdom"},"categories":[{"id":"4bf58dd8d48988d15a941735","name":"Garden","pluralName":"Gardens","shortName":"Garden","icon":{"prefix":"https:\/\/ss1.4sqi.net\/img\/categories_v2\/parks_outdoors\/garden_","suffix":".png"},"primary":"true"}],"verified":"false","restricted":"true","stats":{"checkinsCount":"89","usersCount":"49","tipCount":"4"},"specials":{"count":"0"},"hereNow":{"count":"0"},"referralId":"v-1392477974"},{"id":"4d5ce620b9b2a1436f7f7b8c","name":"C2 Bus Stop, Cumberland Terrence","location":{"address":"Albany Road","lat":"51.529675936962896","lng":"-0.14457164764553315","distance":"227","postalCode":"NW1 4","cc":"GB","city":"Camden Town","state":"Greater London","country":"United Kingdom"},"categories":[{"id":"4bf58dd8d48988d1fe931735","name":"Bus Station","pluralName":"Bus Stations","shortName":"Bus Station","icon":{"prefix":"https:\/\/ss1.4sqi.net\/img\/categories_v2\/travel\/busstation_","suffix":".png"},"primary":"true"}],"verified":"false","restricted":"true","stats":{"checkinsCount":"85","usersCount":"40","tipCount":"2"},"specials":{"count":"0"},"hereNow":{"count":"0"},"referralId":"v-1392477974"}],"confident":"true"}}