{"meta":{"code":"200"},"response":{"venues":[{"id":"4b233922f964a520785424e3","name":"Regent's Park","location":{"address":"Chester Rd.","lat":"51.52748923462628","lng":"-0.15371203422546387","distance":"346","postalCode":"NW1 4NR","cc":"GB","city":"London","state":"Greater London","country":"United Kingdom"},"categories":[{"id":"4bf58dd8d48988d163941735","name":"Park","pluralName":"Parks","shortName":"Park","icon":{"prefix":"https:\/\/ss1.4sqi.net\/img\/categories_v2\/parks_outdoors\/park_","suffix":".png"},"primary":"true"}],"verified":"true","restricted":"true","stats":{"checkinsCount":"18242","usersCount":"9614","tipCount":"89"},"specials":{"count":"0"},"hereNow":{"count":"6","groups":[{"type":"others","name":"Other people here","count":"6"}]},"venuePage":{"id":"42154907"},"referralId":"v-1392477973"},{"id":"4c39aa4b1e06d13a8cf2793e","name":"Regent's Park Lake","location":{"address":"Regent's Pk.","lat":"51.527275639620576","lng":"-0.15878677368164062","distance":"234","postalCode":"NW1 4","cc":"GB","city":"Paddington","state":"Greater London","country":"United Kingdom"},"categories":[{"id":"4bf58dd8d48988d161941735","name":"Lake","pluralName":"Lakes","shortName":"Lake","icon":{"prefix":"https:\/\/ss1.4sqi.net\/img\/categories_v2\/parks_outdoors\/lake_","suffix":".png"},"primary":"true"}],"verified":"false","restricted":"true","stats":{"checkinsCount":"2121","usersCount":"1473","tipCount":"14"},"specials":{"count":"0"},"hereNow":{"count":"1","groups":[{"type":"others","name":"Other people here","count":"1"}]},"referralId":"v-1392477973"},{"id":"4bc99784fb84c9b67f4b1b3e","name":"Boating Lake","location":{"address":"Regent's Park","lat":"51.52861059196677","lng":"-0.1609969139099121","distance":"233","postalCode":"NW1 4NR","cc":"GB","city":"London","state":"Greater London","country":"United Kingdom"},"categories":[{"id":"4bf58dd8d48988d161941735","name":"Lake","pluralName":"Lakes","shortName":"Lake","icon":{"prefix":"https:\/\/ss1.4sqi.net\/img\/categories_v2\/parks_outdoors\/lake_","suffix":".png"},"primary":"true"}],"verified":"false","restricted":"true","stats":{"checkinsCount":"1194","usersCount":"708","tipCount":"4"},"specials":{"count":"0"},"hereNow":{"count":"0"},"referralId":"v-1392477973"},{"id":"4ad328e2f964a52041e320e3","name":"Regent's University London","contact":{"phone":"+442074877700","formattedPhone":"+44 20 7487 7700","twitter":"regentsuni","facebook":"13605357263"},"location":{"address":"1 Inner Circle","crossStreet":"Regent's Park","lat":"51.52574989415476","lng":"-0.1554781118405527","distance":"425","postalCode":"NW1 4NS","cc":"GB","city":"London","state":"Greater London","country":"United Kingdom"},"categories":[{"id":"4bf58dd8d48988d1ae941735","name":"University","pluralName":"Universities","shortName":"University","icon":{"prefix":"https:\/\/ss1.4sqi.net\/img\/categories_v2\/education\/default_","suffix":".png"},"primary":"true"}],"verified":"true","restricted":"true","stats":{"checkinsCount":"8665","usersCount":"1050","tipCount":"13"},"url":"http:\/\/www.regents.ac.uk","specials":{"count":"0"},"hereNow":{"count":"1","groups":[{"type":"others","name":"Other people here","count":"1"}]},"venuePage":{"id":"46269852"},"storeId":"","referralId":"v-1392477973"},{"id":"4be84dc9ee96c9289decfdbf","name":"London Business School","contact":{"phone":"+442070007000","formattedPhone":"+44 20 7000 7000","twitter":"lbs"},"location":{"address":"Park Rd.","lat":"51.525932118149505","lng":"-0.16109602168426004","distance":"437","postalCode":"NW1 4SA","cc":"GB","city":"London","state":"Greater London","country":"United Kingdom"},"categories":[{"id":"4bf58dd8d48988d1ae941735","name":"University","pluralName":"Universities","shortName":"University","icon":{"prefix":"https:\/\/ss1.4sqi.net\/img\/categories_v2\/education\/default_","suffix":".png"},"primary":"true"}],"verified":"true","restricted":"true","stats":{"checkinsCount":"7282","usersCount":"1358","tipCount":"13"},"url":"http:\/\/www.london.edu","specials":{"count":"0"},"hereNow":{"count":"3","groups":[{"type":"others","name":"Other people here","count":"3"}]},"storeId":"","referralId":"v-1392477973"},{"id":"4bd3ffcca8b3a593b92d6b5f","name":"The Hub","location":{"address":"Outer Cir","crossStreet":"Regent's Park","lat":"51.53249883585912","lng":"-0.15798333806187653","distance":"357","postalCode":"NW1 4RU","cc":"GB","city":"London","state":"Greater London","country":"United Kingdom"},"categories":[{"id":"4bf58dd8d48988d16d941735","name":"Caf\u00e9","pluralName":"Caf\u00e9s","shortName":"Caf\u00e9","icon":{"prefix":"https:\/\/ss1.4sqi.net\/img\/categories_v2\/food\/cafe_","suffix":".png"},"primary":"true"}],"verified":"false","restricted":"true","stats":{"checkinsCount":"574","usersCount":"371","tipCount":"3"},"specials":{"count":"0"},"hereNow":{"count":"0"},"referralId":"v-1392477973"},{"id":"4c2e486b66e40f471af0bf8b","name":"Regent's Park Open Air Theatre","contact":{"twitter":"openairtheatre"},"location":{"address":"Regent's Park","lat":"51.52842870701279","lng":"-0.15472322702407837","distance":"233","postalCode":"NW1 4","cc":"GB","city":"Paddington","state":"Greater London","country":"United Kingdom"},"categories":[{"id":"4bf58dd8d48988d137941735","name":"Theater","pluralName":"Theaters","shortName":"Theater","icon":{"prefix":"https:\/\/ss1.4sqi.net\/img\/categories_v2\/arts_entertainment\/performingarts_theater_","suffix":".png"},"primary":"true"}],"verified":"false","restricted":"true","stats":{"checkinsCount":"1262","usersCount":"1029","tipCount":"24"},"specials":{"count":"0"},"hereNow":{"count":"0"},"referralId":"v-1392477973"},{"id":"4ac518e1f964a52048aa20e3","name":"Garden Caf\u00e9","location":{"address":"Inner Circle","lat":"51.527068","lng":"-0.155156","distance":"307","postalCode":"NW1 4NU","cc":"GB","city":"London","state":"Greater London","country":"United Kingdom"},"categories":[{"id":"4bf58dd8d48988d1c4941735","name":"Restaurant","pluralName":"Restaurants","shortName":"Restaurant","icon":{"prefix":"https:\/\/ss1.4sqi.net\/img\/categories_v2\/food\/default_","suffix":".png"},"primary":"true"}],"verified":"false","restricted":"true","stats":{"checkinsCount":"684","usersCount":"543","tipCount":"11"},"menu":{"type":"Menu","label":"Menu","anchor":"View Menu","url":"https:\/\/foursquare.com\/v\/garden-caf%C3%A9\/4ac518e1f964a52048aa20e3\/menu","mobileUrl":"https:\/\/foursquare.com\/v\/4ac518e1f964a52048aa20e3\/device_menu"},"specials":{"count":"0"},"hereNow":{"count":"0"},"referralId":"v-1392477973"},{"id":"4ee323aa823180a98a10b6cb","name":"Longbridge Gate","location":{"address":"Regent's Park","lat":"51.528496807024375","lng":"-0.15585970487101947","distance":"160","cc":"GB","country":"United Kingdom"},"categories":[{"id":"4bf58dd8d48988d163941735","name":"Park","pluralName":"Parks","shortName":"Park","icon":{"prefix":"https:\/\/ss1.4sqi.net\/img\/categories_v2\/parks_outdoors\/park_","suffix":".png"},"primary":"true"}],"verified":"false","restricted":"true","stats":{"checkinsCount":"20","usersCount":"2","tipCount":"0"},"specials":{"count":"0"},"hereNow":{"count":"0"},"referralId":"v-1392477973"},{"id":"4b9bc6ecf964a520e22336e3","name":"Nash Lounge @ LBS","contact":{"twitter":"lbs"},"location":{"address":"London Business School","crossStreet":"98 Park Road","lat":"51.52654309066318","lng":"-0.1611811029699164","distance":"384","postalCode":"NW1 4SA","cc":"GB","city":"Paddington","state":"Greater London","country":"United Kingdom"},"categories":[{"id":"4bf58dd8d48988d1a1941735","name":"College Cafeteria","pluralName":"College Cafeterias","shortName":"Cafeteria","icon":{"prefix":"https:\/\/ss1.4sqi.net\/img\/categories_v2\/education\/cafeteria_","suffix":".png"},"primary":"true"}],"verified":"true","restricted":"true","stats":{"checkinsCount":"613","usersCount":"112","tipCount":"2"},"url":"http:\/\/www.london.edu\/theschool\/ourfacilities\/catering.html","specials":{"count":"0"},"hereNow":{"count":"0"},"storeId":"","referralId":"v-1392477973"},{"id":"506c4a45e4b0d88f6448e88b","name":"Lacrosse Field","location":{"lat":"51.529867","lng":"-0.157534","distance":"66","cc":"GB","country":"United Kingdom"},"categories":[{"id":"4f4528bc4b90abdf24c9de85","name":"Athletics & Sports","pluralName":"Athletics & Sports","shortName":"Athletics & Sports","icon":{"prefix":"https:\/\/ss1.4sqi.net\/img\/categories_v2\/shops\/sports_outdoors_","suffix":".png"},"primary":"true"}],"verified":"false","restricted":"true","stats":{"checkinsCount":"1","usersCount":"1","tipCount":"0"},"specials":{"count":"0"},"hereNow":{"count":"0"},"referralId":"v-1392477973"},{"id":"505b1354e4b0b47e0cb4b3f3","name":"Tuke Hall","location":{"lat":"51.52554451710324","lng":"-0.155467015799831","distance":"447","cc":"GB","country":"United Kingdom"},"categories":[{"id":"4bf58dd8d48988d198941735","name":"College Academic Building","pluralName":"College Academic Buildings","shortName":"Academic Building","icon":{"prefix":"https:\/\/ss1.4sqi.net\/img\/categories_v2\/education\/academicbuilding_","suffix":".png"},"primary":"true"}],"verified":"false","restricted":"true","stats":{"checkinsCount":"133","usersCount":"27","tipCount":"0"},"specials":{"count":"0"},"hereNow":{"count":"0"},"referralId":"v-1392477973"},{"id":"4e71ef8a1495e4ca14126b50","name":"Regents College Refectory","location":{"lat":"51.526129556868895","lng":"-0.15540132465221967","distance":"389","cc":"GB","city":"Paddington","state":"Greater London","country":"United Kingdom"},"categories":[{"id":"4bf58dd8d48988d1a1941735","name":"College Cafeteria","pluralName":"College Cafeterias","shortName":"Cafeteria","icon":{"prefix":"https:\/\/ss1.4sqi.net\/img\/categories_v2\/education\/cafeteria_","suffix":".png"},"primary":"true"}],"verified":"false","restricted":"true","stats":{"checkinsCount":"438","usersCount":"86","tipCount":"1"},"specials":{"count":"0"},"hereNow":{"count":"0"},"referralId":"v-1392477973"},{"id":"4f1ebb0c6d8661a1ecdaffd5","name":"Sundowners @ LBS","contact":{"twitter":"lbs"},"location":{"address":"London Business School","crossStreet":"Sussex Place","lat":"51.52648132440134","lng":"-0.16119003295898438","distance":"390","postalCode":"NW14SA","cc":"GB","city":"London","state":"Greater London","country":"United Kingdom"},"categories":[{"id":"4bf58dd8d48988d1a8941735","name":"General College & University","pluralName":"General Colleges & Universities","shortName":"Education","icon":{"prefix":"https:\/\/ss1.4sqi.net\/img\/categories_v2\/education\/other_","suffix":".png"},"primary":"true"}],"verified":"true","restricted":"true","stats":{"checkinsCount":"25","usersCount":"16","tipCount":"0"},"url":"http:\/\/www.facebook.com\/Sundownerslbs","specials":{"count":"0"},"hereNow":{"count":"0"},"storeId":"","referralId":"v-1392477973"},{"id":"4ad56930f964a520f80221e3","name":"The Bite @ LBS","contact":{"twitter":"lbs"},"location":{"address":"London Business School","crossStreet":"Regent's Park","lat":"51.52593795217357","lng":"-0.16091807117490758","distance":"430","postalCode":"NW1 4SA","cc":"GB","city":"London","state":"Greater London","country":"United Kingdom"},"categories":[{"id":"4bf58dd8d48988d16d941735","name":"Caf\u00e9","pluralName":"Caf\u00e9s","shortName":"Caf\u00e9","icon":{"prefix":"https:\/\/ss1.4sqi.net\/img\/categories_v2\/food\/cafe_","suffix":".png"},"primary":"true"}],"verified":"true","restricted":"true","stats":{"checkinsCount":"556","usersCount":"87","tipCount":"2"},"url":"http:\/\/www.london.edu\/theschool\/ourfacilities\/catering.html","specials":{"count":"0"},"hereNow":{"count":"0"},"storeId":"","referralId":"v-1392477973"},{"id":"506c01e6e4b037d925c1d3e8","name":"Liang House","location":{"lat":"51.52716921910684","lng":"-0.16134489835168359","distance":"340","cc":"GB","country":"United Kingdom"},"categories":[{"id":"4bf58dd8d48988d198941735","name":"College Academic Building","pluralName":"College Academic Buildings","shortName":"Academic Building","icon":{"prefix":"https:\/\/ss1.4sqi.net\/img\/categories_v2\/education\/academicbuilding_","suffix":".png"},"primary":"true"}],"verified":"false","restricted":"true","stats":{"checkinsCount":"13","usersCount":"5","tipCount":"0"},"specials":{"count":"0"},"hereNow":{"count":"0"},"referralId":"v-1392477973"},{"id":"4d5e89c2b19fa1431ff7dac8","name":"Harringham building","location":{"address":"Regent's College","lat":"51.528739","lng":"-0.158976","distance":"101","cc":"GB","city":"Paddington","state":"Greater London","country":"United Kingdom"},"verified":"false","restricted":"true","stats":{"checkinsCount":"1","usersCount":"1","tipCount":"0"},"specials":{"count":"0"},"hereNow":{"count":"0"},"referralId":"v-1392477973"},{"id":"4c3373db16adc92889a5c39c","name":"RCOG","location":{"lat":"51.526872","lng":"-0.161835","distance":"387","cc":"GB","country":"United Kingdom"},"categories":[{"id":"4bf58dd8d48988d19b941735","name":"College Science Building","pluralName":"College Science Buildings","shortName":"Science","icon":{"prefix":"https:\/\/ss1.4sqi.net\/img\/categories_v2\/education\/collegeacademicbuildings_science_","suffix":".png"},"primary":"true"}],"verified":"false","restricted":"true","stats":{"checkinsCount":"85","usersCount":"42","tipCount":"3"},"specials":{"count":"0"},"hereNow":{"count":"0"},"referralId":"v-1392477973"},{"id":"4ddb5f551f6e9b46a122b51d","name":"Wolfson Lecture Theatre @ LBS","contact":{"twitter":"lbs"},"location":{"address":"Park Rd","lat":"51.525993151187514","lng":"-0.16155644463950555","distance":"449","postalCode":"NW1 4","cc":"GB","city":"Paddington","state":"Greater London","country":"United Kingdom"},"categories":[{"id":"4bf58dd8d48988d1af941735","name":"College Auditorium","pluralName":"College Auditoriums","shortName":"Auditorium","icon":{"prefix":"https:\/\/ss1.4sqi.net\/img\/categories_v2\/building\/auditorium_","suffix":".png"},"primary":"true"}],"verified":"true","restricted":"true","stats":{"checkinsCount":"92","usersCount":"32","tipCount":"0"},"specials":{"count":"0"},"hereNow":{"count":"0"},"storeId":"","referralId":"v-1392477973"},{"id":"51e66f8c498e72c2cd47347e","name":"Regent's Smoking Area","location":{"lat":"51.52577073396218","lng":"-0.15520188381270375","distance":"431","cc":"GB","country":"United Kingdom"},"categories":[{"id":"4bf58dd8d48988d160941735","name":"Hot Spring","pluralName":"Hot Springs","shortName":"Hot Spring","icon":{"prefix":"https:\/\/ss1.4sqi.net\/img\/categories_v2\/parks_outdoors\/hotspring_","suffix":".png"},"primary":"true"}],"verified":"false","restricted":"true","stats":{"checkinsCount":"41","usersCount":"7","tipCount":"0"},"specials":{"count":"0"},"hereNow":{"count":"0"},"referralId":"v-1392477973"},{"id":"4c55839f4623be9a05ff97f4","name":"Rose Gardens","location":{"address":"Inner Circle","crossStreet":"Regents Park","lat":"51.526982420236536","lng":"-0.15347751230324447","distance":"394","postalCode":"NW1 4","cc":"GB","city":"Paddington","state":"Greater London","country":"United Kingdom"},"categories":[{"id":"4bf58dd8d48988d15a941735","name":"Garden","pluralName":"Gardens","shortName":"Garden","icon":{"prefix":"https:\/\/ss1.4sqi.net\/img\/categories_v2\/parks_outdoors\/garden_","suffix":".png"},"primary":"true"}],"verified":"false","restricted":"true","stats":{"checkinsCount":"354","usersCount":"213","tipCount":"0"},"specials":{"count":"0"},"hereNow":{"count":"0"},"referralId":"v-1392477973"},{"id":"4e42b6dcaeb73df7d8d72fc3","name":"Regent's Brasserie","location":{"address":"Regent's College","crossStreet":"1 Inner Circle","lat":"51.526046","lng":"-0.155649","distance":"390","cc":"GB","city":"London","state":"Greater London","country":"United Kingdom"},"categories":[{"id":"4bf58dd8d48988d1a1941735","name":"College Cafeteria","pluralName":"College Cafeterias","shortName":"Cafeteria","icon":{"prefix":"https:\/\/ss1.4sqi.net\/img\/categories_v2\/education\/cafeteria_","suffix":".png"},"primary":"true"}],"verified":"false","restricted":"true","stats":{"checkinsCount":"523","usersCount":"107","tipCount":"0"},"specials":{"count":"0"},"hereNow":{"count":"0"},"referralId":"v-1392477973"},{"id":"4f4ccf93e4b03af95ffa70d6","name":"Regent's College Gym","location":{"address":"Regent's College","crossStreet":"Inner Circle","lat":"51.52583745397272","lng":"-0.15542840797387075","distance":"417","postalCode":"NW1 4NS","cc":"GB","city":"London","state":"Greater London","country":"United Kingdom"},"categories":[{"id":"4bf58dd8d48988d1b2941735","name":"College Gym","pluralName":"College Gyms","shortName":"Gym","icon":{"prefix":"https:\/\/ss1.4sqi.net\/img\/categories_v2\/building\/gym_","suffix":".png"},"primary":"true"}],"verified":"false","restricted":"true","stats":{"checkinsCount":"67","usersCount":"17","tipCount":"0"},"specials":{"count":"0"},"hereNow":{"count":"0"},"referralId":"v-1392477973"},{"id":"4aeb0c71f964a52095bd21e3","name":"Royal College of Obstetricians & Gynaecologists","contact":{"phone":"+442077726200","formattedPhone":"+44 20 7772 6200"},"location":{"address":"27 Sussex Place","lat":"51.527017","lng":"-0.1617908477783203","distance":"374","postalCode":"NW1 4RG","cc":"GB","city":"London","state":"Greater London","country":"United Kingdom"},"categories":[{"id":"4bf58dd8d48988d19b941735","name":"College Science Building","pluralName":"College Science Buildings","shortName":"Science","icon":{"prefix":"https:\/\/ss1.4sqi.net\/img\/categories_v2\/education\/collegeacademicbuildings_science_","suffix":".png"},"primary":"true"}],"verified":"false","restricted":"true","stats":{"checkinsCount":"173","usersCount":"125","tipCount":"0"},"specials":{"count":"0"},"hereNow":{"count":"0"},"referralId":"v-1392477973"},{"id":"4e675461ae609d64bcd471f6","name":"Ambulance Standby Point","location":{"address":"Outer Circle","lat":"51.5304632","lng":"-0.1582962","distance":"135","cc":"GB","city":"Camden Town","state":"Greater London","country":"United Kingdom"},"verified":"false","restricted":"true","stats":{"checkinsCount":"3","usersCount":"1","tipCount":"0"},"specials":{"count":"0"},"hereNow":{"count":"0"},"referralId":"v-1392477973"},{"id":"4db53f610cb6729b6aa13d07","name":"LT6","location":{"lat":"51.525969","lng":"-0.160442","distance":"412","cc":"GB","country":"United Kingdom"},"categories":[{"id":"4bf58dd8d48988d1af941735","name":"College Auditorium","pluralName":"College Auditoriums","shortName":"Auditorium","icon":{"prefix":"https:\/\/ss1.4sqi.net\/img\/categories_v2\/building\/auditorium_","suffix":".png"},"primary":"true"}],"verified":"false","restricted":"true","stats":{"checkinsCount":"182","usersCount":"31","tipCount":"2"},"specials":{"count":"0"},"hereNow":{"count":"0"},"referralId":"v-1392477973"},{"id":"4f9fd9c5e4b05d0fc0e2417a","name":"LT3","location":{"lat":"51.52591205401159","lng":"-0.1609286512740973","distance":"433","cc":"GB","country":"United Kingdom"},"categories":[{"id":"4bf58dd8d48988d1a0941735","name":"College Classroom","pluralName":"College Classrooms","shortName":"Classroom","icon":{"prefix":"https:\/\/ss1.4sqi.net\/img\/categories_v2\/education\/classroom_","suffix":".png"},"primary":"true"}],"verified":"false","restricted":"true","stats":{"checkinsCount":"17","usersCount":"9","tipCount":"0"},"specials":{"count":"0"},"hereNow":{"count":"0"},"referralId":"v-1392477973"},{"id":"4cac468d44a8224bfad23140","name":"European Business School London","location":{"address":"Regent's College","crossStreet":"Inner Circle, Regent's Park","lat":"51.52557152733638","lng":"-0.15529471183184193","distance":"448","postalCode":"NW1","cc":"GB","city":"London","state":"Greater London","country":"United Kingdom"},"categories":[{"id":"4bf58dd8d48988d1ae941735","name":"University","pluralName":"Universities","shortName":"University","icon":{"prefix":"https:\/\/ss1.4sqi.net\/img\/categories_v2\/education\/default_","suffix":".png"},"primary":"true"}],"verified":"false","restricted":"true","stats":{"checkinsCount":"1531","usersCount":"149","tipCount":"5"},"specials":{"count":"0"},"hereNow":{"count":"0"},"referralId":"v-1392477973"},{"id":"4e00d91f483bd352f71f934b","name":"Regent's Park Bandstand","location":{"address":"Regent's Pk.","lat":"51.526565","lng":"-0.157453","distance":"304","postalCode":"NW1 4","cc":"GB","city":"Paddington","state":"Greater London","country":"United Kingdom"},"categories":[{"id":"4bf58dd8d48988d1f1931735","name":"General Entertainment","pluralName":"General Entertainment","shortName":"Entertainment","icon":{"prefix":"https:\/\/ss1.4sqi.net\/img\/categories_v2\/arts_entertainment\/default_","suffix":".png"},"primary":"true"}],"verified":"false","restricted":"true","stats":{"checkinsCount":"113","usersCount":"91","tipCount":"1"},"specials":{"count":"0"},"hereNow":{"count":"0"},"referralId":"v-1392477973"},{"id":"5213a97a498e0ef37816895c","name":"Jubilee Gates","location":{"lat":"51.527076","lng":"-0.153875","distance":"367","cc":"GB","country":"United Kingdom"},"categories":[{"id":"4bf58dd8d48988d163941735","name":"Park","pluralName":"Parks","shortName":"Park","icon":{"prefix":"https:\/\/ss1.4sqi.net\/img\/categories_v2\/parks_outdoors\/park_","suffix":".png"},"primary":"true"}],"verified":"false","restricted":"true","stats":{"checkinsCount":"2","usersCount":"2","tipCount":"0"},"specials":{"count":"0"},"hereNow":{"count":"0"},"referralId":"v-1392477973"}],"confident":"true"}}