{"meta":{"code":"200"},"response":{"venues":[{"id":"4b2e246ef964a520f9dc24e3","name":"Primrose Hill","contact":{"phone":"+442074867905","formattedPhone":"+44 20 7486 7905"},"location":{"address":"Primrose Hill Rd.","lat":"51.53944895575933","lng":"-0.1608896255493164","distance":"214","postalCode":"NW3 3DS","cc":"GB","city":"Primrose Hill","state":"Greater London","country":"United Kingdom"},"categories":[{"id":"4bf58dd8d48988d163941735","name":"Park","pluralName":"Parks","shortName":"Park","icon":{"prefix":"https:\/\/ss1.4sqi.net\/img\/categories_v2\/parks_outdoors\/park_","suffix":".png"},"primary":"true"}],"verified":"false","restricted":"true","stats":{"checkinsCount":"10159","usersCount":"5007","tipCount":"91"},"specials":{"count":"0"},"hereNow":{"count":"2","groups":[{"type":"others","name":"Other people here","count":"2"}]},"referralId":"v-1392477947"},{"id":"4ac518c3f964a52022a420e3","name":"The Queens","location":{"address":"49 Regents Park Rd.","lat":"51.540329793109635","lng":"-0.15784263610839844","distance":"115","postalCode":"NW1 8XD","cc":"GB","city":"Primrose Hill","state":"Greater London","country":"United Kingdom"},"categories":[{"id":"4bf58dd8d48988d116941735","name":"Bar","pluralName":"Bars","shortName":"Bar","icon":{"prefix":"https:\/\/ss1.4sqi.net\/img\/categories_v2\/nightlife\/bar_","suffix":".png"},"primary":"true"}],"verified":"false","restricted":"true","stats":{"checkinsCount":"971","usersCount":"608","tipCount":"12"},"specials":{"count":"0"},"hereNow":{"count":"1","groups":[{"type":"others","name":"Other people here","count":"1"}]},"referralId":"v-1392477947"},{"id":"4b6e97d8f964a52031c32ce3","name":"Cachao","location":{"address":"Regent Park Road","lat":"51.54106","lng":"-0.15719890594482422","distance":"201","cc":"GB","city":"Camden Town","state":"Greater London","country":"United Kingdom"},"categories":[{"id":"4bf58dd8d48988d16d941735","name":"Caf\u00e9","pluralName":"Caf\u00e9s","shortName":"Caf\u00e9","icon":{"prefix":"https:\/\/ss1.4sqi.net\/img\/categories_v2\/food\/cafe_","suffix":".png"},"primary":"true"}],"verified":"false","restricted":"true","stats":{"checkinsCount":"372","usersCount":"179","tipCount":"11"},"specials":{"count":"0"},"hereNow":{"count":"2","groups":[{"type":"others","name":"Other people here","count":"2"}]},"referralId":"v-1392477947"},{"id":"4ac518d6f964a52020a820e3","name":"Lemonia","contact":{"phone":"+442075867454","formattedPhone":"+44 20 7586 7454"},"location":{"address":"89 Regent's Park Rd.","lat":"51.54153207326674","lng":"-0.15683763136364576","distance":"258","postalCode":"NW1 8UY","cc":"GB","city":"London","state":"Greater London","country":"United Kingdom"},"categories":[{"id":"4bf58dd8d48988d10e941735","name":"Greek Restaurant","pluralName":"Greek Restaurants","shortName":"Greek","icon":{"prefix":"https:\/\/ss1.4sqi.net\/img\/categories_v2\/food\/greek_","suffix":".png"},"primary":"true"}],"verified":"false","restricted":"true","stats":{"checkinsCount":"883","usersCount":"707","tipCount":"25"},"url":"http:\/\/lemonia.co.uk","menu":{"type":"Menu","label":"Menu","anchor":"View Menu","url":"https:\/\/foursquare.com\/v\/lemonia\/4ac518d6f964a52020a820e3\/menu","mobileUrl":"https:\/\/foursquare.com\/v\/4ac518d6f964a52020a820e3\/device_menu"},"specials":{"count":"0"},"hereNow":{"count":"0"},"referralId":"v-1392477947"},{"id":"4af55bd7f964a520eaf821e3","name":"Le Tea Cosy","location":{"address":"51a Regents Park Road","lat":"51.540647","lng":"-0.157481","distance":"152","cc":"GB","city":"London","state":"Greater London","country":"United Kingdom"},"categories":[{"id":"4bf58dd8d48988d1e0931735","name":"Coffee Shop","pluralName":"Coffee Shops","shortName":"Coffee Shop","icon":{"prefix":"https:\/\/ss1.4sqi.net\/img\/categories_v2\/food\/coffeeshop_","suffix":".png"},"primary":"true"}],"verified":"false","restricted":"true","stats":{"checkinsCount":"118","usersCount":"95","tipCount":"4"},"specials":{"count":"0"},"hereNow":{"count":"0"},"referralId":"v-1392477947"},{"id":"4ac518b9f964a520a9a120e3","name":"Odette's","contact":{"phone":"+442075868569","formattedPhone":"+44 20 7586 8569"},"location":{"address":"130 Regent's Park Rd.","lat":"51.540746023366054","lng":"-0.15737333634350315","distance":"164","postalCode":"NW1 8XL","cc":"GB","city":"London","state":"Greater London","country":"United Kingdom"},"categories":[{"id":"4bf58dd8d48988d1c4941735","name":"Restaurant","pluralName":"Restaurants","shortName":"Restaurant","icon":{"prefix":"https:\/\/ss1.4sqi.net\/img\/categories_v2\/food\/default_","suffix":".png"},"primary":"true"}],"verified":"false","restricted":"true","stats":{"checkinsCount":"170","usersCount":"155","tipCount":"10"},"url":"http:\/\/www.odettesprimrosehill.com","menu":{"type":"Menu","label":"Menu","anchor":"View Menu","url":"https:\/\/foursquare.com\/v\/odettes-camden-greater-london\/4ac518b9f964a520a9a120e3\/menu","mobileUrl":"https:\/\/foursquare.com\/v\/4ac518b9f964a520a9a120e3\/device_menu"},"specials":{"count":"0"},"hereNow":{"count":"0"},"referralId":"v-1392477947"},{"id":"4baf7a97f964a5202e033ce3","name":"Pesantissimo","location":{"address":"57 Regents Park Road","crossStreet":"btw Chamberlain St & St George's Mews","lat":"51.54083693415343","lng":"-0.15755295753479004","distance":"173","postalCode":"nw1 8xd","cc":"GB","city":"London","state":"Greater London","country":"United Kingdom"},"categories":[{"id":"4bf58dd8d48988d110941735","name":"Italian Restaurant","pluralName":"Italian Restaurants","shortName":"Italian","icon":{"prefix":"https:\/\/ss1.4sqi.net\/img\/categories_v2\/food\/italian_","suffix":".png"},"primary":"true"}],"verified":"false","restricted":"true","stats":{"checkinsCount":"187","usersCount":"135","tipCount":"9"},"specials":{"count":"0"},"hereNow":{"count":"0"},"referralId":"v-1392477947"},{"id":"51e2dc9e498eaaa8b14b366c","name":"Oka","contact":{"phone":"+442074832072","formattedPhone":"+44 20 7483 2072","twitter":"restaurantoka"},"location":{"address":"71 regent park road","lat":"51.541306","lng":"-0.157187","distance":"228","postalCode":"NW1 8UY","cc":"GB","city":"London","state":"Greater London","country":"United Kingdom"},"categories":[{"id":"4bf58dd8d48988d142941735","name":"Asian Restaurant","pluralName":"Asian Restaurants","shortName":"Asian","icon":{"prefix":"https:\/\/ss1.4sqi.net\/img\/categories_v2\/food\/asian_","suffix":".png"},"primary":"true"}],"verified":"true","restricted":"true","stats":{"checkinsCount":"34","usersCount":"22","tipCount":"2"},"url":"http:\/\/www.okarestaurant.co.uk","specials":{"count":"1","items":[{"id":"527b662e498ee21112cae64c","type":"frequency","message":"Free Home made Mulled wine for every spent over \u00a315","description":"Unlocked every check-in","icon":"check-in","title":"Check-in Special","provider":"foursquare","redemption":"standard","page":{"id":"71081123","firstName":"Oka","gender":"none","photo":{"prefix":"https:\/\/irs1.4sqi.net\/img\/user\/","suffix":"\/71081123-DN2QNO5IKUUSPQRK.png"},"type":"venuePage","venue":{"id":"51e2dc9e498eaaa8b14b366c"},"tips":{"count":"0"},"homeCity":"","bio":""}}]},"hereNow":{"count":"0"},"venuePage":{"id":"71081123"},"storeId":"","referralId":"v-1392477947"},{"id":"4b1bafe2f964a520a8fc23e3","name":"Caf\u00e9 Seventy Nine","location":{"address":"79 Regents Park Rd","lat":"51.5413","lng":"-0.157089","distance":"229","cc":"GB","city":"Primrose Hill","state":"Greater London","country":"United Kingdom"},"categories":[{"id":"4bf58dd8d48988d1d3941735","name":"Vegetarian \/ Vegan Restaurant","pluralName":"Vegetarian \/ Vegan Restaurants","shortName":"Vegetarian \/ Vegan","icon":{"prefix":"https:\/\/ss1.4sqi.net\/img\/categories_v2\/food\/vegetarian_","suffix":".png"},"primary":"true"}],"verified":"false","restricted":"true","stats":{"checkinsCount":"330","usersCount":"192","tipCount":"9"},"specials":{"count":"0"},"hereNow":{"count":"0"},"referralId":"v-1392477947"},{"id":"4b939873f964a520984934e3","name":"Primrose Hill Books","location":{"address":"138 Regent's Park Rd.","lat":"51.540947","lng":"-0.15732765197753906","distance":"187","postalCode":"NW1 8XL","cc":"GB","city":"London","state":"Greater London","country":"United Kingdom"},"categories":[{"id":"4bf58dd8d48988d114951735","name":"Bookstore","pluralName":"Bookstores","shortName":"Bookstore","icon":{"prefix":"https:\/\/ss1.4sqi.net\/img\/categories_v2\/shops\/bookstore_","suffix":".png"},"primary":"true"}],"verified":"false","restricted":"true","stats":{"checkinsCount":"66","usersCount":"58","tipCount":"3"},"specials":{"count":"0"},"hereNow":{"count":"0"},"referralId":"v-1392477947"},{"id":"4e99aa4bd22d3f4f89145854","name":"Negozio Classica","contact":{"phone":"+442074834492","formattedPhone":"+44 20 7483 4492"},"location":{"address":"154 Regents Park Road","lat":"51.54138103840305","lng":"-0.15697","distance":"239","postalCode":"NW1 8XN","cc":"GB","city":"Camden","state":"Greater London","country":"United Kingdom"},"categories":[{"id":"4bf58dd8d48988d146941735","name":"Deli \/ Bodega","pluralName":"Delis \/ Bodegas","shortName":"Deli \/ Bodega","icon":{"prefix":"https:\/\/ss1.4sqi.net\/img\/categories_v2\/food\/deli_","suffix":".png"},"primary":"true"}],"verified":"false","restricted":"true","stats":{"checkinsCount":"132","usersCount":"94","tipCount":"6"},"specials":{"count":"0"},"hereNow":{"count":"0"},"referralId":"v-1392477947"},{"id":"4bc1e40babf495218590c193","name":"J (ristorante, pizzeria, italiano)","contact":{"phone":"+442075869100","formattedPhone":"+44 20 7586 9100"},"location":{"address":"148 Regents Park Rd.","lat":"51.541403522644686","lng":"-0.15709587778337764","distance":"240","postalCode":"NW1 8XN","cc":"GB","city":"Camden Town","state":"Greater London","country":"United Kingdom"},"categories":[{"id":"4bf58dd8d48988d110941735","name":"Italian Restaurant","pluralName":"Italian Restaurants","shortName":"Italian","icon":{"prefix":"https:\/\/ss1.4sqi.net\/img\/categories_v2\/food\/italian_","suffix":".png"},"primary":"true"}],"verified":"false","restricted":"true","stats":{"checkinsCount":"272","usersCount":"148","tipCount":"10"},"specials":{"count":"0"},"hereNow":{"count":"0"},"referralId":"v-1392477947"},{"id":"4fa97b03e4b0f6de2d052a94","name":"The. Hill","location":{"lat":"51.539601469319486","lng":"-0.1605544678135312","distance":"193","cc":"GB","country":"United Kingdom"},"categories":[{"id":"4bf58dd8d48988d163941735","name":"Park","pluralName":"Parks","shortName":"Park","icon":{"prefix":"https:\/\/ss1.4sqi.net\/img\/categories_v2\/parks_outdoors\/park_","suffix":".png"},"primary":"true"}],"verified":"false","restricted":"true","stats":{"checkinsCount":"57","usersCount":"48","tipCount":"0"},"specials":{"count":"0"},"hereNow":{"count":"0"},"referralId":"v-1392477947"},{"id":"4cf697c81801a14356aaead4","name":"Primrose Hill Community Association","contact":{"phone":"+442075868327","formattedPhone":"+44 20 7586 8327"},"location":{"address":"29 Hopkinsons Pl., Fitzroy Rd.","lat":"51.54003455032263","lng":"-0.15543794422492754","distance":"183","postalCode":"NW1 8TN","cc":"GB","city":"Primrose Hill","state":"Greater London","country":"United Kingdom"},"categories":[{"id":"50328a8e91d4c4b30a586d6c","name":"Non-Profit","pluralName":"Non-Profits","shortName":"Non-Profit","icon":{"prefix":"https:\/\/ss1.4sqi.net\/img\/categories_v2\/building\/default_","suffix":".png"},"primary":"true"}],"verified":"false","restricted":"true","stats":{"checkinsCount":"29","usersCount":"18","tipCount":"0"},"specials":{"count":"0"},"hereNow":{"count":"0"},"referralId":"v-1392477947"},{"id":"4b103a7bf964a520be6b23e3","name":"Shepherd Food & Wine","contact":{"phone":"+442075864592","formattedPhone":"+44 20 7586 4592"},"location":{"address":"59-61 Regent's Park Rd","lat":"51.54085027989406","lng":"-0.15739202499389648","distance":"176","postalCode":"NW1 8XD","cc":"GB","city":"Primrose Hill","state":"Greater London","country":"United Kingdom"},"categories":[{"id":"4d954b0ea243a5684a65b473","name":"Convenience Store","pluralName":"Convenience Stores","shortName":"Convenience Stores","icon":{"prefix":"https:\/\/ss1.4sqi.net\/img\/categories_v2\/shops\/conveniencestore_","suffix":".png"},"primary":"true"}],"verified":"false","restricted":"true","stats":{"checkinsCount":"284","usersCount":"81","tipCount":"7"},"specials":{"count":"0"},"hereNow":{"count":"0"},"referralId":"v-1392477947"},{"id":"5197623d498ea3643799402d","name":"ChikP","location":{"lat":"51.540847","lng":"-0.157515","distance":"174","cc":"GB","country":"United Kingdom"},"categories":[{"id":"4bf58dd8d48988d10b941735","name":"Falafel Restaurant","pluralName":"Falafel Restaurants","shortName":"Falafel","icon":{"prefix":"https:\/\/ss1.4sqi.net\/img\/categories_v2\/food\/falafel_","suffix":".png"},"primary":"true"}],"verified":"false","restricted":"true","stats":{"checkinsCount":"8","usersCount":"3","tipCount":"1"},"specials":{"count":"0"},"hereNow":{"count":"0"},"referralId":"v-1392477947"},{"id":"4c35eed3452620a1747a270f","name":"Anthony's Cafe & Patiserie","location":{"address":"148 Regents Park Road","lat":"51.541429","lng":"-0.15713","distance":"242","cc":"GB","city":"London","state":"Greater London","country":"United Kingdom"},"categories":[{"id":"4bf58dd8d48988d16d941735","name":"Caf\u00e9","pluralName":"Caf\u00e9s","shortName":"Caf\u00e9","icon":{"prefix":"https:\/\/ss1.4sqi.net\/img\/categories_v2\/food\/cafe_","suffix":".png"},"primary":"true"}],"verified":"false","restricted":"true","stats":{"checkinsCount":"69","usersCount":"43","tipCount":"4"},"specials":{"count":"0"},"hereNow":{"count":"0"},"referralId":"v-1392477947"},{"id":"51bc9d0e498e24fd0668f826","name":"Chalcot Square","location":{"lat":"51.54104576692122","lng":"-0.15569635516065417","distance":"243","cc":"GB","country":"United Kingdom"},"categories":[{"id":"4bf58dd8d48988d163941735","name":"Park","pluralName":"Parks","shortName":"Park","icon":{"prefix":"https:\/\/ss1.4sqi.net\/img\/categories_v2\/parks_outdoors\/park_","suffix":".png"},"primary":"true"}],"verified":"false","restricted":"true","stats":{"checkinsCount":"11","usersCount":"5","tipCount":"0"},"specials":{"count":"0"},"hereNow":{"count":"0"},"referralId":"v-1392477947"},{"id":"511e6140e4b0c9d4ec0ae3a4","name":"Voyced","location":{"address":"26 York Street","lat":"51.53853962198729","lng":"-0.1570430648182507","distance":"98","cc":"GB","city":"London","state":"Greater London","country":"United Kingdom"},"categories":[{"id":"4bf58dd8d48988d125941735","name":"Tech Startup","pluralName":"Tech Startups","shortName":"Tech Startup","icon":{"prefix":"https:\/\/ss1.4sqi.net\/img\/categories_v2\/shops\/technology_","suffix":".png"},"primary":"true"}],"verified":"false","restricted":"true","stats":{"checkinsCount":"23","usersCount":"2","tipCount":"1"},"specials":{"count":"0"},"hereNow":{"count":"0"},"referralId":"v-1392477947"},{"id":"51c1bf4c498e1ae3e11c7424","name":"Post Office","location":{"lat":"51.541795","lng":"-0.156839","distance":"286","cc":"GB","country":"United Kingdom"},"categories":[{"id":"4bf58dd8d48988d172941735","name":"Post Office","pluralName":"Post Offices","shortName":"Post Office","icon":{"prefix":"https:\/\/ss1.4sqi.net\/img\/categories_v2\/building\/postoffice_","suffix":".png"},"primary":"true"}],"verified":"false","restricted":"true","stats":{"checkinsCount":"9","usersCount":"7","tipCount":"0"},"specials":{"count":"0"},"hereNow":{"count":"0"},"referralId":"v-1392477947"},{"id":"4ff31763e4b041a995497cc4","name":"Oldfield Estate","location":{"lat":"51.539373","lng":"-0.156399","distance":"97","cc":"GB","country":"United Kingdom"},"categories":[{"id":"4f2a210c4b9023bd5841ed28","name":"Housing Development","pluralName":"Housing Developments","shortName":"Housing Development","icon":{"prefix":"https:\/\/ss1.4sqi.net\/img\/categories_v2\/building\/housingdevelopment_","suffix":".png"},"primary":"true"}],"verified":"false","restricted":"true","stats":{"checkinsCount":"1","usersCount":"1","tipCount":"0"},"specials":{"count":"0"},"hereNow":{"count":"0"},"referralId":"v-1392477947"},{"id":"4c88d960bbec6dcb0becd658","name":"Primrose Patisserie","location":{"lat":"51.540824","lng":"-0.157355","distance":"173","cc":"GB","country":"United Kingdom"},"categories":[{"id":"4bf58dd8d48988d16d941735","name":"Caf\u00e9","pluralName":"Caf\u00e9s","shortName":"Caf\u00e9","icon":{"prefix":"https:\/\/ss1.4sqi.net\/img\/categories_v2\/food\/cafe_","suffix":".png"},"primary":"true"}],"verified":"false","restricted":"true","stats":{"checkinsCount":"55","usersCount":"45","tipCount":"2"},"specials":{"count":"0"},"hereNow":{"count":"0"},"referralId":"v-1392477947"},{"id":"4eaac5552c5b5d71e6ec09c4","name":"Macs Salon","location":{"address":"Princess Street","lat":"51.538739270721464","lng":"-0.15642633597911826","distance":"113","cc":"GB","city":"London","state":"Greater London","country":"United Kingdom"},"categories":[{"id":"4bf58dd8d48988d110951735","name":"Salon \/ Barbershop","pluralName":"Salons \/ Barbershops","shortName":"Salon \/ Barbershop","icon":{"prefix":"https:\/\/ss1.4sqi.net\/img\/categories_v2\/shops\/salon_barber_","suffix":".png"},"primary":"true"}],"verified":"false","restricted":"true","stats":{"checkinsCount":"7","usersCount":"6","tipCount":"0"},"specials":{"count":"0"},"hereNow":{"count":"0"},"referralId":"v-1392477947"},{"id":"4fa0670ee4b0c5623d8262b2","name":"SqueezePlay HQ","location":{"address":"Regents Park Road","lat":"51.54159374264647","lng":"-0.15681505768132714","distance":"265","postalCode":"NW1","cc":"GB","city":"London","state":"Greater London","country":"United Kingdom"},"categories":[{"id":"4bf58dd8d48988d124941735","name":"Office","pluralName":"Offices","shortName":"Office","icon":{"prefix":"https:\/\/ss1.4sqi.net\/img\/categories_v2\/building\/default_","suffix":".png"},"primary":"true"}],"verified":"false","restricted":"true","stats":{"checkinsCount":"14","usersCount":"1","tipCount":"0"},"specials":{"count":"0"},"hereNow":{"count":"0"},"referralId":"v-1392477947"},{"id":"525b11c3498e8ed3e83e07e1","name":"Dog Area","location":{"lat":"51.538667","lng":"-0.158967","distance":"106","cc":"GB","country":"United Kingdom"},"categories":[{"id":"4bf58dd8d48988d1e5941735","name":"Dog Run","pluralName":"Dog Runs","shortName":"Dog Run","icon":{"prefix":"https:\/\/ss1.4sqi.net\/img\/categories_v2\/parks_outdoors\/dogrun_","suffix":".png"},"primary":"true"}],"verified":"false","restricted":"true","stats":{"checkinsCount":"0","usersCount":"0","tipCount":"0"},"specials":{"count":"0"},"hereNow":{"count":"0"},"referralId":"v-1392477947"},{"id":"4c3868983849c9289761bfb1","name":"Primrose Beach","location":{"address":"Primrose Hill","lat":"51.54052405687243","lng":"-0.15619629734947457","distance":"176","cc":"GB","city":"Camden Town","state":"Greater London","country":"United Kingdom"},"categories":[{"id":"4bf58dd8d48988d1e2941735","name":"Beach","pluralName":"Beaches","shortName":"Beach","icon":{"prefix":"https:\/\/ss1.4sqi.net\/img\/categories_v2\/parks_outdoors\/beach_","suffix":".png"},"primary":"true"}],"verified":"false","restricted":"true","stats":{"checkinsCount":"122","usersCount":"43","tipCount":"0"},"specials":{"count":"0"},"hereNow":{"count":"0"},"referralId":"v-1392477947"},{"id":"522b1ef311d23ade491d2ffb","name":"Pup Aid","contact":{"twitter":"pupaid"},"location":{"lat":"51.538186","lng":"-0.158019","distance":"123","cc":"GB","country":"United Kingdom"},"categories":[{"id":"4bf58dd8d48988d1f1931735","name":"General Entertainment","pluralName":"General Entertainment","shortName":"Entertainment","icon":{"prefix":"https:\/\/ss1.4sqi.net\/img\/categories_v2\/arts_entertainment\/default_","suffix":".png"},"primary":"true"}],"verified":"false","restricted":"true","stats":{"checkinsCount":"4","usersCount":"4","tipCount":"0"},"specials":{"count":"0"},"hereNow":{"count":"0"},"referralId":"v-1392477947"},{"id":"4da6b9114df0260c3e982983","name":"Fitzroy's Flowers","location":{"lat":"51.541218","lng":"-0.157143","distance":"219","cc":"GB","city":"Camden Town","state":"Greater London","country":"United Kingdom"},"categories":[{"id":"4bf58dd8d48988d11b951735","name":"Flower Shop","pluralName":"Flower Shops","shortName":"Flower Shop","icon":{"prefix":"https:\/\/ss1.4sqi.net\/img\/categories_v2\/shops\/flowershop_","suffix":".png"},"primary":"true"}],"verified":"false","restricted":"true","stats":{"checkinsCount":"4","usersCount":"3","tipCount":"0"},"specials":{"count":"0"},"hereNow":{"count":"0"},"referralId":"v-1392477947"},{"id":"525b118511d280a8c32f2fad","name":"Dog Area","location":{"lat":"51.538236","lng":"-0.15831","distance":"122","cc":"GB","country":"United Kingdom"},"categories":[{"id":"4bf58dd8d48988d1e5941735","name":"Dog Run","pluralName":"Dog Runs","shortName":"Dog Run","icon":{"prefix":"https:\/\/ss1.4sqi.net\/img\/categories_v2\/parks_outdoors\/dogrun_","suffix":".png"},"primary":"true"}],"verified":"false","restricted":"true","stats":{"checkinsCount":"0","usersCount":"0","tipCount":"0"},"specials":{"count":"0"},"hereNow":{"count":"0"},"referralId":"v-1392477947"},{"id":"4bbf551db083a5931137a3e9","name":"Primrose Hill Surgery","location":{"lat":"51.541820552474164","lng":"-0.15618381673740306","distance":"303","cc":"GB","country":"United Kingdom"},"categories":[{"id":"4bf58dd8d48988d177941735","name":"Doctor's Office","pluralName":"Doctor's Offices","shortName":"Doctor's Office","icon":{"prefix":"https:\/\/ss1.4sqi.net\/img\/categories_v2\/building\/medical_doctorsoffice_","suffix":".png"},"primary":"true"}],"verified":"false","restricted":"true","stats":{"checkinsCount":"19","usersCount":"14","tipCount":"0"},"specials":{"count":"0"},"hereNow":{"count":"0"},"referralId":"v-1392477947"}],"confident":"true"}}