{"meta":{"code":"200"},"response":{"venues":[{"id":"4ac518d2f964a5203da720e3","name":"British Museum","contact":{"phone":"+442073238299","formattedPhone":"+44 20 7323 8299","twitter":"britishmuseum"},"location":{"address":"Great Russell St","lat":"51.519271779584045","lng":"-0.1268470287322998","distance":"66","postalCode":"WC1B 3DG","cc":"GB","city":"London","state":"Greater London","country":"United Kingdom"},"categories":[{"id":"4bf58dd8d48988d190941735","name":"History Museum","pluralName":"History Museums","shortName":"History Museum","icon":{"prefix":"https:\/\/ss1.4sqi.net\/img\/categories_v2\/arts_entertainment\/museum_history_","suffix":".png"},"primary":"true"}],"verified":"true","restricted":"true","stats":{"checkinsCount":"40691","usersCount":"32604","tipCount":"330"},"url":"http:\/\/www.britishmuseum.org","reservations":{"url":"http:\/\/www.toptable.co.uk\/single.aspx?rid=86794&ref=9601"},"specials":{"count":"0"},"hereNow":{"count":"27","groups":[{"type":"others","name":"Other people here","count":"27"}]},"storeId":"","referralId":"v-1392478003"},{"id":"4dac5d654df01c19b1b28234","name":"The Rosetta Stone","location":{"address":"The British Museum","lat":"51.519184991073665","lng":"-0.12748003005981445","distance":"25","postalCode":"WC1B 3DG","cc":"GB","city":"London","state":"Greater London","country":"United Kingdom"},"categories":[{"id":"4bf58dd8d48988d12d941735","name":"Monument \/ Landmark","pluralName":"Monuments \/ Landmarks","shortName":"Landmark","icon":{"prefix":"https:\/\/ss1.4sqi.net\/img\/categories_v2\/building\/government_monument_","suffix":".png"},"primary":"true"}],"verified":"false","restricted":"true","stats":{"checkinsCount":"917","usersCount":"839","tipCount":"2"},"specials":{"count":"0"},"hereNow":{"count":"0"},"referralId":"v-1392478003"},{"id":"4c61723312e5c928db93214c","name":"No. 29 To Wood Green","location":{"lat":"51.517108924194424","lng":"-0.12842896095776585","distance":"246","postalCode":"WC2H 8","cc":"GB","city":"Camden Town","state":"Greater London","country":"United Kingdom"},"categories":[{"id":"4bf58dd8d48988d12b951735","name":"Bus Line","pluralName":"Bus Lines","shortName":"Bus","icon":{"prefix":"https:\/\/ss1.4sqi.net\/img\/categories_v2\/travel\/busstation_","suffix":".png"},"primary":"true"}],"verified":"false","restricted":"true","stats":{"checkinsCount":"85","usersCount":"28","tipCount":"0"},"specials":{"count":"0"},"hereNow":{"count":"0"},"referralId":"v-1392478003"},{"id":"4e789a57d22dc865f103ca43","name":"The Parthenon Rooms, British Museum","contact":{"phone":"+442073238000","formattedPhone":"+44 20 7323 8000","twitter":"britishmuseum"},"location":{"address":"Great Russell St","crossStreet":"Montague Pl","lat":"51.51909330811015","lng":"-0.1272855958430243","distance":"41","postalCode":"WC1B 3DG","cc":"GB","city":"London","state":"Greater London","country":"United Kingdom"},"categories":[{"id":"4bf58dd8d48988d190941735","name":"History Museum","pluralName":"History Museums","shortName":"History Museum","icon":{"prefix":"https:\/\/ss1.4sqi.net\/img\/categories_v2\/arts_entertainment\/museum_history_","suffix":".png"},"primary":"true"}],"verified":"false","restricted":"true","stats":{"checkinsCount":"410","usersCount":"361","tipCount":"5"},"specials":{"count":"0"},"hereNow":{"count":"0"},"referralId":"v-1392478003"},{"id":"52b87649498e3051e97b141a","name":"Londen","location":{"lat":"51.51925759410609","lng":"-0.12881117692986987","distance":"69","cc":"GB","country":"United Kingdom"},"categories":[{"id":"5267e4d9e4b0ec79466e48c6","name":"Conference","pluralName":"Conferences","shortName":"Conference","icon":{"prefix":"https:\/\/ss1.4sqi.net\/img\/categories_v2\/event\/default_","suffix":".png"},"primary":"true"}],"verified":"false","restricted":"true","stats":{"checkinsCount":"59","usersCount":"57","tipCount":"0"},"specials":{"count":"0"},"hereNow":{"count":"2","groups":[{"type":"others","name":"Other people here","count":"2"}]},"referralId":"v-1392478003"},{"id":"4bbe1aa2eeca952133004df1","name":"Bedford Square","location":{"address":"Bedford Square","crossStreet":"Gower St.","lat":"51.51881489618151","lng":"-0.1294209996451243","distance":"123","postalCode":"W1","cc":"GB","city":"London","state":"Greater London","country":"United Kingdom"},"categories":[{"id":"4bf58dd8d48988d164941735","name":"Plaza","pluralName":"Plazas","shortName":"Plaza","icon":{"prefix":"https:\/\/ss1.4sqi.net\/img\/categories_v2\/parks_outdoors\/plaza_","suffix":".png"},"primary":"true"}],"verified":"false","restricted":"true","stats":{"checkinsCount":"1723","usersCount":"732","tipCount":"14"},"specials":{"count":"0"},"hereNow":{"count":"1","groups":[{"type":"others","name":"Other people here","count":"1"}]},"referralId":"v-1392478003"},{"id":"4f770a44e4b0e8caa5604582","name":"Court Caf\u00e9","location":{"address":"The British Museum","crossStreet":"Great Court","lat":"51.51951016217634","lng":"-0.1272747173250575","distance":"44","postalCode":"WC1B 3DG","cc":"GB","city":"London","state":"Greater London","country":"United Kingdom"},"categories":[{"id":"4bf58dd8d48988d16d941735","name":"Caf\u00e9","pluralName":"Caf\u00e9s","shortName":"Caf\u00e9","icon":{"prefix":"https:\/\/ss1.4sqi.net\/img\/categories_v2\/food\/cafe_","suffix":".png"},"primary":"true"}],"verified":"false","restricted":"true","stats":{"checkinsCount":"116","usersCount":"114","tipCount":"3"},"specials":{"count":"0"},"hereNow":{"count":"0"},"referralId":"v-1392478003"},{"id":"4b018130f964a520f64222e3","name":"NYU in London Student Centre","contact":{"twitter":"nyuinlondon"},"location":{"address":"6 Bedford Sq.","lat":"51.519255","lng":"-0.129101","distance":"89","postalCode":"WC1B 3RA","cc":"GB","city":"London","state":"Greater London","country":"United Kingdom"},"categories":[{"id":"4bf58dd8d48988d1ab941735","name":"Student Center","pluralName":"Student Centers","shortName":"Student Center","icon":{"prefix":"https:\/\/ss1.4sqi.net\/img\/categories_v2\/education\/studentcenter_","suffix":".png"},"primary":"true"}],"verified":"false","restricted":"true","stats":{"checkinsCount":"1145","usersCount":"136","tipCount":"0"},"url":"http:\/\/www.nyu.edu\/global\/london\/","specials":{"count":"0"},"hereNow":{"count":"0"},"referralId":"v-1392478003"},{"id":"4eb67f7230f8d0f18cca356b","name":"Great Court","location":{"lat":"51.519245022128466","lng":"-0.126975963839958","distance":"57","cc":"GB","country":"United Kingdom"},"categories":[{"id":"4bf58dd8d48988d181941735","name":"Museum","pluralName":"Museums","shortName":"Museum","icon":{"prefix":"https:\/\/ss1.4sqi.net\/img\/categories_v2\/arts_entertainment\/museum_","suffix":".png"},"primary":"true"}],"verified":"false","restricted":"true","stats":{"checkinsCount":"264","usersCount":"214","tipCount":"1"},"specials":{"count":"0"},"hereNow":{"count":"0"},"referralId":"v-1392478003"},{"id":"52515ca0498efa03659f48a9","name":"Shunga - Sex and Pleasure in Japanese art","location":{"lat":"51.519131028380485","lng":"-0.12678004526339098","distance":"73","cc":"GB","country":"United Kingdom"},"categories":[{"id":"4bf58dd8d48988d1e2931735","name":"Art Gallery","pluralName":"Art Galleries","shortName":"Art Gallery","icon":{"prefix":"https:\/\/ss1.4sqi.net\/img\/categories_v2\/arts_entertainment\/artgallery_","suffix":".png"},"primary":"true"}],"verified":"false","restricted":"true","stats":{"checkinsCount":"68","usersCount":"62","tipCount":"2"},"specials":{"count":"0"},"hereNow":{"count":"0"},"referralId":"v-1392478003"},{"id":"526bd1a611d225401f7a5ddd","name":"Beyond El Dorado at The British Musuem","location":{"lat":"51.519401","lng":"-0.126801","distance":"70","cc":"GB","country":"United Kingdom"},"categories":[{"id":"4bf58dd8d48988d190941735","name":"History Museum","pluralName":"History Museums","shortName":"History Museum","icon":{"prefix":"https:\/\/ss1.4sqi.net\/img\/categories_v2\/arts_entertainment\/museum_history_","suffix":".png"},"primary":"true"}],"verified":"false","restricted":"true","stats":{"checkinsCount":"34","usersCount":"34","tipCount":"0"},"specials":{"count":"0"},"hereNow":{"count":"0"},"referralId":"v-1392478003"},{"id":"4b8cd1ebf964a52012de32e3","name":"Radisson Blu Edwardian Hotel","contact":{"phone":"+442076365601","formattedPhone":"+44 20 7636 5601","twitter":"rbehotels"},"location":{"address":"13 Bloomsbury St.","lat":"51.51757974716796","lng":"-0.12761660558240634","distance":"190","postalCode":"WC1B 3QD","cc":"GB","city":"London","state":"Greater London","country":"United Kingdom"},"categories":[{"id":"4bf58dd8d48988d1fa931735","name":"Hotel","pluralName":"Hotels","shortName":"Hotel","icon":{"prefix":"https:\/\/ss1.4sqi.net\/img\/categories_v2\/travel\/hotel_","suffix":".png"},"primary":"true"}],"verified":"true","restricted":"true","stats":{"checkinsCount":"4451","usersCount":"1905","tipCount":"41"},"url":"http:\/\/www.radissonedwardian.com","specials":{"count":"0"},"hereNow":{"count":"1","groups":[{"type":"others","name":"Other people here","count":"1"}]},"storeId":"","referralId":"v-1392478003"},{"id":"52da7cba498ea081268ac75e","name":"Room 25: Africa-British Museum","location":{"lat":"51.519475","lng":"-0.127239","distance":"44","cc":"GB","country":"United Kingdom"},"categories":[{"id":"4bf58dd8d48988d181941735","name":"Museum","pluralName":"Museums","shortName":"Museum","icon":{"prefix":"https:\/\/ss1.4sqi.net\/img\/categories_v2\/arts_entertainment\/museum_","suffix":".png"},"primary":"true"}],"verified":"false","restricted":"true","stats":{"checkinsCount":"5","usersCount":"5","tipCount":"0"},"specials":{"count":"0"},"hereNow":{"count":"0"},"referralId":"v-1392478003"},{"id":"52ac3d5f11d293ec44477a11","name":"British Museum Enlightenment Gallery","location":{"lat":"51.51932907104492","lng":"-0.12632860243320465","distance":"102","cc":"GB","country":"United Kingdom"},"categories":[{"id":"4bf58dd8d48988d190941735","name":"History Museum","pluralName":"History Museums","shortName":"History Museum","icon":{"prefix":"https:\/\/ss1.4sqi.net\/img\/categories_v2\/arts_entertainment\/museum_history_","suffix":".png"},"primary":"true"}],"verified":"false","restricted":"true","stats":{"checkinsCount":"20","usersCount":"17","tipCount":"1"},"specials":{"count":"0"},"hereNow":{"count":"0"},"referralId":"v-1392478003"},{"id":"4ffbdd67e4b0582ddd0f2ee5","name":"Radisson Blu Edwardian Kenilworth","location":{"address":"94 Great Russell St.","lat":"51.51786698307532","lng":"-0.12783623813536973","distance":"158","cc":"GB","city":"London","state":"Greater London","country":"United Kingdom"},"categories":[{"id":"4bf58dd8d48988d1fa931735","name":"Hotel","pluralName":"Hotels","shortName":"Hotel","icon":{"prefix":"https:\/\/ss1.4sqi.net\/img\/categories_v2\/travel\/hotel_","suffix":".png"},"primary":"true"}],"verified":"false","restricted":"true","stats":{"checkinsCount":"737","usersCount":"381","tipCount":"6"},"specials":{"count":"0"},"hereNow":{"count":"0"},"referralId":"v-1392478003"},{"id":"4bacbc6cf964a520f6073be3","name":"Tas Restaurant","contact":{"phone":"+442076374555","formattedPhone":"+44 20 7637 4555","twitter":"tasrestaurants"},"location":{"address":"22 Bloomsbury St.","lat":"51.517881","lng":"-0.127639","distance":"157","postalCode":"WC1B 3QJ","cc":"GB","city":"London","state":"Greater London","country":"United Kingdom"},"categories":[{"id":"4f04af1f2fb6e1c99f3db0bb","name":"Turkish Restaurant","pluralName":"Turkish Restaurants","shortName":"Turkish","icon":{"prefix":"https:\/\/ss1.4sqi.net\/img\/categories_v2\/food\/turkish_","suffix":".png"},"primary":"true"}],"verified":"false","restricted":"true","stats":{"checkinsCount":"723","usersCount":"618","tipCount":"19"},"url":"http:\/\/www.tasrestaurants.co.uk\/bloomsbury.html","specials":{"count":"0"},"hereNow":{"count":"0"},"referralId":"v-1392478003"},{"id":"4fae6d1fe4b03b8054f2fedb","name":"British Museum Shop","contact":{"twitter":"britishmuseum"},"location":{"lat":"51.518556640776886","lng":"-0.12593695644683348","distance":"152","cc":"GB","country":"United Kingdom"},"categories":[{"id":"4bf58dd8d48988d127951735","name":"Arts & Crafts Store","pluralName":"Arts & Crafts Stores","shortName":"Arts & Crafts","icon":{"prefix":"https:\/\/ss1.4sqi.net\/img\/categories_v2\/shops\/artstore_","suffix":".png"},"primary":"true"}],"verified":"true","restricted":"true","stats":{"checkinsCount":"425","usersCount":"398","tipCount":"0"},"specials":{"count":"0"},"hereNow":{"count":"0"},"referralId":"v-1392478003"},{"id":"52da7695498eea2fa0371054","name":"Room 24: Living and Dying-British Museum","location":{"lat":"51.519632","lng":"-0.12722","distance":"55","cc":"GB","country":"United Kingdom"},"categories":[{"id":"4bf58dd8d48988d181941735","name":"Museum","pluralName":"Museums","shortName":"Museum","icon":{"prefix":"https:\/\/ss1.4sqi.net\/img\/categories_v2\/arts_entertainment\/museum_","suffix":".png"},"primary":"true"}],"verified":"false","restricted":"true","stats":{"checkinsCount":"1","usersCount":"1","tipCount":"0"},"specials":{"count":"0"},"hereNow":{"count":"0"},"referralId":"v-1392478003"},{"id":"4ad9fbdef964a520bf1c21e3","name":"Senate House","contact":{"phone":"+442078628000","formattedPhone":"+44 20 7862 8000"},"location":{"address":"University of London, Malet St.","lat":"51.520848583920596","lng":"-0.12846380199025806","distance":"179","postalCode":"WC1E 7HU","cc":"GB","city":"London","state":"Greater London","country":"United Kingdom"},"categories":[{"id":"4bf58dd8d48988d197941735","name":"College Administrative Building","pluralName":"College Administrative Buildings","shortName":"Administrative Building","icon":{"prefix":"https:\/\/ss1.4sqi.net\/img\/categories_v2\/education\/administrativebuilding_","suffix":".png"},"primary":"true"}],"verified":"false","restricted":"true","stats":{"checkinsCount":"1614","usersCount":"660","tipCount":"4"},"url":"http:\/\/www.london.ac.uk","specials":{"count":"0"},"hereNow":{"count":"0"},"referralId":"v-1392478003"},{"id":"505715c1e4b0e932ca096292","name":"Great Court Restaurant","location":{"address":"British Museum","crossStreet":"Great Russell St.","lat":"51.519624","lng":"-0.127281","distance":"51","postalCode":"WC1B 3DG","cc":"GB","city":"London","state":"Greater London","country":"United Kingdom"},"categories":[{"id":"4bf58dd8d48988d1c4941735","name":"Restaurant","pluralName":"Restaurants","shortName":"Restaurant","icon":{"prefix":"https:\/\/ss1.4sqi.net\/img\/categories_v2\/food\/default_","suffix":".png"},"primary":"true"}],"verified":"false","restricted":"true","stats":{"checkinsCount":"69","usersCount":"66","tipCount":"3"},"url":"https:\/\/www.britishmuseum.org\/visiting\/eating\/great_court_restaurant.aspx","menu":{"type":"Menu","label":"Menu","anchor":"View Menu","url":"https:\/\/foursquare.com\/v\/great-court-restaurant\/505715c1e4b0e932ca096292\/menu","mobileUrl":"https:\/\/foursquare.com\/v\/505715c1e4b0e932ca096292\/device_menu"},"specials":{"count":"0"},"hereNow":{"count":"0"},"referralId":"v-1392478003"},{"id":"52dbe523498e14b299c8e13f","name":"The Lewis Chessmen","location":{"address":"British Museum","lat":"51.519309","lng":"-0.126784","distance":"70","cc":"GB","country":"United Kingdom"},"categories":[{"id":"4bf58dd8d48988d190941735","name":"History Museum","pluralName":"History Museums","shortName":"History Museum","icon":{"prefix":"https:\/\/ss1.4sqi.net\/img\/categories_v2\/arts_entertainment\/museum_history_","suffix":".png"},"primary":"true"}],"verified":"false","restricted":"true","stats":{"checkinsCount":"1","usersCount":"1","tipCount":"0"},"specials":{"count":"0"},"hereNow":{"count":"0"},"referralId":"v-1392478003"},{"id":"4f7dced9e4b002615a63da3c","name":"Bus Stop R","location":{"lat":"51.51865697693244","lng":"-0.12820702240839704","distance":"75","cc":"GB","country":"United Kingdom"},"categories":[{"id":"4bf58dd8d48988d1fe931735","name":"Bus Station","pluralName":"Bus Stations","shortName":"Bus Station","icon":{"prefix":"https:\/\/ss1.4sqi.net\/img\/categories_v2\/travel\/busstation_","suffix":".png"},"primary":"true"}],"verified":"false","restricted":"true","stats":{"checkinsCount":"7","usersCount":"7","tipCount":"0"},"specials":{"count":"0"},"hereNow":{"count":"0"},"referralId":"v-1392478003"},{"id":"4d6b93429f4b6dcbaa287228","name":"The Gresham Hotel","location":{"address":"36-38 Bloomsbury St City of London","lat":"51.518169238737386","lng":"-0.1279579082020269","distance":"125","postalCode":"36-38 Blooms","cc":"GB","city":"London","state":"Greater London","country":"United Kingdom"},"categories":[{"id":"4bf58dd8d48988d1fa931735","name":"Hotel","pluralName":"Hotels","shortName":"Hotel","icon":{"prefix":"https:\/\/ss1.4sqi.net\/img\/categories_v2\/travel\/hotel_","suffix":".png"},"primary":"true"}],"verified":"false","restricted":"true","stats":{"checkinsCount":"71","usersCount":"40","tipCount":"2"},"specials":{"count":"0"},"hereNow":{"count":"0"},"referralId":"v-1392478003"},{"id":"5132268de4b02c445f1edda7","name":"Ice Age Art exhibition At British Museum","location":{"lat":"51.519403471228536","lng":"-0.1266647786705514","distance":"79","cc":"GB","city":"London","state":"Greater London","country":"United Kingdom"},"categories":[{"id":"4bf58dd8d48988d190941735","name":"History Museum","pluralName":"History Museums","shortName":"History Museum","icon":{"prefix":"https:\/\/ss1.4sqi.net\/img\/categories_v2\/arts_entertainment\/museum_history_","suffix":".png"},"primary":"true"}],"verified":"false","restricted":"true","stats":{"checkinsCount":"77","usersCount":"73","tipCount":"2"},"specials":{"count":"0"},"hereNow":{"count":"0"},"referralId":"v-1392478003"},{"id":"5156aeb9e4b0ac343a781e1e","name":"Great Russel Street","location":{"lat":"51.518475","lng":"-0.128338","distance":"97","cc":"GB","country":"United Kingdom"},"categories":[{"id":"4bf58dd8d48988d12b951735","name":"Bus Line","pluralName":"Bus Lines","shortName":"Bus","icon":{"prefix":"https:\/\/ss1.4sqi.net\/img\/categories_v2\/travel\/busstation_","suffix":".png"},"primary":"true"}],"verified":"false","restricted":"true","stats":{"checkinsCount":"13","usersCount":"11","tipCount":"0"},"specials":{"count":"0"},"hereNow":{"count":"0"},"referralId":"v-1392478003"},{"id":"51eb19bc498e14f14057d104","name":"Scoff & Banter","location":{"lat":"51.517722947020104","lng":"-0.12806037149954894","distance":"175","cc":"GB","country":"United Kingdom"},"categories":[{"id":"4bf58dd8d48988d116941735","name":"Bar","pluralName":"Bars","shortName":"Bar","icon":{"prefix":"https:\/\/ss1.4sqi.net\/img\/categories_v2\/nightlife\/bar_","suffix":".png"},"primary":"true"}],"verified":"false","restricted":"true","stats":{"checkinsCount":"54","usersCount":"47","tipCount":"2"},"specials":{"count":"0"},"hereNow":{"count":"0"},"referralId":"v-1392478003"},{"id":"507e72b7e0e203eb45c3d723","name":"Bloomsbury Publishing UK","contact":{"twitter":"bloomsburybooks","facebook":"358531814192900"},"location":{"address":"50 Bedford Square","lat":"51.51870431325244","lng":"-0.1295185089111328","distance":"135","postalCode":"WC1B 3DP","cc":"GB","city":"London","state":"Greater London","country":"United Kingdom"},"categories":[{"id":"4bf58dd8d48988d124941735","name":"Office","pluralName":"Offices","shortName":"Office","icon":{"prefix":"https:\/\/ss1.4sqi.net\/img\/categories_v2\/building\/default_","suffix":".png"},"primary":"true"}],"verified":"true","restricted":"true","stats":{"checkinsCount":"84","usersCount":"25","tipCount":"1"},"url":"http:\/\/www.bloomsbury.com","specials":{"count":"0"},"hereNow":{"count":"0"},"venuePage":{"id":"61583248"},"referralId":"v-1392478003"},{"id":"4acf2311f964a5207dd220e3","name":"Munchkins","contact":{"phone":"+442076362775","formattedPhone":"+44 20 7636 2775"},"location":{"address":"38 great russel st","crossStreet":"Willoughby street","lat":"51.5179240607151","lng":"-0.12725016023834282","distance":"156","cc":"GB","city":"Kensington","state":"Greater London","country":"United Kingdom"},"categories":[{"id":"4bf58dd8d48988d16d941735","name":"Caf\u00e9","pluralName":"Caf\u00e9s","shortName":"Caf\u00e9","icon":{"prefix":"https:\/\/ss1.4sqi.net\/img\/categories_v2\/food\/cafe_","suffix":".png"},"primary":"true"}],"verified":"false","restricted":"true","stats":{"checkinsCount":"219","usersCount":"190","tipCount":"10"},"menu":{"type":"Menu","label":"Menu","anchor":"View Menu","url":"https:\/\/foursquare.com\/v\/munchkins-kensington-greater-london\/4acf2311f964a5207dd220e3\/menu","mobileUrl":"https:\/\/foursquare.com\/v\/4acf2311f964a5207dd220e3\/device_menu"},"specials":{"count":"0"},"hereNow":{"count":"0"},"referralId":"v-1392478003"},{"id":"4b44acbef964a52030f925e3","name":"London Review of Books","location":{"address":"28 Little Russell St","lat":"51.519715927601666","lng":"-0.1262280569549382","distance":"118","postalCode":"WC1A 2HN","cc":"GB","city":"Camden Town","state":"Greater London","country":"United Kingdom"},"categories":[{"id":"4bf58dd8d48988d114951735","name":"Bookstore","pluralName":"Bookstores","shortName":"Bookstore","icon":{"prefix":"https:\/\/ss1.4sqi.net\/img\/categories_v2\/shops\/bookstore_","suffix":".png"},"primary":"true"}],"verified":"false","restricted":"true","stats":{"checkinsCount":"24","usersCount":"19","tipCount":"0"},"specials":{"count":"0"},"hereNow":{"count":"0"},"referralId":"v-1392478003"},{"id":"4bc612fdbf29c9b6bf34f92a","name":"Morgan Hotel","location":{"address":"24 Bloomsbury St","lat":"51.51804647941274","lng":"-0.12779040870222844","distance":"138","postalCode":"WC1B 3QJ","cc":"GB","city":"London","state":"Greater London","country":"United Kingdom"},"categories":[{"id":"4bf58dd8d48988d1fa931735","name":"Hotel","pluralName":"Hotels","shortName":"Hotel","icon":{"prefix":"https:\/\/ss1.4sqi.net\/img\/categories_v2\/travel\/hotel_","suffix":".png"},"primary":"true"}],"verified":"false","restricted":"true","stats":{"checkinsCount":"112","usersCount":"38","tipCount":"1"},"url":"http:\/\/www.morganhotel.co.uk","specials":{"count":"0"},"hereNow":{"count":"0"},"referralId":"v-1392478003"}],"confident":"true"}}