{"meta":{"code":"200"},"response":{"venues":[{"id":"4ac518b7f964a5202ea120e3","name":"Thistle Kensington Gardens","contact":{"phone":"+448713769024","formattedPhone":"+44 871 376 9024"},"location":{"address":"104 Bayswater Rd","lat":"51.510664","lng":"-0.184056","distance":"175","postalCode":"W2 3HL","cc":"GB","city":"London","state":"Greater London","country":"United Kingdom"},"categories":[{"id":"4bf58dd8d48988d1fa931735","name":"Hotel","pluralName":"Hotels","shortName":"Hotel","icon":{"prefix":"https:\/\/ss1.4sqi.net\/img\/categories_v2\/travel\/hotel_","suffix":".png"},"primary":"true"}],"verified":"false","restricted":"true","stats":{"checkinsCount":"780","usersCount":"433","tipCount":"11"},"specials":{"count":"0"},"hereNow":{"count":"0"},"referralId":"v-1392478023"},{"id":"52dc21b6498e4e22ddbfb2de","name":"Classic Pub Food","location":{"lat":"51.50244456163181","lng":"-0.17326476217594286","distance":"1008","cc":"GB","country":"United Kingdom"},"categories":[{"id":"4bf58dd8d48988d155941735","name":"Gastropub","pluralName":"Gastropubs","shortName":"Gastropub","icon":{"prefix":"https:\/\/ss1.4sqi.net\/img\/categories_v2\/food\/gastropub_","suffix":".png"},"primary":"true"}],"verified":"false","restricted":"true","stats":{"checkinsCount":"23","usersCount":"21","tipCount":"1"},"specials":{"count":"0"},"hereNow":{"count":"0"},"referralId":"v-1392478023"},{"id":"4dce3cafc65bdac7135c2e10","name":"Physical Energy","location":{"address":"Kensington Gardens","lat":"51.50701542810753","lng":"-0.17945694909482163","distance":"343","postalCode":"W8","cc":"GB","city":"London","state":"Greater London","country":"United Kingdom"},"categories":[{"id":"52e81612bcbc57f1066b79ed","name":"Outdoor Sculpture","pluralName":"Outdoor Sculptures","shortName":"Outdoor Sculpture","icon":{"prefix":"https:\/\/ss1.4sqi.net\/img\/categories_v2\/parks_outdoors\/sculpture_","suffix":".png"},"primary":"true"}],"verified":"false","restricted":"true","stats":{"checkinsCount":"382","usersCount":"84","tipCount":"1"},"specials":{"count":"0"},"hereNow":{"count":"0"},"referralId":"v-1392478023"},{"id":"4bb7e1f2b35776b07c57c801","name":"Halepi","location":{"address":"1-18 Leinster Terrace","lat":"51.511336228940564","lng":"-0.18302978116092258","distance":"228","cc":"GB","city":"Paddington","state":"Greater London","country":"United Kingdom"},"categories":[{"id":"4bf58dd8d48988d10e941735","name":"Greek Restaurant","pluralName":"Greek Restaurants","shortName":"Greek","icon":{"prefix":"https:\/\/ss1.4sqi.net\/img\/categories_v2\/food\/greek_","suffix":".png"},"primary":"true"}],"verified":"false","restricted":"true","stats":{"checkinsCount":"508","usersCount":"409","tipCount":"30"},"menu":{"type":"Menu","label":"Menu","anchor":"View Menu","url":"https:\/\/foursquare.com\/v\/halepi\/4bb7e1f2b35776b07c57c801\/menu","mobileUrl":"https:\/\/foursquare.com\/v\/4bb7e1f2b35776b07c57c801\/device_menu"},"specials":{"count":"0"},"hereNow":{"count":"0"},"referralId":"v-1392478023"},{"id":"4d540756a64560fc916fb53a","name":"Pet Cemetery","location":{"address":"Bayswater Road","lat":"51.50981085847292","lng":"-0.18616676330566406","distance":"240","cc":"GB","city":"London","state":"Greater London","country":"United Kingdom"},"categories":[{"id":"4bf58dd8d48988d15c941735","name":"Cemetery","pluralName":"Cemeteries","shortName":"Cemetery","icon":{"prefix":"https:\/\/ss1.4sqi.net\/img\/categories_v2\/parks_outdoors\/cemetery_","suffix":".png"},"primary":"true"}],"verified":"false","restricted":"true","stats":{"checkinsCount":"327","usersCount":"64","tipCount":"1"},"specials":{"count":"0"},"hereNow":{"count":"0"},"referralId":"v-1392478023"},{"id":"4b7d19bdf964a52098ae2fe3","name":"Thistle Hyde Park","location":{"address":"92 Lancaster Gate","lat":"51.511154832329886","lng":"-0.1807672292428094","distance":"251","postalCode":"W2 3NR","cc":"GB","city":"London","state":"Greater London","country":"United Kingdom"},"categories":[{"id":"4bf58dd8d48988d1fa931735","name":"Hotel","pluralName":"Hotels","shortName":"Hotel","icon":{"prefix":"https:\/\/ss1.4sqi.net\/img\/categories_v2\/travel\/hotel_","suffix":".png"},"primary":"true"}],"verified":"false","restricted":"true","stats":{"checkinsCount":"453","usersCount":"219","tipCount":"2"},"specials":{"count":"0"},"hereNow":{"count":"0"},"referralId":"v-1392478023"},{"id":"4d024b92e117f04d339423bf","name":"Lancaster Gate Hotel","contact":{"phone":"+442072625090","formattedPhone":"+44 20 7262 5090","twitter":"lghhydepark"},"location":{"address":"66 Lancaster Gate","lat":"51.51155363166466","lng":"-0.18121004104614258","distance":"275","postalCode":"W2 3NA","cc":"GB","city":"London","state":"Greater London","country":"United Kingdom"},"categories":[{"id":"4bf58dd8d48988d1fa931735","name":"Hotel","pluralName":"Hotels","shortName":"Hotel","icon":{"prefix":"https:\/\/ss1.4sqi.net\/img\/categories_v2\/travel\/hotel_","suffix":".png"},"primary":"true"}],"verified":"true","restricted":"true","stats":{"checkinsCount":"630","usersCount":"332","tipCount":"5"},"url":"http:\/\/www.lancastergatehotelhydepark.co.uk","menu":{"type":"Menu","label":"Menu","anchor":"View Menu","url":"https:\/\/foursquare.com\/v\/lancaster-gate-hotel\/4d024b92e117f04d339423bf\/menu","mobileUrl":"https:\/\/foursquare.com\/v\/4d024b92e117f04d339423bf\/device_menu"},"specials":{"count":"0"},"hereNow":{"count":"0"},"storeId":"","referralId":"v-1392478023"},{"id":"4bcf61be0ffdce72726ab2c0","name":"Royal Bayswater Hostel London","location":{"address":"121 Bayswater Road","lat":"51.510509610863416","lng":"-0.18648770640879325","distance":"289","cc":"GB","city":"London","state":"Greater London","country":"United Kingdom"},"categories":[{"id":"4bf58dd8d48988d1ee931735","name":"Hostel","pluralName":"Hostels","shortName":"Hostel","icon":{"prefix":"https:\/\/ss1.4sqi.net\/img\/categories_v2\/travel\/hostel_","suffix":".png"},"primary":"true"}],"verified":"false","restricted":"true","stats":{"checkinsCount":"198","usersCount":"111","tipCount":"2"},"specials":{"count":"0"},"hereNow":{"count":"1","groups":[{"type":"others","name":"Other people here","count":"1"}]},"referralId":"v-1392478023"},{"id":"4b719a70f964a5206e502de3","name":"Leinster Arms","contact":{"phone":"+442074024670","formattedPhone":"+44 20 7402 4670"},"location":{"address":"17 Leinster Tce.","lat":"51.5118","lng":"-0.182985","distance":"279","postalCode":"W2 3EU","cc":"GB","city":"London","state":"Greater London","country":"United Kingdom"},"categories":[{"id":"4bf58dd8d48988d11b941735","name":"Pub","pluralName":"Pubs","shortName":"Pub","icon":{"prefix":"https:\/\/ss1.4sqi.net\/img\/categories_v2\/nightlife\/pub_","suffix":".png"},"primary":"true"}],"verified":"false","restricted":"true","stats":{"checkinsCount":"531","usersCount":"343","tipCount":"9"},"specials":{"count":"0"},"hereNow":{"count":"0"},"referralId":"v-1392478023"},{"id":"4ac518b5f964a52095a020e3","name":"Central Park Hotel","location":{"address":"Queensborough Terrace","lat":"51.51135999349115","lng":"-0.18543720245361328","distance":"294","postalCode":"W2 3SS","cc":"GB","city":"London","state":"Greater London","country":"United Kingdom"},"categories":[{"id":"4bf58dd8d48988d1fa931735","name":"Hotel","pluralName":"Hotels","shortName":"Hotel","icon":{"prefix":"https:\/\/ss1.4sqi.net\/img\/categories_v2\/travel\/hotel_","suffix":".png"},"primary":"true"}],"verified":"false","restricted":"true","stats":{"checkinsCount":"914","usersCount":"441","tipCount":"17"},"specials":{"count":"0"},"hereNow":{"count":"0"},"referralId":"v-1392478024"},{"id":"4c85fcc8d92ea093384d6a72","name":"Speke Memorial","location":{"lat":"51.51045215696137","lng":"-0.18003519692536749","distance":"231","cc":"GB","country":"United Kingdom"},"categories":[{"id":"4bf58dd8d48988d166941735","name":"Sculpture Garden","pluralName":"Sculpture Gardens","shortName":"Sculpture","icon":{"prefix":"https:\/\/ss1.4sqi.net\/img\/categories_v2\/parks_outdoors\/sculpture_","suffix":".png"},"primary":"true"}],"verified":"false","restricted":"true","stats":{"checkinsCount":"439","usersCount":"75","tipCount":"0"},"specials":{"count":"0"},"hereNow":{"count":"0"},"referralId":"v-1392478024"},{"id":"4b47d1e9f964a5203a4026e3","name":"Smart Hyde Park View","location":{"address":"16 Leinster Terrace","lat":"51.5117827770659","lng":"-0.18304417322174682","distance":"278","postalCode":"W2 3EU","cc":"GB","city":"London","state":"Greater London","country":"United Kingdom"},"categories":[{"id":"4bf58dd8d48988d1ee931735","name":"Hostel","pluralName":"Hostels","shortName":"Hostel","icon":{"prefix":"https:\/\/ss1.4sqi.net\/img\/categories_v2\/travel\/hostel_","suffix":".png"},"primary":"true"}],"verified":"false","restricted":"true","stats":{"checkinsCount":"456","usersCount":"263","tipCount":"3"},"specials":{"count":"0"},"hereNow":{"count":"0"},"referralId":"v-1392478024"},{"id":"504aec4ae4b0f228d80814b0","name":"Daugavas Vanagu Londonas Nams","location":{"lat":"51.51106220923643","lng":"-0.1845000750640073","distance":"229","cc":"GB","country":"United Kingdom"},"categories":[{"id":"4bf58dd8d48988d1f8931735","name":"Bed & Breakfast","pluralName":"Bed & Breakfasts","shortName":"B & B","icon":{"prefix":"https:\/\/ss1.4sqi.net\/img\/categories_v2\/travel\/bedandbreakfast_","suffix":".png"},"primary":"true"}],"verified":"false","restricted":"true","stats":{"checkinsCount":"93","usersCount":"46","tipCount":"2"},"specials":{"count":"0"},"hereNow":{"count":"0"},"referralId":"v-1392478024"},{"id":"51c32032498e83bd2f5dded2","name":"Doubledecker","location":{"lat":"51.510707","lng":"-0.182555","distance":"158","cc":"GB","country":"United Kingdom"},"categories":[{"id":"4f2a23984b9023bd5841ed2c","name":"Moving Target","pluralName":"Moving Targets","shortName":"Moving Target","icon":{"prefix":"https:\/\/ss1.4sqi.net\/img\/categories_v2\/travel\/movingtarget_","suffix":".png"},"primary":"true"}],"verified":"false","restricted":"true","stats":{"checkinsCount":"8","usersCount":"7","tipCount":"0"},"specials":{"count":"0"},"hereNow":{"count":"0"},"referralId":"v-1392478024"},{"id":"4ddc2289fa766a6d7935b6d0","name":"Comfort Inn","location":{"lat":"51.51092242026489","lng":"-0.18513137873714036","distance":"243","cc":"GB","city":"Paddington","state":"Greater London","country":"United Kingdom"},"categories":[{"id":"4bf58dd8d48988d1fa931735","name":"Hotel","pluralName":"Hotels","shortName":"Hotel","icon":{"prefix":"https:\/\/ss1.4sqi.net\/img\/categories_v2\/travel\/hotel_","suffix":".png"},"primary":"true"}],"verified":"false","restricted":"true","stats":{"checkinsCount":"196","usersCount":"106","tipCount":"2"},"specials":{"count":"0"},"hereNow":{"count":"0"},"referralId":"v-1392478024"},{"id":"4df0d6fd1f6ea135c65cb0fc","name":"The Pizza Factory","location":{"address":"120-123 Bayswater Rd","lat":"51.510469230764656","lng":"-0.1860076233087835","distance":"257","postalCode":"W2 3","cc":"GB","city":"Paddington","state":"Greater London","country":"United Kingdom"},"categories":[{"id":"4bf58dd8d48988d1ca941735","name":"Pizza Place","pluralName":"Pizza Places","shortName":"Pizza","icon":{"prefix":"https:\/\/ss1.4sqi.net\/img\/categories_v2\/food\/pizza_","suffix":".png"},"primary":"true"}],"verified":"false","restricted":"true","stats":{"checkinsCount":"148","usersCount":"128","tipCount":"4"},"specials":{"count":"0"},"hereNow":{"count":"0"},"referralId":"v-1392478024"},{"id":"50ca6c6fe4b04f44cfc8c694","name":"Lancaster gate hotel Bar","location":{"lat":"51.511236","lng":"-0.182216","distance":"220","cc":"GB","country":"United Kingdom"},"categories":[{"id":"4bf58dd8d48988d116941735","name":"Bar","pluralName":"Bars","shortName":"Bar","icon":{"prefix":"https:\/\/ss1.4sqi.net\/img\/categories_v2\/nightlife\/bar_","suffix":".png"},"primary":"true"}],"verified":"false","restricted":"true","stats":{"checkinsCount":"18","usersCount":"13","tipCount":"0"},"specials":{"count":"0"},"hereNow":{"count":"0"},"referralId":"v-1392478024"},{"id":"4ac518b8f964a5207ea120e3","name":"Troy Hotel","location":{"address":"68-70 Queensborough Terrace","lat":"51.51108384132385","lng":"-0.18483102321624756","distance":"244","postalCode":"W2 3SH","cc":"GB","city":"London","state":"Greater London","country":"United Kingdom"},"categories":[{"id":"4bf58dd8d48988d1fa931735","name":"Hotel","pluralName":"Hotels","shortName":"Hotel","icon":{"prefix":"https:\/\/ss1.4sqi.net\/img\/categories_v2\/travel\/hotel_","suffix":".png"},"primary":"true"}],"verified":"false","restricted":"true","stats":{"checkinsCount":"175","usersCount":"82","tipCount":"0"},"specials":{"count":"0"},"hereNow":{"count":"0"},"referralId":"v-1392478024"},{"id":"4f4e9e2de4b0cc5f13a529de","name":"Heron Court","location":{"address":"65 Lancaster Gate, City of Westminster, London W2","lat":"51.511348198600274","lng":"-0.18193172007685418","distance":"237","cc":"GB","country":"United Kingdom"},"categories":[{"id":"4bf58dd8d48988d164941735","name":"Plaza","pluralName":"Plazas","shortName":"Plaza","icon":{"prefix":"https:\/\/ss1.4sqi.net\/img\/categories_v2\/parks_outdoors\/plaza_","suffix":".png"},"primary":"true"}],"verified":"false","restricted":"true","stats":{"checkinsCount":"248","usersCount":"20","tipCount":"1"},"specials":{"count":"0"},"hereNow":{"count":"0"},"referralId":"v-1392478024"},{"id":"4eed07f877c82b92f790b810","name":"Daugavas vanagi","location":{"lat":"51.510881863309976","lng":"-0.18476883672001163","distance":"223","cc":"GB","country":"United Kingdom"},"categories":[{"id":"4bf58dd8d48988d171941735","name":"Event Space","pluralName":"Event Spaces","shortName":"Event Space","icon":{"prefix":"https:\/\/ss1.4sqi.net\/img\/categories_v2\/building\/eventspace_","suffix":".png"},"primary":"true"}],"verified":"false","restricted":"true","stats":{"checkinsCount":"39","usersCount":"23","tipCount":"0"},"specials":{"count":"0"},"hereNow":{"count":"0"},"referralId":"v-1392478024"},{"id":"4bcf62750ffdce72486bb2c0","name":"Kings Hotel","location":{"address":"60-62 Queensborough Terrace","lat":"51.511372","lng":"-0.18476665019989014","distance":"268","cc":"GB","city":"London","state":"Greater London","country":"United Kingdom"},"categories":[{"id":"4bf58dd8d48988d1fa931735","name":"Hotel","pluralName":"Hotels","shortName":"Hotel","icon":{"prefix":"https:\/\/ss1.4sqi.net\/img\/categories_v2\/travel\/hotel_","suffix":".png"},"primary":"true"}],"verified":"false","restricted":"true","stats":{"checkinsCount":"101","usersCount":"54","tipCount":"4"},"specials":{"count":"0"},"hereNow":{"count":"0"},"referralId":"v-1392478024"},{"id":"4ea0919ecc21b2fa8ed9e605","name":"Waitrose","location":{"address":"Bayswater Rd","lat":"51.51059102693495","lng":"-0.1841299259297407","distance":"171","postalCode":"W2 3HJ","cc":"GB","city":"London","state":"Greater London","country":"United Kingdom"},"categories":[{"id":"4bf58dd8d48988d118951735","name":"Grocery Store","pluralName":"Grocery Stores","shortName":"Grocery Store","icon":{"prefix":"https:\/\/ss1.4sqi.net\/img\/categories_v2\/shops\/food_grocery_","suffix":".png"},"primary":"true"}],"verified":"false","restricted":"true","stats":{"checkinsCount":"207","usersCount":"106","tipCount":"1"},"specials":{"count":"0"},"hereNow":{"count":"0"},"referralId":"v-1392478024"},{"id":"4cd6128476ab721ed43a716a","name":"Hyde Park Hostel","location":{"address":"6 Inverness Tce","lat":"51.51091571807105","lng":"-0.18599879384958065","distance":"286","postalCode":"W2 3","cc":"GB","city":"Paddington","state":"Greater London","country":"United Kingdom"},"categories":[{"id":"4bf58dd8d48988d1ee931735","name":"Hostel","pluralName":"Hostels","shortName":"Hostel","icon":{"prefix":"https:\/\/ss1.4sqi.net\/img\/categories_v2\/travel\/hostel_","suffix":".png"},"primary":"true"}],"verified":"false","restricted":"true","stats":{"checkinsCount":"171","usersCount":"96","tipCount":"9"},"specials":{"count":"0"},"hereNow":{"count":"0"},"referralId":"v-1392478024"},{"id":"50c9ac28e4b059bfb5298f8c","name":"Lancaster Gate Hotel Breakfast","location":{"lat":"51.511231","lng":"-0.182265","distance":"219","cc":"GB","country":"United Kingdom"},"categories":[{"id":"4bf58dd8d48988d143941735","name":"Breakfast Spot","pluralName":"Breakfast Spots","shortName":"Breakfast","icon":{"prefix":"https:\/\/ss1.4sqi.net\/img\/categories_v2\/food\/breakfast_","suffix":".png"},"primary":"true"}],"verified":"false","restricted":"true","stats":{"checkinsCount":"3","usersCount":"3","tipCount":"0"},"specials":{"count":"0"},"hereNow":{"count":"0"},"referralId":"v-1392478024"},{"id":"52e175a4498ebdc413f1fc03","name":"Rojo y Negro","location":{"lat":"51.51101","lng":"-0.184834","distance":"237","cc":"GB","country":"United Kingdom"},"categories":[{"id":"4bf58dd8d48988d134941735","name":"Dance Studio","pluralName":"Dance Studios","shortName":"Dance Studio","icon":{"prefix":"https:\/\/ss1.4sqi.net\/img\/categories_v2\/arts_entertainment\/performingarts_dancestudio_","suffix":".png"},"primary":"true"}],"verified":"false","restricted":"true","stats":{"checkinsCount":"2","usersCount":"1","tipCount":"0"},"specials":{"count":"0"},"hereNow":{"count":"0"},"referralId":"v-1392478024"},{"id":"50ca821be4b01c69d6f343a9","name":"Lancaster gate hotel 5th Floor Rooms","location":{"lat":"51.511531995292174","lng":"-0.18233488219136193","distance":"251","cc":"GB","country":"United Kingdom"},"categories":[{"id":"4bf58dd8d48988d1fa931735","name":"Hotel","pluralName":"Hotels","shortName":"Hotel","icon":{"prefix":"https:\/\/ss1.4sqi.net\/img\/categories_v2\/travel\/hotel_","suffix":".png"},"primary":"true"}],"verified":"false","restricted":"true","stats":{"checkinsCount":"20","usersCount":"7","tipCount":"0"},"specials":{"count":"0"},"hereNow":{"count":"0"},"referralId":"v-1392478024"},{"id":"5106d965e4b0cbc88ad9402d","name":"Bayron hotel","location":{"lat":"51.51200582208848","lng":"-0.184874009832925","distance":"334","cc":"GB","country":"United Kingdom"},"categories":[{"id":"4f2a210c4b9023bd5841ed28","name":"Housing Development","pluralName":"Housing Developments","shortName":"Housing Development","icon":{"prefix":"https:\/\/ss1.4sqi.net\/img\/categories_v2\/building\/housingdevelopment_","suffix":".png"},"primary":"true"}],"verified":"false","restricted":"true","stats":{"checkinsCount":"10","usersCount":"7","tipCount":"0"},"specials":{"count":"0"},"hereNow":{"count":"0"},"referralId":"v-1392478024"},{"id":"4c2b19be8abca593dc99ff1f","name":"Royal Bayswater Cafe","location":{"address":"121 Bayswater Rd","lat":"51.510503076241314","lng":"-0.18607024339673728","distance":"263","postalCode":"W2","cc":"GB","city":"London","state":"Greater London","country":"United Kingdom"},"categories":[{"id":"4bf58dd8d48988d115941735","name":"Middle Eastern Restaurant","pluralName":"Middle Eastern Restaurants","shortName":"Middle Eastern","icon":{"prefix":"https:\/\/ss1.4sqi.net\/img\/categories_v2\/food\/default_","suffix":".png"},"primary":"true"}],"verified":"false","restricted":"true","stats":{"checkinsCount":"108","usersCount":"75","tipCount":"0"},"specials":{"count":"0"},"hereNow":{"count":"0"},"referralId":"v-1392478024"},{"id":"524eb40d498e7ebeccc0b320","name":"Kew Gardens, Richmond, London","location":{"lat":"51.511333143395966","lng":"-0.18503627071807105","distance":"275","cc":"GB","country":"United Kingdom"},"verified":"false","restricted":"true","stats":{"checkinsCount":"8","usersCount":"8","tipCount":"0"},"specials":{"count":"0"},"hereNow":{"count":"0"},"referralId":"v-1392478024"},{"id":"4c0c0c24ffb8c9b662336e61","name":"Hyde Park Towers","location":{"address":"1 Porchester Tce","crossStreet":"Bayswater Rd","lat":"51.51085252402815","lng":"-0.18367767333984375","distance":"184","postalCode":"W2","cc":"GB","city":"London","state":"Greater London","country":"United Kingdom"},"categories":[{"id":"4d954b06a243a5684965b473","name":"Residential Building (Apartment \/ Condo)","pluralName":"Residential Buildings (Apartments \/ Condos)","shortName":"Residential","icon":{"prefix":"https:\/\/ss1.4sqi.net\/img\/categories_v2\/building\/apartment_","suffix":".png"},"primary":"true"}],"verified":"false","restricted":"true","stats":{"checkinsCount":"249","usersCount":"95","tipCount":"0"},"specials":{"count":"0"},"hereNow":{"count":"0"},"referralId":"v-1392478024"}],"confident":"false"}}