{"meta":{"code":"200"},"response":{"venues":[{"id":"4da4c09d540ea1cdca40acde","name":"TfL Bus 98","contact":{"phone":"+443432221234","formattedPhone":"+44 343 222 1234","twitter":"tflbusalerts"},"location":{"address":"Moving Target!","lat":"51.52753163677559","lng":"-0.17858111019686473","distance":"202","cc":"GB","city":"London","state":"Greater London","country":"United Kingdom"},"categories":[{"id":"4bf58dd8d48988d12b951735","name":"Bus Line","pluralName":"Bus Lines","shortName":"Bus","icon":{"prefix":"https:\/\/ss1.4sqi.net\/img\/categories_v2\/travel\/busstation_","suffix":".png"},"primary":"true"}],"verified":"false","restricted":"true","stats":{"checkinsCount":"598","usersCount":"136","tipCount":"1"},"url":"http:\/\/tfl.gov.uk","specials":{"count":"0"},"hereNow":{"count":"0"},"referralId":"v-1392477972"},{"id":"4ac518d0f964a520aaa620e3","name":"Abbey Road Studios","contact":{"twitter":"abbeyroad"},"location":{"address":"3 Abbey Rd.","crossStreet":"Garden Rd.","lat":"51.53208128488629","lng":"-0.17793774604797363","distance":"310","postalCode":"NW8 9AY","cc":"GB","city":"London","state":"Greater London","country":"United Kingdom"},"categories":[{"id":"4bf58dd8d48988d1e5931735","name":"Music Venue","pluralName":"Music Venues","shortName":"Music Venue","icon":{"prefix":"https:\/\/ss1.4sqi.net\/img\/categories_v2\/arts_entertainment\/musicvenue_","suffix":".png"},"primary":"true"}],"verified":"false","restricted":"true","stats":{"checkinsCount":"5228","usersCount":"3940","tipCount":"43"},"url":"http:\/\/www.abbeyroad.com","specials":{"count":"0"},"hereNow":{"count":"0"},"referralId":"v-1392477972"},{"id":"4ac518e8f964a520acab20e3","name":"Lord's Cricket Ground (MCC)","contact":{"phone":"+442076168500","formattedPhone":"+44 20 7616 8500","twitter":"homeofcricket","facebook":"119808298397"},"location":{"address":"St John's Wood Rd.","crossStreet":"at Grove End Rd.","lat":"51.529411544586594","lng":"-0.17269134521484375","distance":"354","postalCode":"NW8 8QN","cc":"GB","city":"London","state":"Greater London","country":"United Kingdom"},"categories":[{"id":"4bf58dd8d48988d18a941735","name":"Cricket Ground","pluralName":"Cricket Grounds","shortName":"Cricket","icon":{"prefix":"https:\/\/ss1.4sqi.net\/img\/categories_v2\/arts_entertainment\/stadium_cricket_","suffix":".png"},"primary":"true"}],"verified":"true","restricted":"true","stats":{"checkinsCount":"5878","usersCount":"3323","tipCount":"42"},"url":"http:\/\/www.lords.org","specials":{"count":"0"},"hereNow":{"count":"1","groups":[{"type":"others","name":"Other people here","count":"1"}]},"venuePage":{"id":"34705788"},"storeId":"","referralId":"v-1392477972"},{"id":"4e6347dab993678bb6da960f","name":"JR's Chill Out","location":{"crossStreet":"Grove Road","lat":"51.530633739524326","lng":"-0.176092984645758","distance":"190","postalCode":"NW8 9EP","cc":"GB","country":"United Kingdom"},"categories":[{"id":"4d954b06a243a5684965b473","name":"Residential Building (Apartment \/ Condo)","pluralName":"Residential Buildings (Apartments \/ Condos)","shortName":"Residential","icon":{"prefix":"https:\/\/ss1.4sqi.net\/img\/categories_v2\/building\/apartment_","suffix":".png"},"primary":"true"}],"verified":"false","restricted":"true","stats":{"checkinsCount":"182","usersCount":"6","tipCount":"0"},"specials":{"count":"0"},"hereNow":{"count":"0"},"referralId":"v-1392477972"},{"id":"4ad10067f964a520d9db20e3","name":"Tesco Express","contact":{"phone":"+448456779448","formattedPhone":"+44 845 677 9448","twitter":"uktescooffers"},"location":{"address":"115 Maida Vale","lat":"51.52834360462885","lng":"-0.1819610595703125","distance":"306","postalCode":"W9 1UP","cc":"GB","city":"London","state":"Greater London","country":"United Kingdom"},"categories":[{"id":"4bf58dd8d48988d118951735","name":"Grocery Store","pluralName":"Grocery Stores","shortName":"Grocery Store","icon":{"prefix":"https:\/\/ss1.4sqi.net\/img\/categories_v2\/shops\/food_grocery_","suffix":".png"},"primary":"true"}],"verified":"true","restricted":"true","stats":{"checkinsCount":"518","usersCount":"203","tipCount":"5"},"url":"http:\/\/www.tesco.com","specials":{"count":"0"},"hereNow":{"count":"0"},"storeId":"2861","referralId":"v-1392477972"},{"id":"4ace2fc8f964a520edce20e3","name":"The Warrington","contact":{"phone":"+442075927960","formattedPhone":"+44 20 7592 7960"},"location":{"address":"93 Warrington Cres, Maida Vale","lat":"51.52704869382908","lng":"-0.18320560455322266","distance":"449","postalCode":"W9 1EH","cc":"GB","city":"London","state":"Greater London","country":"United Kingdom"},"categories":[{"id":"4bf58dd8d48988d155941735","name":"Gastropub","pluralName":"Gastropubs","shortName":"Gastropub","icon":{"prefix":"https:\/\/ss1.4sqi.net\/img\/categories_v2\/food\/gastropub_","suffix":".png"},"primary":"true"}],"verified":"false","restricted":"true","stats":{"checkinsCount":"1913","usersCount":"956","tipCount":"30"},"url":"http:\/\/www.faucetinn.com\/warrington\/","menu":{"type":"Menu","label":"Menu","anchor":"View Menu","url":"https:\/\/foursquare.com\/v\/the-warrington\/4ace2fc8f964a520edce20e3\/menu","mobileUrl":"https:\/\/foursquare.com\/v\/4ace2fc8f964a520edce20e3\/device_menu"},"specials":{"count":"0"},"hereNow":{"count":"0"},"storeId":"","referralId":"v-1392477972"},{"id":"4ac518d6f964a52046a820e3","name":"Raouls","location":{"address":"13 Clifton Road","lat":"51.52561340530829","lng":"-0.17918447542912347","distance":"420","postalCode":"W9 1SZ","cc":"GB","city":"London","state":"Greater London","country":"United Kingdom"},"categories":[{"id":"4bf58dd8d48988d146941735","name":"Deli \/ Bodega","pluralName":"Delis \/ Bodegas","shortName":"Deli \/ Bodega","icon":{"prefix":"https:\/\/ss1.4sqi.net\/img\/categories_v2\/food\/deli_","suffix":".png"},"primary":"true"}],"verified":"false","restricted":"true","stats":{"checkinsCount":"1090","usersCount":"522","tipCount":"27"},"menu":{"type":"Menu","label":"Menu","anchor":"View Menu","url":"https:\/\/foursquare.com\/v\/raouls\/4ac518d6f964a52046a820e3\/menu","mobileUrl":"https:\/\/foursquare.com\/v\/4ac518d6f964a52046a820e3\/device_menu"},"specials":{"count":"0"},"hereNow":{"count":"0"},"referralId":"v-1392477972"},{"id":"4b1413d5f964a520e79c23e3","name":"Baker & Spice (Maida Vale)","contact":{"phone":"+442072892499","formattedPhone":"+44 20 7289 2499"},"location":{"address":"20 Clifton Rd","lat":"51.525534","lng":"-0.179505","distance":"434","postalCode":"W9 1ST","cc":"GB","city":"London","state":"Greater London","country":"United Kingdom"},"categories":[{"id":"4bf58dd8d48988d16a941735","name":"Bakery","pluralName":"Bakeries","shortName":"Bakery","icon":{"prefix":"https:\/\/ss1.4sqi.net\/img\/categories_v2\/food\/bakery_","suffix":".png"},"primary":"true"}],"verified":"false","restricted":"true","stats":{"checkinsCount":"525","usersCount":"312","tipCount":"25"},"menu":{"type":"Menu","label":"Menu","anchor":"View Menu","url":"https:\/\/foursquare.com\/v\/baker-spice-maida-vale-london-uk\/4b1413d5f964a520e79c23e3\/menu","mobileUrl":"https:\/\/foursquare.com\/v\/4b1413d5f964a520e79c23e3\/device_menu"},"specials":{"count":"0"},"hereNow":{"count":"0"},"referralId":"v-1392477972"},{"id":"4e9308146d86cb9d9642d9c4","name":"Everyman Maida Vale","contact":{"phone":"+448719069060","formattedPhone":"+44 871 906 9060","twitter":"everymancinema"},"location":{"address":"215 Sutherland Ave","lat":"51.52817006201961","lng":"-0.1818859577178955","distance":"308","postalCode":"W9 1RU","cc":"GB","city":"London","state":"Greater London","country":"United Kingdom"},"categories":[{"id":"4bf58dd8d48988d17f941735","name":"Movie Theater","pluralName":"Movie Theaters","shortName":"Movie Theater","icon":{"prefix":"https:\/\/ss1.4sqi.net\/img\/categories_v2\/arts_entertainment\/movietheater_","suffix":".png"},"primary":"true"}],"verified":"true","restricted":"true","stats":{"checkinsCount":"688","usersCount":"395","tipCount":"18"},"url":"http:\/\/www.everymancinema.com","specials":{"count":"0"},"events":{"count":"4","summary":"4 movies"},"hereNow":{"count":"0"},"storeId":"","referralId":"v-1392477972"},{"id":"4d03762128926ea835ad65c2","name":"Lord's Tavern","location":{"address":"St Johns Wood Rd","lat":"51.52812","lng":"-0.173205","distance":"343","postalCode":"NW8 8QN","cc":"GB","city":"London","state":"Greater London","country":"United Kingdom"},"categories":[{"id":"4bf58dd8d48988d1c4941735","name":"Restaurant","pluralName":"Restaurants","shortName":"Restaurant","icon":{"prefix":"https:\/\/ss1.4sqi.net\/img\/categories_v2\/food\/default_","suffix":".png"},"primary":"true"}],"verified":"false","restricted":"true","stats":{"checkinsCount":"274","usersCount":"201","tipCount":"2"},"url":"http:\/\/www.lords.org\/lords-ground\/lords-restaurants\/lords-tavern\/","menu":{"type":"Menu","label":"Menu","anchor":"View Menu","url":"https:\/\/foursquare.com\/v\/lords-tavern-london-greater-london\/4d03762128926ea835ad65c2\/menu","mobileUrl":"https:\/\/foursquare.com\/v\/4d03762128926ea835ad65c2\/device_menu"},"specials":{"count":"0"},"hereNow":{"count":"1","groups":[{"type":"others","name":"Other people here","count":"1"}]},"referralId":"v-1392477972"},{"id":"4fe45c90e4b023504e592361","name":"Village Vets","location":{"address":"6 Clifton Road","lat":"51.52612385111095","lng":"-0.18113120054152124","distance":"421","postalCode":"W9 1be","cc":"GB","city":"London","state":"Greater London","country":"United Kingdom"},"categories":[{"id":"4d954af4a243a5684765b473","name":"Veterinarian","pluralName":"Veterinarians","shortName":"Veterinarians","icon":{"prefix":"https:\/\/ss1.4sqi.net\/img\/categories_v2\/building\/medical_veterinarian_","suffix":".png"},"primary":"true"}],"verified":"false","restricted":"true","stats":{"checkinsCount":"14","usersCount":"7","tipCount":"0"},"specials":{"count":"0"},"hereNow":{"count":"1","groups":[{"type":"others","name":"Other people here","count":"1"}]},"referralId":"v-1392477972"},{"id":"517ef83ce4b095a574ddb87b","name":"Neville Court","location":{"address":"Abbey Road","lat":"51.532295339826035","lng":"-0.1773444054332309","distance":"336","cc":"GB","city":"London","state":"Greater London","country":"United Kingdom"},"categories":[{"id":"4d954b06a243a5684965b473","name":"Residential Building (Apartment \/ Condo)","pluralName":"Residential Buildings (Apartments \/ Condos)","shortName":"Residential","icon":{"prefix":"https:\/\/ss1.4sqi.net\/img\/categories_v2\/building\/apartment_","suffix":".png"},"primary":"true"}],"verified":"false","restricted":"true","stats":{"checkinsCount":"54","usersCount":"11","tipCount":"0"},"specials":{"count":"0"},"hereNow":{"count":"0"},"referralId":"v-1392477972"},{"id":"4d7520f79b28224b210edf0f","name":"TfL Bus 189","location":{"address":"Moving Target!","lat":"51.53102872889329","lng":"-0.1766993549659871","distance":"208","cc":"GB","city":"London","state":"Greater London","country":"United Kingdom"},"categories":[{"id":"4bf58dd8d48988d12b951735","name":"Bus Line","pluralName":"Bus Lines","shortName":"Bus","icon":{"prefix":"https:\/\/ss1.4sqi.net\/img\/categories_v2\/travel\/busstation_","suffix":".png"},"primary":"true"}],"verified":"false","restricted":"true","stats":{"checkinsCount":"256","usersCount":"93","tipCount":"2"},"specials":{"count":"0"},"hereNow":{"count":"0"},"referralId":"v-1392477972"},{"id":"50ab6c61e4b04d7b16ec0fb4","name":"Molly's Cafe At Little Venice","location":{"address":"28 Clifton Road","lat":"51.525499702136294","lng":"-0.1794642306206741","distance":"437","cc":"GB","city":"London","state":"Greater London","country":"United Kingdom"},"categories":[{"id":"4bf58dd8d48988d16d941735","name":"Caf\u00e9","pluralName":"Caf\u00e9s","shortName":"Caf\u00e9","icon":{"prefix":"https:\/\/ss1.4sqi.net\/img\/categories_v2\/food\/cafe_","suffix":".png"},"primary":"true"}],"verified":"false","restricted":"true","stats":{"checkinsCount":"66","usersCount":"46","tipCount":"3"},"specials":{"count":"0"},"hereNow":{"count":"1","groups":[{"type":"others","name":"Other people here","count":"1"}]},"referralId":"v-1392477972"},{"id":"4ef9dc3577c8e88f49cef87f","name":"Caff\u00e8 Nero","location":{"address":"18 Clifton Rd.","lat":"51.52559789805092","lng":"-0.17952838354412476","distance":"427","postalCode":"W9 1SS","cc":"GB","city":"London","state":"Greater London","country":"United Kingdom"},"categories":[{"id":"4bf58dd8d48988d1e0931735","name":"Coffee Shop","pluralName":"Coffee Shops","shortName":"Coffee Shop","icon":{"prefix":"https:\/\/ss1.4sqi.net\/img\/categories_v2\/food\/coffeeshop_","suffix":".png"},"primary":"true"}],"verified":"false","restricted":"true","stats":{"checkinsCount":"299","usersCount":"123","tipCount":"6"},"specials":{"count":"0"},"hereNow":{"count":"0"},"referralId":"v-1392477972"},{"id":"4e73607dc65bf4cd62055cfd","name":"Violet Hill Gardens","location":{"address":"Violet Hill","crossStreet":"St Johns Wood","lat":"51.532986267621865","lng":"-0.18157193633264737","distance":"487","postalCode":"nw8","cc":"GB","city":"London","state":"Greater London","country":"United Kingdom"},"categories":[{"id":"4bf58dd8d48988d15a941735","name":"Garden","pluralName":"Gardens","shortName":"Garden","icon":{"prefix":"https:\/\/ss1.4sqi.net\/img\/categories_v2\/parks_outdoors\/garden_","suffix":".png"},"primary":"true"}],"verified":"false","restricted":"true","stats":{"checkinsCount":"189","usersCount":"48","tipCount":"1"},"specials":{"count":"0"},"hereNow":{"count":"1","groups":[{"type":"others","name":"Other people here","count":"1"}]},"referralId":"v-1392477972"},{"id":"4f4ce791e4b0ef284a85aac5","name":"The Banking Hall Maida Vale","location":{"lat":"51.52920879597805","lng":"-0.17881219928890918","distance":"70","cc":"GB","country":"United Kingdom"},"categories":[{"id":"4bf58dd8d48988d124941735","name":"Office","pluralName":"Offices","shortName":"Office","icon":{"prefix":"https:\/\/ss1.4sqi.net\/img\/categories_v2\/building\/default_","suffix":".png"},"primary":"true"}],"verified":"false","restricted":"true","stats":{"checkinsCount":"9","usersCount":"3","tipCount":"0"},"specials":{"count":"0"},"hereNow":{"count":"0"},"referralId":"v-1392477972"},{"id":"4fee26dce4b0f5b9d7b1950d","name":"Cropthorne Court","location":{"lat":"51.528465720473","lng":"-0.18104664991908787","distance":"242","cc":"GB","country":"United Kingdom"},"categories":[{"id":"4d954b06a243a5684965b473","name":"Residential Building (Apartment \/ Condo)","pluralName":"Residential Buildings (Apartments \/ Condos)","shortName":"Residential","icon":{"prefix":"https:\/\/ss1.4sqi.net\/img\/categories_v2\/building\/apartment_","suffix":".png"},"primary":"true"}],"verified":"false","restricted":"true","stats":{"checkinsCount":"31","usersCount":"8","tipCount":"0"},"specials":{"count":"0"},"hereNow":{"count":"0"},"referralId":"v-1392477972"},{"id":"51731a36e4b09098bfc67e34","name":"The Grand","location":{"lat":"51.53160385745951","lng":"-0.18004503715219095","distance":"300","cc":"GB","country":"United Kingdom"},"categories":[{"id":"4bf58dd8d48988d11f941735","name":"Nightclub","pluralName":"Nightclubs","shortName":"Nightclub","icon":{"prefix":"https:\/\/ss1.4sqi.net\/img\/categories_v2\/nightlife\/nightclub_","suffix":".png"},"primary":"true"}],"verified":"false","restricted":"true","stats":{"checkinsCount":"10","usersCount":"10","tipCount":"0"},"specials":{"count":"0"},"hereNow":{"count":"0"},"referralId":"v-1392477972"},{"id":"4b75b74af964a520401f2ee3","name":"Maguro","location":{"crossStreet":"Clifton Road","lat":"51.525435","lng":"-0.179021","distance":"437","cc":"GB","city":"London","state":"Greater London","country":"United Kingdom"},"categories":[{"id":"4bf58dd8d48988d111941735","name":"Japanese Restaurant","pluralName":"Japanese Restaurants","shortName":"Japanese","icon":{"prefix":"https:\/\/ss1.4sqi.net\/img\/categories_v2\/food\/japanese_","suffix":".png"},"primary":"true"}],"verified":"false","restricted":"true","stats":{"checkinsCount":"232","usersCount":"146","tipCount":"11"},"specials":{"count":"0"},"hereNow":{"count":"0"},"referralId":"v-1392477972"},{"id":"510d3047e4b0c5028b0b717a","name":"Clifton Greens","location":{"lat":"51.52564442846665","lng":"-0.17936292320186312","distance":"419","cc":"GB","country":"United Kingdom"},"categories":[{"id":"4bf58dd8d48988d1fa941735","name":"Farmers Market","pluralName":"Farmers Markets","shortName":"Farmer's Market","icon":{"prefix":"https:\/\/ss1.4sqi.net\/img\/categories_v2\/shops\/food_farmersmarket_","suffix":".png"},"primary":"true"}],"verified":"false","restricted":"true","stats":{"checkinsCount":"123","usersCount":"40","tipCount":"0"},"specials":{"count":"0"},"hereNow":{"count":"0"},"referralId":"v-1392477972"},{"id":"4ef0d0f2722ece9f17a1060d","name":"Florence Court","location":{"address":"Florence Court","crossStreet":"Maida Vale","lat":"51.52763923403708","lng":"-0.1806118794034449","distance":"267","postalCode":"W9 1TB","cc":"GB","city":"London","state":"Greater London","country":"United Kingdom"},"categories":[{"id":"4d954b06a243a5684965b473","name":"Residential Building (Apartment \/ Condo)","pluralName":"Residential Buildings (Apartments \/ Condos)","shortName":"Residential","icon":{"prefix":"https:\/\/ss1.4sqi.net\/img\/categories_v2\/building\/apartment_","suffix":".png"},"primary":"true"}],"verified":"false","restricted":"true","stats":{"checkinsCount":"47","usersCount":"12","tipCount":"0"},"specials":{"count":"0"},"hereNow":{"count":"0"},"referralId":"v-1392477972"},{"id":"505db793e4b0c677838046bd","name":"Clifton Road","location":{"lat":"51.525451","lng":"-0.179704","distance":"447","cc":"GB","country":"United Kingdom"},"categories":[{"id":"4f2a25ac4b909258e854f55f","name":"Neighborhood","pluralName":"Neighborhoods","shortName":"Neighborhood","icon":{"prefix":"https:\/\/ss1.4sqi.net\/img\/categories_v2\/parks_outdoors\/neighborhood_","suffix":".png"},"primary":"true"}],"verified":"false","restricted":"true","stats":{"checkinsCount":"92","usersCount":"26","tipCount":"0"},"specials":{"count":"0"},"hereNow":{"count":"0"},"referralId":"v-1392477972"},{"id":"4c85e91edc018cfa04a5eb6c","name":"Clive Court","location":{"address":"75 Maida Vale","lat":"51.527157","lng":"-0.17979","distance":"274","postalCode":"W9 1SE","cc":"GB","city":"London","state":"Greater London","country":"United Kingdom"},"categories":[{"id":"4bf58dd8d48988d130941735","name":"Building","pluralName":"Buildings","shortName":"Building","icon":{"prefix":"https:\/\/ss1.4sqi.net\/img\/categories_v2\/building\/default_","suffix":".png"},"primary":"true"}],"verified":"false","restricted":"true","stats":{"checkinsCount":"54","usersCount":"18","tipCount":"0"},"specials":{"count":"0"},"hereNow":{"count":"0"},"referralId":"v-1392477972"},{"id":"4d3beba1d625224bba968cfa","name":"Our lady's church","location":{"address":"Lodge road","crossStreet":"Lisson grove","lat":"51.52739015139599","lng":"-0.1728295468466658","distance":"404","cc":"GB","city":"St johns wood","state":"Greater London","country":"United Kingdom"},"categories":[{"id":"4bf58dd8d48988d132941735","name":"Church","pluralName":"Churches","shortName":"Church","icon":{"prefix":"https:\/\/ss1.4sqi.net\/img\/categories_v2\/building\/religious_church_","suffix":".png"},"primary":"true"}],"verified":"false","restricted":"true","stats":{"checkinsCount":"166","usersCount":"21","tipCount":"0"},"specials":{"count":"0"},"hereNow":{"count":"0"},"referralId":"v-1392477972"},{"id":"50469848e4b00b7e457c4cfc","name":"William Court","location":{"address":"6 Hall Rd","lat":"51.530184209663794","lng":"-0.17833327848089298","distance":"106","cc":"GB","city":"London","state":"Greater London","country":"United Kingdom"},"categories":[{"id":"4d954b06a243a5684965b473","name":"Residential Building (Apartment \/ Condo)","pluralName":"Residential Buildings (Apartments \/ Condos)","shortName":"Residential","icon":{"prefix":"https:\/\/ss1.4sqi.net\/img\/categories_v2\/building\/apartment_","suffix":".png"},"primary":"true"}],"verified":"false","restricted":"true","stats":{"checkinsCount":"3","usersCount":"3","tipCount":"0"},"specials":{"count":"0"},"hereNow":{"count":"0"},"referralId":"v-1392477972"},{"id":"511f54a4e4b0293c6f8ca1d2","name":"Clifton Court","location":{"address":"Northwick Terrace","lat":"51.52596601985687","lng":"-0.17687439896464419","distance":"375","cc":"GB","country":"United Kingdom"},"categories":[{"id":"4d954b06a243a5684965b473","name":"Residential Building (Apartment \/ Condo)","pluralName":"Residential Buildings (Apartments \/ Condos)","shortName":"Residential","icon":{"prefix":"https:\/\/ss1.4sqi.net\/img\/categories_v2\/building\/apartment_","suffix":".png"},"primary":"true"}],"verified":"false","restricted":"true","stats":{"checkinsCount":"79","usersCount":"15","tipCount":"0"},"specials":{"count":"0"},"hereNow":{"count":"0"},"referralId":"v-1392477972"},{"id":"4f9aeddfe4b04f3d083c2df6","name":"Blazer Court","location":{"lat":"51.528113045612315","lng":"-0.1726782819435849","distance":"378","cc":"GB","country":"United Kingdom"},"categories":[{"id":"4d954b06a243a5684965b473","name":"Residential Building (Apartment \/ Condo)","pluralName":"Residential Buildings (Apartments \/ Condos)","shortName":"Residential","icon":{"prefix":"https:\/\/ss1.4sqi.net\/img\/categories_v2\/building\/apartment_","suffix":".png"},"primary":"true"}],"verified":"false","restricted":"true","stats":{"checkinsCount":"67","usersCount":"12","tipCount":"0"},"specials":{"count":"0"},"hereNow":{"count":"0"},"referralId":"v-1392477972"},{"id":"5210ae82498e936819bfc3a5","name":"St Mark's, Hamilton Terrace","location":{"address":"Hamilton Terrace","lat":"51.53261817086539","lng":"-0.17691441030268482","distance":"375","cc":"GB","country":"United Kingdom"},"categories":[{"id":"4bf58dd8d48988d132941735","name":"Church","pluralName":"Churches","shortName":"Church","icon":{"prefix":"https:\/\/ss1.4sqi.net\/img\/categories_v2\/building\/religious_church_","suffix":".png"},"primary":"true"}],"verified":"false","restricted":"true","stats":{"checkinsCount":"7","usersCount":"4","tipCount":"0"},"specials":{"count":"0"},"hereNow":{"count":"0"},"referralId":"v-1392477972"},{"id":"4bd2c131462cb713c9ecdc07","name":"Caf\u00e9 Rouge","contact":{"phone":"+442072862266","formattedPhone":"+44 20 7286 2266","twitter":"caferougetweet","facebook":"207511922592337"},"location":{"address":"30 Clifton Road, Maida Vale","lat":"51.525438","lng":"-0.179833","distance":"451","postalCode":"W9 1ST","cc":"GB","city":"London","state":"Greater London","country":"United Kingdom"},"categories":[{"id":"4bf58dd8d48988d16d941735","name":"Caf\u00e9","pluralName":"Caf\u00e9s","shortName":"Caf\u00e9","icon":{"prefix":"https:\/\/ss1.4sqi.net\/img\/categories_v2\/food\/cafe_","suffix":".png"},"primary":"true"}],"verified":"true","restricted":"true","stats":{"checkinsCount":"204","usersCount":"151","tipCount":"8"},"url":"http:\/\/www.caferouge.co.uk\/french-restaurant\/maida-vale","specials":{"count":"0"},"hereNow":{"count":"0"},"storeId":"1110466","referralId":"v-1392477972"}],"confident":"true"}}