{"meta":{"code":"200"},"response":{"venues":[{"id":"52486466498e98e79c39411f","name":"E.M","location":{"lat":"51.53417","lng":"-0.132272","distance":"39","cc":"GB","country":"United Kingdom"},"categories":[{"id":"50aaa4314b90af0d42d5de10","name":"Island","pluralName":"Islands","shortName":"Island","icon":{"prefix":"https:\/\/ss1.4sqi.net\/img\/categories_v2\/parks_outdoors\/neighborhood_","suffix":".png"},"primary":"true"}],"verified":"false","restricted":"true","stats":{"checkinsCount":"490","usersCount":"11","tipCount":"5"},"specials":{"count":"0"},"hereNow":{"count":"0"},"referralId":"v-1392477963"},{"id":"4c9614066b35a14356862adc","name":"St Pancras Old Church","location":{"address":"St Pancras Way","lat":"51.534832173452116","lng":"-0.13012284580724845","distance":"195","cc":"GB","city":"Camden Town","state":"Greater London","country":"United Kingdom"},"categories":[{"id":"4bf58dd8d48988d132941735","name":"Church","pluralName":"Churches","shortName":"Church","icon":{"prefix":"https:\/\/ss1.4sqi.net\/img\/categories_v2\/building\/religious_church_","suffix":".png"},"primary":"true"}],"verified":"false","restricted":"true","stats":{"checkinsCount":"592","usersCount":"372","tipCount":"9"},"specials":{"count":"0"},"hereNow":{"count":"0"},"referralId":"v-1392477963"},{"id":"52a5a0b711d28c7fe9f6a12c","name":"Chenies Place Bus Stop","location":{"address":"Chenies Place","lat":"51.53409862465886","lng":"-0.12956575200209788","distance":"225","postalCode":"N","cc":"GB","city":"London","state":"Greater London","country":"United Kingdom"},"categories":[{"id":"4bf58dd8d48988d1fe931735","name":"Bus Station","pluralName":"Bus Stations","shortName":"Bus Station","icon":{"prefix":"https:\/\/ss1.4sqi.net\/img\/categories_v2\/travel\/busstation_","suffix":".png"},"primary":"true"}],"verified":"false","restricted":"true","stats":{"checkinsCount":"22","usersCount":"2","tipCount":"1"},"specials":{"count":"0"},"hereNow":{"count":"0"},"referralId":"v-1392477963"},{"id":"4dca7acb2271a5cb224ba972","name":"St Pancras Gardens","contact":{"phone":"+442079741693","formattedPhone":"+44 20 7974 1693"},"location":{"address":"Pancras Rd.","lat":"51.53557840779458","lng":"-0.1306772232055664","distance":"205","postalCode":"NW1 1UL","cc":"GB","city":"St Pancras","state":"Greater London","country":"United Kingdom"},"categories":[{"id":"4bf58dd8d48988d163941735","name":"Park","pluralName":"Parks","shortName":"Park","icon":{"prefix":"https:\/\/ss1.4sqi.net\/img\/categories_v2\/parks_outdoors\/park_","suffix":".png"},"primary":"true"}],"verified":"false","restricted":"true","stats":{"checkinsCount":"161","usersCount":"57","tipCount":"1"},"specials":{"count":"0"},"hereNow":{"count":"0"},"referralId":"v-1392477963"},{"id":"4b61eeebf964a5200b2c2ae3","name":"Working Mens College","location":{"lat":"51.535211342243215","lng":"-0.13607045181915572","distance":"248","cc":"GB","country":"United Kingdom"},"categories":[{"id":"4bf58dd8d48988d13b941735","name":"School","pluralName":"Schools","shortName":"School","icon":{"prefix":"https:\/\/ss1.4sqi.net\/img\/categories_v2\/building\/school_","suffix":".png"},"primary":"true"}],"verified":"false","restricted":"true","stats":{"checkinsCount":"305","usersCount":"44","tipCount":"1"},"specials":{"count":"0"},"hereNow":{"count":"0"},"referralId":"v-1392477963"},{"id":"4ad9ea2af964a520d11b21e3","name":"Landmark London","contact":{"phone":"+442079692020","formattedPhone":"+44 20 7969 2020","twitter":"landmarkforum"},"location":{"address":"203 Eversholt St","crossStreet":"Oakely Square","lat":"51.532398","lng":"-0.136426","distance":"327","postalCode":"NW1 1BU","cc":"GB","city":"London","state":"Greater London","country":"United Kingdom"},"categories":[{"id":"4bf58dd8d48988d1a8941735","name":"General College & University","pluralName":"General Colleges & Universities","shortName":"Education","icon":{"prefix":"https:\/\/ss1.4sqi.net\/img\/categories_v2\/education\/other_","suffix":".png"},"primary":"true"}],"verified":"true","restricted":"true","stats":{"checkinsCount":"278","usersCount":"64","tipCount":"4"},"url":"http:\/\/landmarkworldwidelondon.com","specials":{"count":"0"},"hereNow":{"count":"1","groups":[{"type":"others","name":"Other people here","count":"1"}]},"storeId":"","referralId":"v-1392477963"},{"id":"5098e77be4b0eecea4e5a309","name":"Safestore","location":{"address":"155 Chalton St.","lat":"51.53386761056751","lng":"-0.13440905813238532","distance":"120","postalCode":"NW1","cc":"GB","city":"Camden","state":"Greater London","country":"United Kingdom"},"categories":[{"id":"4f04b1572fb6e1c99f3db0bf","name":"Storage Facility","pluralName":"Storage Facilities","shortName":"Storage","icon":{"prefix":"https:\/\/ss1.4sqi.net\/img\/categories_v2\/shops\/storage_","suffix":".png"},"primary":"true"}],"verified":"false","restricted":"true","stats":{"checkinsCount":"11","usersCount":"6","tipCount":"1"},"specials":{"count":"0"},"hereNow":{"count":"0"},"referralId":"v-1392477963"},{"id":"4acf3688f964a520bdd220e3","name":"Royal Veterinary College","contact":{"phone":"+442074685000","formattedPhone":"+44 20 7468 5000"},"location":{"address":"4 Royal College St.","crossStreet":"Camden Campus","lat":"51.536792994490554","lng":"-0.13381004333496094","distance":"287","postalCode":"NW1 0TU","cc":"GB","city":"London","state":"Greater London","country":"United Kingdom"},"categories":[{"id":"4bf58dd8d48988d1a8941735","name":"General College & University","pluralName":"General Colleges & Universities","shortName":"Education","icon":{"prefix":"https:\/\/ss1.4sqi.net\/img\/categories_v2\/education\/other_","suffix":".png"},"primary":"true"}],"verified":"false","restricted":"true","stats":{"checkinsCount":"864","usersCount":"118","tipCount":"2"},"url":"http:\/\/www.rvc.ac.uk","specials":{"count":"0"},"hereNow":{"count":"0"},"referralId":"v-1392477963"},{"id":"51480551e4b0fc4575be5f40","name":"Somerset Court","location":{"address":"Aldenham Street","lat":"51.53169598680218","lng":"-0.13383539758754745","distance":"297","postalCode":"NW1 1AS","cc":"GB","city":"London","state":"Greater London","country":"United Kingdom"},"categories":[{"id":"4d954b06a243a5684965b473","name":"Residential Building (Apartment \/ Condo)","pluralName":"Residential Buildings (Apartments \/ Condos)","shortName":"Residential","icon":{"prefix":"https:\/\/ss1.4sqi.net\/img\/categories_v2\/building\/apartment_","suffix":".png"},"primary":"true"}],"verified":"false","restricted":"true","stats":{"checkinsCount":"378","usersCount":"62","tipCount":"0"},"specials":{"count":"0"},"hereNow":{"count":"0"},"referralId":"v-1392477963"},{"id":"4b61bbfdf964a520701f2ae3","name":"Purple Turtle","contact":{"phone":"+442073834976","formattedPhone":"+44 20 7383 4976"},"location":{"address":"65 Crowndale Rd","lat":"51.53466980464441","lng":"-0.13811457735416802","distance":"370","postalCode":"NW1 1TN","cc":"GB","city":"Camden","state":"Greater London","country":"United Kingdom"},"categories":[{"id":"4bf58dd8d48988d1e9931735","name":"Rock Club","pluralName":"Rock Clubs","shortName":"Rock Club","icon":{"prefix":"https:\/\/ss1.4sqi.net\/img\/categories_v2\/arts_entertainment\/musicvenue_rockclub_","suffix":".png"},"primary":"true"}],"verified":"false","restricted":"true","stats":{"checkinsCount":"1324","usersCount":"662","tipCount":"6"},"url":"http:\/\/www.purpleturtlebar.com","specials":{"count":"0"},"hereNow":{"count":"0"},"referralId":"v-1392477963"},{"id":"4d9436abcf46224bfe8d8f94","name":"City Learning Centre","location":{"lat":"51.534291","lng":"-0.133373","distance":"39","cc":"GB","country":"United Kingdom"},"categories":[{"id":"4bf58dd8d48988d1a8941735","name":"General College & University","pluralName":"General Colleges & Universities","shortName":"Education","icon":{"prefix":"https:\/\/ss1.4sqi.net\/img\/categories_v2\/education\/other_","suffix":".png"},"primary":"true"}],"verified":"false","restricted":"true","stats":{"checkinsCount":"5","usersCount":"5","tipCount":"0"},"specials":{"count":"0"},"hereNow":{"count":"0"},"referralId":"v-1392477963"},{"id":"4f477628e4b024e50aefe8a1","name":"Mornington Dental Surgery","location":{"lat":"51.535393024872334","lng":"-0.1338294735789636","distance":"141","cc":"GB","country":"United Kingdom"},"categories":[{"id":"4bf58dd8d48988d178941735","name":"Dentist's Office","pluralName":"Dentist's Offices","shortName":"Dentist's Office","icon":{"prefix":"https:\/\/ss1.4sqi.net\/img\/categories_v2\/building\/medical_dentist_","suffix":".png"},"primary":"true"}],"verified":"false","restricted":"true","stats":{"checkinsCount":"32","usersCount":"10","tipCount":"1"},"specials":{"count":"0"},"hereNow":{"count":"0"},"referralId":"v-1392477963"},{"id":"4ac518e4f964a520e5aa20e3","name":"El Parador","location":{"address":"245 Eversholt Street","lat":"51.53358961893774","lng":"-0.13784408569335938","distance":"357","postalCode":"NW1 1BA","cc":"GB","city":"London","state":"Greater London","country":"United Kingdom"},"categories":[{"id":"4bf58dd8d48988d150941735","name":"Spanish Restaurant","pluralName":"Spanish Restaurants","shortName":"Spanish","icon":{"prefix":"https:\/\/ss1.4sqi.net\/img\/categories_v2\/food\/default_","suffix":".png"},"primary":"true"}],"verified":"false","restricted":"true","stats":{"checkinsCount":"333","usersCount":"242","tipCount":"17"},"menu":{"type":"Menu","label":"Menu","anchor":"View Menu","url":"https:\/\/foursquare.com\/v\/el-parador\/4ac518e4f964a520e5aa20e3\/menu","mobileUrl":"https:\/\/foursquare.com\/v\/4ac518e4f964a520e5aa20e3\/device_menu"},"specials":{"count":"0"},"hereNow":{"count":"0"},"referralId":"v-1392477963"},{"id":"4b154603f964a5202baa23e3","name":"Wolf Olins","location":{"address":"10 Regent's wharf","lat":"51.535287965360325","lng":"-0.13161683003644556","distance":"138","cc":"GB","city":"London","state":"Greater London","country":"United Kingdom"},"categories":[{"id":"4bf58dd8d48988d124941735","name":"Office","pluralName":"Offices","shortName":"Office","icon":{"prefix":"https:\/\/ss1.4sqi.net\/img\/categories_v2\/building\/default_","suffix":".png"},"primary":"true"}],"verified":"false","restricted":"true","stats":{"checkinsCount":"6","usersCount":"6","tipCount":"0"},"specials":{"count":"0"},"hereNow":{"count":"0"},"referralId":"v-1392477963"},{"id":"51839636498eed589eb63041","name":"Bridgeway","location":{"address":"41 Bridgeway Sreet","lat":"51.533097","lng":"-0.133929","distance":"153","postalCode":"NW1 1QU","cc":"GB","city":"London","state":"Greater London","country":"United Kingdom"},"categories":[{"id":"4d954b06a243a5684965b473","name":"Residential Building (Apartment \/ Condo)","pluralName":"Residential Buildings (Apartments \/ Condos)","shortName":"Residential","icon":{"prefix":"https:\/\/ss1.4sqi.net\/img\/categories_v2\/building\/apartment_","suffix":".png"},"primary":"true"}],"verified":"false","restricted":"true","stats":{"checkinsCount":"13","usersCount":"4","tipCount":"0"},"specials":{"count":"0"},"hereNow":{"count":"0"},"referralId":"v-1392477963"},{"id":"50c5ad8be4b013fc6bb7f77b","name":"Camden CLC","location":{"lat":"51.534236","lng":"-0.133856","distance":"73","cc":"GB","country":"United Kingdom"},"categories":[{"id":"4bf58dd8d48988d1a2941735","name":"Community College","pluralName":"Community Colleges","shortName":"Community College","icon":{"prefix":"https:\/\/ss1.4sqi.net\/img\/categories_v2\/education\/communitycollege_","suffix":".png"},"primary":"true"}],"verified":"false","restricted":"true","stats":{"checkinsCount":"2","usersCount":"1","tipCount":"0"},"specials":{"count":"0"},"hereNow":{"count":"0"},"referralId":"v-1392477963"},{"id":"4bb4a068a187ef3b3ad14942","name":"St Pancras Hospital","contact":{"phone":"+442033173500","formattedPhone":"+44 20 3317 3500"},"location":{"address":"4 St Pancras Way","lat":"51.5360228044959","lng":"-0.13234063934219015","distance":"195","postalCode":"NW1 0PE","cc":"GB","city":"London","state":"Greater London","country":"United Kingdom"},"categories":[{"id":"4bf58dd8d48988d196941735","name":"Hospital","pluralName":"Hospitals","shortName":"Hospital","icon":{"prefix":"https:\/\/ss1.4sqi.net\/img\/categories_v2\/building\/medical_hospital_","suffix":".png"},"primary":"true"}],"verified":"false","restricted":"true","stats":{"checkinsCount":"163","usersCount":"82","tipCount":"2"},"specials":{"count":"0"},"hereNow":{"count":"0"},"referralId":"v-1392477963"},{"id":"51d5cd94498e82e77ddcd795","name":"Regent High School","location":{"lat":"51.53356","lng":"-0.133793","distance":"106","cc":"GB","country":"United Kingdom"},"categories":[{"id":"4bf58dd8d48988d13d941735","name":"High School","pluralName":"High Schools","shortName":"High School","icon":{"prefix":"https:\/\/ss1.4sqi.net\/img\/categories_v2\/building\/school_","suffix":".png"},"primary":"true"}],"verified":"false","restricted":"true","stats":{"checkinsCount":"2","usersCount":"2","tipCount":"0"},"specials":{"count":"0"},"hereNow":{"count":"0"},"referralId":"v-1392477963"},{"id":"4d484c05c3e5a35d366a9c4f","name":"somerset court","location":{"lat":"51.531578703216816","lng":"-0.13361018717883763","distance":"306","cc":"GB","country":"United Kingdom"},"categories":[{"id":"4bf58dd8d48988d130941735","name":"Building","pluralName":"Buildings","shortName":"Building","icon":{"prefix":"https:\/\/ss1.4sqi.net\/img\/categories_v2\/building\/default_","suffix":".png"},"primary":"true"}],"verified":"false","restricted":"true","stats":{"checkinsCount":"557","usersCount":"57","tipCount":"1"},"specials":{"count":"0"},"hereNow":{"count":"0"},"referralId":"v-1392477963"},{"id":"4f6aeb89e4b0a9c2c12f9c58","name":"Londis","location":{"address":"Crowndale Road","lat":"51.53539896978573","lng":"-0.13368055186874597","distance":"137","cc":"GB","city":"London","state":"Greater London","country":"United Kingdom"},"categories":[{"id":"4bf58dd8d48988d118951735","name":"Grocery Store","pluralName":"Grocery Stores","shortName":"Grocery Store","icon":{"prefix":"https:\/\/ss1.4sqi.net\/img\/categories_v2\/shops\/food_grocery_","suffix":".png"},"primary":"true"}],"verified":"false","restricted":"true","stats":{"checkinsCount":"27","usersCount":"13","tipCount":"0"},"specials":{"count":"0"},"hereNow":{"count":"0"},"referralId":"v-1392477963"},{"id":"5277b8fa11d2fe9a4a49f835","name":"Great Hall RVC","location":{"lat":"51.536895","lng":"-0.133874","distance":"299","cc":"GB","country":"United Kingdom"},"categories":[{"id":"4bf58dd8d48988d1af941735","name":"College Auditorium","pluralName":"College Auditoriums","shortName":"Auditorium","icon":{"prefix":"https:\/\/ss1.4sqi.net\/img\/categories_v2\/building\/auditorium_","suffix":".png"},"primary":"true"}],"verified":"false","restricted":"true","stats":{"checkinsCount":"7","usersCount":"1","tipCount":"0"},"specials":{"count":"0"},"hereNow":{"count":"0"},"referralId":"v-1392477963"},{"id":"5062b560e4b0857a7ee1605e","name":"Lightwell","location":{"lat":"51.536973","lng":"-0.133903","distance":"308","cc":"GB","country":"United Kingdom"},"categories":[{"id":"4bf58dd8d48988d16d941735","name":"Caf\u00e9","pluralName":"Caf\u00e9s","shortName":"Caf\u00e9","icon":{"prefix":"https:\/\/ss1.4sqi.net\/img\/categories_v2\/food\/cafe_","suffix":".png"},"primary":"true"}],"verified":"false","restricted":"true","stats":{"checkinsCount":"69","usersCount":"5","tipCount":"0"},"specials":{"count":"0"},"hereNow":{"count":"0"},"referralId":"v-1392477963"},{"id":"50b4c60ae4b06a00a3f732bf","name":"Royal College Street Bus Stop","location":{"lat":"51.535522003218816","lng":"-0.13353762282894266","distance":"146","cc":"GB","country":"United Kingdom"},"categories":[{"id":"4bf58dd8d48988d1fe931735","name":"Bus Station","pluralName":"Bus Stations","shortName":"Bus Station","icon":{"prefix":"https:\/\/ss1.4sqi.net\/img\/categories_v2\/travel\/busstation_","suffix":".png"},"primary":"true"}],"verified":"false","restricted":"true","stats":{"checkinsCount":"2","usersCount":"2","tipCount":"0"},"specials":{"count":"0"},"hereNow":{"count":"0"},"referralId":"v-1392477963"},{"id":"4da4a4952939b1f79dff3657","name":"Somers Town Community Sports Centre","location":{"lat":"51.53274451506024","lng":"-0.13317950681577845","distance":"173","cc":"GB","city":"Camden Town","state":"Greater London","country":"United Kingdom"},"categories":[{"id":"4bf58dd8d48988d175941735","name":"Gym \/ Fitness Center","pluralName":"Gyms or Fitness Centers","shortName":"Gym \/ Fitness","icon":{"prefix":"https:\/\/ss1.4sqi.net\/img\/categories_v2\/building\/gym_","suffix":".png"},"primary":"true"}],"verified":"false","restricted":"true","stats":{"checkinsCount":"31","usersCount":"22","tipCount":"0"},"specials":{"count":"0"},"hereNow":{"count":"0"},"referralId":"v-1392477963"},{"id":"50b5c7a0e4b04cf99bbf7a5d","name":"DPD Depot","location":{"address":"101 Cowley Street","lat":"51.53667630566052","lng":"-0.12995542734527502","distance":"330","postalCode":"NW1","cc":"GB","city":"London","state":"Greater London","country":"United Kingdom"},"categories":[{"id":"4bf58dd8d48988d172941735","name":"Post Office","pluralName":"Post Offices","shortName":"Post Office","icon":{"prefix":"https:\/\/ss1.4sqi.net\/img\/categories_v2\/building\/postoffice_","suffix":".png"},"primary":"true"}],"verified":"false","restricted":"true","stats":{"checkinsCount":"6","usersCount":"6","tipCount":"0"},"specials":{"count":"0"},"hereNow":{"count":"0"},"referralId":"v-1392477963"},{"id":"4e47b440483b03d090f0e375","name":"The Chenies","location":{"address":"Pancras Road","lat":"51.534279","lng":"-0.130728","distance":"143","postalCode":"NW1 1UH","cc":"GB","city":"London","state":"Greater London","country":"United Kingdom"},"categories":[{"id":"4d954b06a243a5684965b473","name":"Residential Building (Apartment \/ Condo)","pluralName":"Residential Buildings (Apartments \/ Condos)","shortName":"Residential","icon":{"prefix":"https:\/\/ss1.4sqi.net\/img\/categories_v2\/building\/apartment_","suffix":".png"},"primary":"true"}],"verified":"false","restricted":"true","stats":{"checkinsCount":"109","usersCount":"11","tipCount":"0"},"specials":{"count":"0"},"hereNow":{"count":"0"},"referralId":"v-1392477963"},{"id":"4dcba273cc3f83065bd7f729","name":"Goldington Crescent Gardens","contact":{"phone":"+442079741693","formattedPhone":"+44 20 7974 1693","twitter":"lovecamden"},"location":{"address":"Goldington Crescent","lat":"51.53517798749436","lng":"-0.13256549835205078","distance":"100","postalCode":"NW1 1UA","cc":"GB","city":"St Pancras","state":"Greater London","country":"United Kingdom"},"categories":[{"id":"4bf58dd8d48988d163941735","name":"Park","pluralName":"Parks","shortName":"Park","icon":{"prefix":"https:\/\/ss1.4sqi.net\/img\/categories_v2\/parks_outdoors\/park_","suffix":".png"},"primary":"true"}],"verified":"false","restricted":"true","stats":{"checkinsCount":"72","usersCount":"34","tipCount":"1"},"specials":{"count":"0"},"hereNow":{"count":"0"},"referralId":"v-1392477963"},{"id":"4bc700512f94d13a1011117f","name":"Chris's Fish Bar","location":{"lat":"51.532487869262695","lng":"-0.13625085353851318","distance":"311","cc":"GB","country":"United Kingdom"},"categories":[{"id":"4bf58dd8d48988d16e941735","name":"Fast Food Restaurant","pluralName":"Fast Food Restaurants","shortName":"Fast Food","icon":{"prefix":"https:\/\/ss1.4sqi.net\/img\/categories_v2\/food\/fastfood_","suffix":".png"},"primary":"true"}],"verified":"false","restricted":"true","stats":{"checkinsCount":"23","usersCount":"14","tipCount":"0"},"specials":{"count":"0"},"hereNow":{"count":"0"},"referralId":"v-1392477963"},{"id":"513bba88e4b00e2483de2861","name":"Somerset Court Hall of Residance","location":{"lat":"51.53146","lng":"-0.1336","distance":"319","cc":"GB","country":"United Kingdom"},"categories":[{"id":"4d954b06a243a5684965b473","name":"Residential Building (Apartment \/ Condo)","pluralName":"Residential Buildings (Apartments \/ Condos)","shortName":"Residential","icon":{"prefix":"https:\/\/ss1.4sqi.net\/img\/categories_v2\/building\/apartment_","suffix":".png"},"primary":"true"}],"verified":"false","restricted":"true","stats":{"checkinsCount":"5","usersCount":"5","tipCount":"0"},"specials":{"count":"0"},"hereNow":{"count":"0"},"referralId":"v-1392477963"},{"id":"4f32468ce4b0f41ae86526c8","name":"Engine Rooms","location":{"address":"183 Eversholt St.","lat":"51.5320687100579","lng":"-0.1359696974240303","distance":"330","postalCode":"NW1 1BU","cc":"GB","city":"London","state":"Greater London","country":"United Kingdom"},"categories":[{"id":"4bf58dd8d48988d130941735","name":"Building","pluralName":"Buildings","shortName":"Building","icon":{"prefix":"https:\/\/ss1.4sqi.net\/img\/categories_v2\/building\/default_","suffix":".png"},"primary":"true"}],"verified":"false","restricted":"true","stats":{"checkinsCount":"42","usersCount":"25","tipCount":"0"},"specials":{"count":"0"},"hereNow":{"count":"0"},"referralId":"v-1392477963"}],"confident":"true"}}