{"meta":{"code":"200"},"response":{"venues":[{"id":"4dc16550fa764d03e9fd26ba","name":"Paddington Academy","location":{"lat":"51.52481170735156","lng":"-0.1930625580735116","distance":"60","cc":"GB","city":"Paddington","state":"Greater London","country":"United Kingdom"},"categories":[{"id":"4bf58dd8d48988d13b941735","name":"School","pluralName":"Schools","shortName":"School","icon":{"prefix":"https:\/\/ss1.4sqi.net\/img\/categories_v2\/building\/school_","suffix":".png"},"primary":"true"}],"verified":"false","restricted":"true","stats":{"checkinsCount":"180","usersCount":"31","tipCount":"0"},"specials":{"count":"0"},"hereNow":{"count":"0"},"referralId":"v-1392477983"},{"id":"4ba77c2cf964a5206f9739e3","name":"BBC Maida Vale Studios","location":{"address":"Delaware Rd","lat":"51.52599649144442","lng":"-0.19082977794527753","distance":"234","cc":"GB","city":"Paddington","state":"Greater London","country":"United Kingdom"},"categories":[{"id":"4bf58dd8d48988d1f1931735","name":"General Entertainment","pluralName":"General Entertainment","shortName":"Entertainment","icon":{"prefix":"https:\/\/ss1.4sqi.net\/img\/categories_v2\/arts_entertainment\/default_","suffix":".png"},"primary":"true"}],"verified":"false","restricted":"true","stats":{"checkinsCount":"681","usersCount":"308","tipCount":"3"},"specials":{"count":"0"},"hereNow":{"count":"0"},"referralId":"v-1392477983"},{"id":"4b502251f964a520491d27e3","name":"TfL Bus 6","contact":{"twitter":"tflbusalerts"},"location":{"address":"Moving Target!","lat":"51.52487262675978","lng":"-0.19054412841796875","distance":"169","cc":"GB","city":"London","state":"Greater London","country":"United Kingdom"},"categories":[{"id":"4bf58dd8d48988d12b951735","name":"Bus Line","pluralName":"Bus Lines","shortName":"Bus","icon":{"prefix":"https:\/\/ss1.4sqi.net\/img\/categories_v2\/travel\/busstation_","suffix":".png"},"primary":"true"}],"verified":"false","restricted":"true","stats":{"checkinsCount":"198","usersCount":"93","tipCount":"0"},"url":"http:\/\/tfl.gov.uk","specials":{"count":"0"},"hereNow":{"count":"0"},"referralId":"v-1392477983"},{"id":"510d26cee4b04d3f90336950","name":"GoMammoth Volleyball","location":{"lat":"51.52457941400944","lng":"-0.19287361255507118","distance":"32","cc":"GB","country":"United Kingdom"},"categories":[{"id":"4eb1bf013b7b6f98df247e07","name":"Volleyball Court","pluralName":"Volleyball Courts","shortName":"Volleyball Court","icon":{"prefix":"https:\/\/ss1.4sqi.net\/img\/categories_v2\/parks_outdoors\/volleyballcourt_","suffix":".png"},"primary":"true"}],"verified":"false","restricted":"true","stats":{"checkinsCount":"12","usersCount":"2","tipCount":"0"},"specials":{"count":"0"},"hereNow":{"count":"0"},"referralId":"v-1392477983"},{"id":"4f06154493adf931df4a9d5f","name":"Tsiakkos","location":{"address":"Marylands Rd","lat":"51.52324297882362","lng":"-0.19461143272823367","distance":"171","postalCode":"W9","cc":"GB","city":"London","state":"Greater London","country":"United Kingdom"},"categories":[{"id":"4bf58dd8d48988d10e941735","name":"Greek Restaurant","pluralName":"Greek Restaurants","shortName":"Greek","icon":{"prefix":"https:\/\/ss1.4sqi.net\/img\/categories_v2\/food\/greek_","suffix":".png"},"primary":"true"}],"verified":"false","restricted":"true","stats":{"checkinsCount":"164","usersCount":"42","tipCount":"4"},"specials":{"count":"0"},"hereNow":{"count":"0"},"referralId":"v-1392477983"},{"id":"5276b9a911d22a3842afe1c6","name":"Shirland Service Apartments","location":{"lat":"51.526195","lng":"-0.19293","distance":"212","cc":"GB","country":"United Kingdom"},"categories":[{"id":"4d954b06a243a5684965b473","name":"Residential Building (Apartment \/ Condo)","pluralName":"Residential Buildings (Apartments \/ Condos)","shortName":"Residential","icon":{"prefix":"https:\/\/ss1.4sqi.net\/img\/categories_v2\/building\/apartment_","suffix":".png"},"primary":"true"}],"verified":"false","restricted":"true","stats":{"checkinsCount":"14","usersCount":"7","tipCount":"0"},"specials":{"count":"0"},"hereNow":{"count":"0"},"referralId":"v-1392477983"},{"id":"4c10b693ce640f47ab4f3a52","name":"The Amadeus Centre","location":{"address":"50 Shirland Road","crossStreet":"Braden Street","lat":"51.524291038513184","lng":"-0.189218","distance":"248","postalCode":"W9 2JA","cc":"GB","city":"London","state":"Greater London","country":"United Kingdom"},"categories":[{"id":"4bf58dd8d48988d171941735","name":"Event Space","pluralName":"Event Spaces","shortName":"Event Space","icon":{"prefix":"https:\/\/ss1.4sqi.net\/img\/categories_v2\/building\/eventspace_","suffix":".png"},"primary":"true"}],"verified":"false","restricted":"true","stats":{"checkinsCount":"105","usersCount":"79","tipCount":"1"},"specials":{"count":"0"},"hereNow":{"count":"0"},"referralId":"v-1392477983"},{"id":"4c38bd9618e72d7f74e818f5","name":"Chicken Cottage","location":{"address":"360 Harrow Road","lat":"51.52299017810403","lng":"-0.19494295120239258","distance":"207","postalCode":"W9 2HT","cc":"GB","city":"London","state":"Greater London","country":"United Kingdom"},"categories":[{"id":"4d4ae6fc7a7b7dea34424761","name":"Fried Chicken Joint","pluralName":"Fried Chicken Joints","shortName":"Fried Chicken","icon":{"prefix":"https:\/\/ss1.4sqi.net\/img\/categories_v2\/food\/friedchicken_","suffix":".png"},"primary":"true"}],"verified":"false","restricted":"true","stats":{"checkinsCount":"127","usersCount":"44","tipCount":"1"},"specials":{"count":"0"},"hereNow":{"count":"0"},"referralId":"v-1392477983"},{"id":"4c6affcfe503c9287d1147b3","name":"Lewis' place.","location":{"address":"47 Maryland Rd","lat":"51.5243694","lng":"-0.19353822999999998","distance":"51","postalCode":"W9 2","cc":"GB","city":"Paddington","state":"Greater London","country":"United Kingdom"},"categories":[{"id":"4bf58dd8d48988d171941735","name":"Event Space","pluralName":"Event Spaces","shortName":"Event Space","icon":{"prefix":"https:\/\/ss1.4sqi.net\/img\/categories_v2\/building\/eventspace_","suffix":".png"},"primary":"true"}],"verified":"false","restricted":"true","stats":{"checkinsCount":"1","usersCount":"1","tipCount":"0"},"specials":{"count":"0"},"hereNow":{"count":"0"},"referralId":"v-1392477983"},{"id":"4bc779df6501c9b675813e29","name":"Maida Vale Library","contact":{"phone":"+442076411300","formattedPhone":"+44 20 7641 1300","twitter":"wcclibraries"},"location":{"address":"Sutherland Ave.","crossStreet":"at Shirland Rd","lat":"51.52475247278768","lng":"-0.1905226707458496","distance":"166","postalCode":"W9 2QT","cc":"GB","city":"London","state":"Greater London","country":"United Kingdom"},"categories":[{"id":"4bf58dd8d48988d12f941735","name":"Library","pluralName":"Libraries","shortName":"Library","icon":{"prefix":"https:\/\/ss1.4sqi.net\/img\/categories_v2\/building\/library_","suffix":".png"},"primary":"true"}],"verified":"false","restricted":"true","stats":{"checkinsCount":"88","usersCount":"47","tipCount":"2"},"url":"http:\/\/www.westminster.gov.uk\/libraries","specials":{"count":"0"},"hereNow":{"count":"0"},"referralId":"v-1392477983"},{"id":"4d0292eae350b60ce0c97742","name":"Pars Persian Restaurant","location":{"address":"370 Harrow Rd.","lat":"51.52302501973254","lng":"-0.19570426216829212","distance":"245","postalCode":"W9","cc":"GB","city":"London","state":"Greater London","country":"United Kingdom"},"categories":[{"id":"4bf58dd8d48988d115941735","name":"Middle Eastern Restaurant","pluralName":"Middle Eastern Restaurants","shortName":"Middle Eastern","icon":{"prefix":"https:\/\/ss1.4sqi.net\/img\/categories_v2\/food\/default_","suffix":".png"},"primary":"true"}],"verified":"false","restricted":"true","stats":{"checkinsCount":"96","usersCount":"38","tipCount":"6"},"menu":{"type":"Menu","label":"Menu","anchor":"View Menu","url":"https:\/\/foursquare.com\/v\/pars-persian-restaurant-maida-vale-greater-london\/4d0292eae350b60ce0c97742\/menu","mobileUrl":"https:\/\/foursquare.com\/v\/4d0292eae350b60ce0c97742\/device_menu"},"specials":{"count":"0"},"hereNow":{"count":"0"},"referralId":"v-1392477983"},{"id":"4b924d7bf964a52008f133e3","name":"Elgin Food and Wine","location":{"address":"97 Elgin Avenue","lat":"51.52644794950892","lng":"-0.19359111785888672","distance":"246","postalCode":"W9 2DA","cc":"GB","city":"London","state":"Greater London","country":"United Kingdom"},"categories":[{"id":"4bf58dd8d48988d118951735","name":"Grocery Store","pluralName":"Grocery Stores","shortName":"Grocery Store","icon":{"prefix":"https:\/\/ss1.4sqi.net\/img\/categories_v2\/shops\/food_grocery_","suffix":".png"},"primary":"true"}],"verified":"false","restricted":"true","stats":{"checkinsCount":"265","usersCount":"53","tipCount":"0"},"specials":{"count":"0"},"hereNow":{"count":"0"},"referralId":"v-1392477983"},{"id":"4f7a2be2e4b07d8b1ed14fb3","name":"Little Biguglia","location":{"lat":"51.523726","lng":"-0.192815","distance":"62","cc":"GB","country":"United Kingdom"},"categories":[{"id":"4d954b06a243a5684965b473","name":"Residential Building (Apartment \/ Condo)","pluralName":"Residential Buildings (Apartments \/ Condos)","shortName":"Residential","icon":{"prefix":"https:\/\/ss1.4sqi.net\/img\/categories_v2\/building\/apartment_","suffix":".png"},"primary":"true"}],"verified":"false","restricted":"true","stats":{"checkinsCount":"7","usersCount":"2","tipCount":"1"},"specials":{"count":"0"},"hereNow":{"count":"0"},"referralId":"v-1392477983"},{"id":"50ab5be1e4b00936cfe2f63d","name":"Sutherland Avenue Bus Stop","location":{"lat":"51.52259102169255","lng":"-0.19414854260178702","distance":"210","cc":"GB","country":"United Kingdom"},"categories":[{"id":"4bf58dd8d48988d12b951735","name":"Bus Line","pluralName":"Bus Lines","shortName":"Bus","icon":{"prefix":"https:\/\/ss1.4sqi.net\/img\/categories_v2\/travel\/busstation_","suffix":".png"},"primary":"true"}],"verified":"false","restricted":"true","stats":{"checkinsCount":"22","usersCount":"12","tipCount":"0"},"specials":{"count":"0"},"hereNow":{"count":"0"},"referralId":"v-1392477983"},{"id":"4fdc5eace4b018d078895934","name":"The YAA Centre","location":{"address":"Chippenham Mews","lat":"51.52378061490066","lng":"-0.1956098163260774","distance":"202","cc":"GB","city":"London","state":"Greater London","country":"United Kingdom"},"categories":[{"id":"4bf58dd8d48988d134941735","name":"Dance Studio","pluralName":"Dance Studios","shortName":"Dance Studio","icon":{"prefix":"https:\/\/ss1.4sqi.net\/img\/categories_v2\/arts_entertainment\/performingarts_dancestudio_","suffix":".png"},"primary":"true"}],"verified":"false","restricted":"true","stats":{"checkinsCount":"29","usersCount":"10","tipCount":"0"},"specials":{"count":"0"},"hereNow":{"count":"0"},"referralId":"v-1392477983"},{"id":"4cf552c02eb259410713bea1","name":"Natural Born Banners HQ","location":{"address":"30 Marylands Road","lat":"51.524345","lng":"-0.193714","distance":"63","postalCode":"W9 2DX","cc":"GB","city":"London","state":"Greater London","country":"United Kingdom"},"categories":[{"id":"4bf58dd8d48988d171941735","name":"Event Space","pluralName":"Event Spaces","shortName":"Event Space","icon":{"prefix":"https:\/\/ss1.4sqi.net\/img\/categories_v2\/building\/eventspace_","suffix":".png"},"primary":"true"}],"verified":"false","restricted":"true","stats":{"checkinsCount":"27","usersCount":"2","tipCount":"0"},"specials":{"count":"0"},"hereNow":{"count":"0"},"referralId":"v-1392477983"},{"id":"4ffa9883e4b0f3316425758d","name":"Cafe Nour","location":{"address":"1 Sutherland Ave","lat":"51.523232","lng":"-0.194234","distance":"153","cc":"GB","country":"United Kingdom"},"categories":[{"id":"4bf58dd8d48988d16d941735","name":"Caf\u00e9","pluralName":"Caf\u00e9s","shortName":"Caf\u00e9","icon":{"prefix":"https:\/\/ss1.4sqi.net\/img\/categories_v2\/food\/cafe_","suffix":".png"},"primary":"true"}],"verified":"false","restricted":"true","stats":{"checkinsCount":"10","usersCount":"7","tipCount":"0"},"specials":{"count":"0"},"hereNow":{"count":"0"},"referralId":"v-1392477983"},{"id":"4aef23b7f964a520f7d521e3","name":"Paddington sport club","location":{"address":"Castellain Rd, London","lat":"51.52641844263292","lng":"-0.18985175178595703","distance":"313","postalCode":"W9 1HQ","cc":"GB","city":"London","state":"Greater London","country":"United Kingdom"},"categories":[{"id":"4bf58dd8d48988d176941735","name":"Gym","pluralName":"Gyms","shortName":"Gym","icon":{"prefix":"https:\/\/ss1.4sqi.net\/img\/categories_v2\/building\/gym_","suffix":".png"},"primary":"true"}],"verified":"false","restricted":"true","stats":{"checkinsCount":"68","usersCount":"30","tipCount":"2"},"specials":{"count":"0"},"hereNow":{"count":"0"},"referralId":"v-1392477983"},{"id":"4bf913688d30d13a96a90118","name":"Golden Scissors","location":{"address":"Harrow Road","lat":"51.52313527272829","lng":"-0.1943634851321227","distance":"167","cc":"GB","city":"Paddington","state":"Greater London","country":"United Kingdom"},"categories":[{"id":"4bf58dd8d48988d110951735","name":"Salon \/ Barbershop","pluralName":"Salons \/ Barbershops","shortName":"Salon \/ Barbershop","icon":{"prefix":"https:\/\/ss1.4sqi.net\/img\/categories_v2\/shops\/salon_barber_","suffix":".png"},"primary":"true"}],"verified":"false","restricted":"true","stats":{"checkinsCount":"30","usersCount":"7","tipCount":"0"},"specials":{"count":"0"},"hereNow":{"count":"0"},"referralId":"v-1392477983"},{"id":"52dabd9a498ee02afe71bc6c","name":"Super Mercado Portugal","location":{"lat":"51.522315","lng":"-0.193664","distance":"227","cc":"GB","country":"United Kingdom"},"categories":[{"id":"4bf58dd8d48988d1f9941735","name":"Food & Drink Shop","pluralName":"Food & Drink Shops","shortName":"Food & Drink","icon":{"prefix":"https:\/\/ss1.4sqi.net\/img\/categories_v2\/shops\/foodanddrink_","suffix":".png"},"primary":"true"}],"verified":"false","restricted":"true","stats":{"checkinsCount":"1","usersCount":"1","tipCount":"0"},"specials":{"count":"0"},"hereNow":{"count":"0"},"referralId":"v-1392477983"},{"id":"510c0a2ee4b0ae0240825370","name":"Harrow Road Bus Stop F","location":{"lat":"51.52453698560252","lng":"-0.19165462124202975","distance":"84","cc":"GB","country":"United Kingdom"},"categories":[{"id":"4bf58dd8d48988d12b951735","name":"Bus Line","pluralName":"Bus Lines","shortName":"Bus","icon":{"prefix":"https:\/\/ss1.4sqi.net\/img\/categories_v2\/travel\/busstation_","suffix":".png"},"primary":"true"}],"verified":"false","restricted":"true","stats":{"checkinsCount":"2","usersCount":"1","tipCount":"0"},"specials":{"count":"0"},"hereNow":{"count":"0"},"referralId":"v-1392477983"},{"id":"524f142411d21710001ac921","name":"The Islamic Mosque","location":{"lat":"51.523061","lng":"-0.194054","distance":"161","cc":"GB","country":"United Kingdom"},"categories":[{"id":"4bf58dd8d48988d138941735","name":"Mosque","pluralName":"Mosques","shortName":"Mosque","icon":{"prefix":"https:\/\/ss1.4sqi.net\/img\/categories_v2\/building\/religious_mosque_","suffix":".png"},"primary":"true"}],"verified":"false","restricted":"true","stats":{"checkinsCount":"3","usersCount":"3","tipCount":"0"},"specials":{"count":"0"},"hereNow":{"count":"0"},"referralId":"v-1392477983"},{"id":"52ab309211d27e374c97a082","name":"Costa's Hairdressing","location":{"lat":"51.52325439453125","lng":"-0.19561752676963806","distance":"226","cc":"GB","country":"United Kingdom"},"categories":[{"id":"4bf58dd8d48988d110951735","name":"Salon \/ Barbershop","pluralName":"Salons \/ Barbershops","shortName":"Salon \/ Barbershop","icon":{"prefix":"https:\/\/ss1.4sqi.net\/img\/categories_v2\/shops\/salon_barber_","suffix":".png"},"primary":"true"}],"verified":"false","restricted":"true","stats":{"checkinsCount":"2","usersCount":"2","tipCount":"1"},"specials":{"count":"0"},"hereNow":{"count":"0"},"referralId":"v-1392477983"},{"id":"4bc9b04f937ca593241fa692","name":"Ro and Em's","location":{"address":"27 Sutherland Ave.","lat":"51.523510863177314","lng":"-0.1931619644165039","distance":"90","postalCode":"W9 2HE","cc":"GB","city":"Paddington","state":"Greater London","country":"United Kingdom"},"categories":[{"id":"4bf58dd8d48988d130941735","name":"Building","pluralName":"Buildings","shortName":"Building","icon":{"prefix":"https:\/\/ss1.4sqi.net\/img\/categories_v2\/building\/default_","suffix":".png"},"primary":"true"}],"verified":"false","restricted":"true","stats":{"checkinsCount":"24","usersCount":"3","tipCount":"1"},"specials":{"count":"0"},"hereNow":{"count":"0"},"referralId":"v-1392477983"},{"id":"4c13b3967f7f2d7fff7bdf68","name":"The Neeld Arms","location":{"lat":"51.523316","lng":"-0.195017","distance":"187","cc":"GB","country":"United Kingdom"},"categories":[{"id":"4bf58dd8d48988d11b941735","name":"Pub","pluralName":"Pubs","shortName":"Pub","icon":{"prefix":"https:\/\/ss1.4sqi.net\/img\/categories_v2\/nightlife\/pub_","suffix":".png"},"primary":"true"}],"verified":"false","restricted":"true","stats":{"checkinsCount":"26","usersCount":"20","tipCount":"0"},"specials":{"count":"0"},"hereNow":{"count":"0"},"referralId":"v-1392477983"},{"id":"4dfbb60b18382df84287b210","name":"Elka","location":{"address":"Maryland road","lat":"51.524207","lng":"-0.194691","distance":"131","cc":"GB","city":"Paddington","state":"Greater London","country":"United Kingdom"},"categories":[{"id":"4bf58dd8d48988d110941735","name":"Italian Restaurant","pluralName":"Italian Restaurants","shortName":"Italian","icon":{"prefix":"https:\/\/ss1.4sqi.net\/img\/categories_v2\/food\/italian_","suffix":".png"},"primary":"true"}],"verified":"false","restricted":"true","stats":{"checkinsCount":"1","usersCount":"1","tipCount":"0"},"specials":{"count":"0"},"hereNow":{"count":"0"},"referralId":"v-1392477983"},{"id":"528cb6f011d2963f86efc018","name":"Maida Vale Library","location":{"lat":"51.524546","lng":"-0.19011","distance":"188","cc":"GB","country":"United Kingdom"},"verified":"false","restricted":"true","stats":{"checkinsCount":"2","usersCount":"2","tipCount":"0"},"specials":{"count":"0"},"hereNow":{"count":"0"},"referralId":"v-1392477983"},{"id":"4c6046c312e5c928f5ca1e4c","name":"Moreno Wines","location":{"address":"Marylands Road","crossStreet":"Goldney Road","lat":"51.5243578588672","lng":"-0.1948676675907154","distance":"143","cc":"GB","city":"London","state":"Greater London","country":"United Kingdom"},"categories":[{"id":"4bf58dd8d48988d14b941735","name":"Winery","pluralName":"Wineries","shortName":"Winery","icon":{"prefix":"https:\/\/ss1.4sqi.net\/img\/categories_v2\/food\/winery_","suffix":".png"},"primary":"true"}],"verified":"false","restricted":"true","stats":{"checkinsCount":"15","usersCount":"6","tipCount":"1"},"specials":{"count":"0"},"hereNow":{"count":"0"},"referralId":"v-1392477983"},{"id":"4f4a54e0e4b07165fb1d610e","name":"Edbrooke Road Gardens","location":{"lat":"51.52334863360416","lng":"-0.19536986404623072","distance":"206","cc":"GB","country":"United Kingdom"},"categories":[{"id":"4bf58dd8d48988d163941735","name":"Park","pluralName":"Parks","shortName":"Park","icon":{"prefix":"https:\/\/ss1.4sqi.net\/img\/categories_v2\/parks_outdoors\/park_","suffix":".png"},"primary":"true"}],"verified":"false","restricted":"true","stats":{"checkinsCount":"56","usersCount":"31","tipCount":"0"},"specials":{"count":"0"},"hereNow":{"count":"0"},"referralId":"v-1392477983"},{"id":"5165baebe4b0a8efc7904c77","name":"Galeries Royale Saint- Hubert","location":{"lat":"51.525436","lng":"-0.191856","distance":"143","cc":"GB","city":"Brussels","country":"United Kingdom"},"categories":[{"id":"4bf58dd8d48988d17e941735","name":"Indie Movie Theater","pluralName":"Indie Movie Theaters","shortName":"Indie Theater","icon":{"prefix":"https:\/\/ss1.4sqi.net\/img\/categories_v2\/arts_entertainment\/movietheater_indietheater_","suffix":".png"},"primary":"true"}],"verified":"false","restricted":"true","stats":{"checkinsCount":"1","usersCount":"1","tipCount":"0"},"specials":{"count":"0"},"hereNow":{"count":"0"},"referralId":"v-1392477983"}],"confident":"true"}}