{"meta":{"code":"200"},"response":{"venues":[{"id":"51d94e61498e435559854704","name":"Urbanest King's Cross","contact":{"phone":"+442070427890","formattedPhone":"+44 20 7042 7890","twitter":"urbanestuk"},"location":{"address":"Canal Reach","crossStreet":"York Way","lat":"51.53948490926667","lng":"-0.1252677990756317","distance":"176","postalCode":"N1C 4BD","cc":"GB","city":"London","state":"Greater London","country":"United Kingdom"},"categories":[{"id":"4bf58dd8d48988d1a3941735","name":"College Residence Hall","pluralName":"College Residence Halls","shortName":"Residence Hall","icon":{"prefix":"https:\/\/ss1.4sqi.net\/img\/categories_v2\/education\/residencehall_","suffix":".png"},"primary":"true"}],"verified":"false","restricted":"true","stats":{"checkinsCount":"436","usersCount":"91","tipCount":"0"},"specials":{"count":"0"},"hereNow":{"count":"0"},"referralId":"v-1392477950"},{"id":"4e8d753c1081e3b3545fc155","name":"Central Saint Martins College of Art and Design","contact":{"phone":"+442075147000","formattedPhone":"+44 20 7514 7000","twitter":"csm_news"},"location":{"address":"Granary Building","crossStreet":"1 Granary Square","lat":"51.53629915545821","lng":"-0.12501239776611328","distance":"384","postalCode":"N1C 4AA\ufeff","cc":"GB","city":"King's Cross","state":"Greater London","country":"United Kingdom"},"categories":[{"id":"4bf58dd8d48988d1ae941735","name":"University","pluralName":"Universities","shortName":"University","icon":{"prefix":"https:\/\/ss1.4sqi.net\/img\/categories_v2\/education\/default_","suffix":".png"},"primary":"true"}],"verified":"false","restricted":"true","stats":{"checkinsCount":"5556","usersCount":"1178","tipCount":"10"},"url":"http:\/\/www.arts.ac.uk\/csm\/","specials":{"count":"0"},"hereNow":{"count":"2","groups":[{"type":"others","name":"Other people here","count":"2"}]},"referralId":"v-1392477950"},{"id":"52435c0b498e2278c9d3e038","name":"St Pancras","location":{"address":"Everywhere!","lat":"51.53645681242798","lng":"-0.12865177567703853","distance":"320","cc":"GB","city":"St Pancras","state":"Greater London","country":"United Kingdom"},"categories":[{"id":"4f2a25ac4b909258e854f55f","name":"Neighborhood","pluralName":"Neighborhoods","shortName":"Neighborhood","icon":{"prefix":"https:\/\/ss1.4sqi.net\/img\/categories_v2\/parks_outdoors\/neighborhood_","suffix":".png"},"primary":"true"}],"verified":"false","restricted":"true","stats":{"checkinsCount":"187","usersCount":"70","tipCount":"0"},"specials":{"count":"0"},"hereNow":{"count":"2","groups":[{"type":"others","name":"Other people here","count":"2"}]},"referralId":"v-1392477950"},{"id":"4b638f8cf964a52071832ae3","name":"Egg","contact":{"phone":"+442078717111","formattedPhone":"+44 20 7871 7111","twitter":"egg_club_london"},"location":{"address":"5-13 Vale Royal","crossStreet":"at York Way","lat":"51.541731090122006","lng":"-0.12477636337280273","distance":"343","postalCode":"N7 9AP","cc":"GB","city":"King's Cross","state":"Greater London","country":"United Kingdom"},"categories":[{"id":"4bf58dd8d48988d11f941735","name":"Nightclub","pluralName":"Nightclubs","shortName":"Nightclub","icon":{"prefix":"https:\/\/ss1.4sqi.net\/img\/categories_v2\/nightlife\/nightclub_","suffix":".png"},"primary":"true"}],"verified":"false","restricted":"true","stats":{"checkinsCount":"1027","usersCount":"798","tipCount":"29"},"url":"http:\/\/www.egglondon.net","specials":{"count":"0"},"hereNow":{"count":"0"},"referralId":"v-1392477950"},{"id":"4c03c05b310fc9b6ce44c661","name":"St Pancras Lock","location":{"lat":"51.536564317946606","lng":"-0.12871556452929916","distance":"309","cc":"GB","country":"United Kingdom"},"categories":[{"id":"4bf58dd8d48988d1e0941735","name":"Harbor \/ Marina","pluralName":"Harbors \/ Marinas","shortName":"Harbor \/ Marina","icon":{"prefix":"https:\/\/ss1.4sqi.net\/img\/categories_v2\/parks_outdoors\/harbor_","suffix":".png"},"primary":"true"}],"verified":"false","restricted":"true","stats":{"checkinsCount":"450","usersCount":"136","tipCount":"2"},"specials":{"count":"0"},"hereNow":{"count":"0"},"referralId":"v-1392477950"},{"id":"4fae2ca0e4b0ec82890cca04","name":"St Pancras Cruising Club","location":{"lat":"51.53657534824706","lng":"-0.12859891408977256","distance":"307","cc":"GB","country":"United Kingdom"},"categories":[{"id":"4bf58dd8d48988d1e0941735","name":"Harbor \/ Marina","pluralName":"Harbors \/ Marinas","shortName":"Harbor \/ Marina","icon":{"prefix":"https:\/\/ss1.4sqi.net\/img\/categories_v2\/parks_outdoors\/harbor_","suffix":".png"},"primary":"true"}],"verified":"false","restricted":"true","stats":{"checkinsCount":"113","usersCount":"13","tipCount":"0"},"specials":{"count":"0"},"hereNow":{"count":"0"},"referralId":"v-1392477950"},{"id":"527d5a7911d237c9a840eb3f","name":"Regent's Canal Towpath (St Pancras)","location":{"lat":"51.53654918397429","lng":"-0.12874902984402686","distance":"311","cc":"GB","country":"United Kingdom"},"categories":[{"id":"4bf58dd8d48988d162941735","name":"Other Great Outdoors","pluralName":"Other Great Outdoors","shortName":"Other Outdoors","icon":{"prefix":"https:\/\/ss1.4sqi.net\/img\/categories_v2\/parks_outdoors\/outdoors_","suffix":".png"},"primary":"true"}],"verified":"false","restricted":"true","stats":{"checkinsCount":"50","usersCount":"5","tipCount":"0"},"specials":{"count":"0"},"hereNow":{"count":"0"},"referralId":"v-1392477950"},{"id":"50c9cf8de4b05b0bb62427dd","name":"Zone","contact":{"phone":"+442036978600","formattedPhone":"+44 20 3697 8600","twitter":"thisiszone"},"location":{"address":"Western Transit Shed","crossStreet":"12-13 Stable Street","lat":"51.53646011750922","lng":"-0.12570811070701432","distance":"346","postalCode":"N1C 4AB","cc":"GB","city":"London","state":"Greater London","country":"United Kingdom"},"categories":[{"id":"4bf58dd8d48988d125941735","name":"Tech Startup","pluralName":"Tech Startups","shortName":"Tech Startup","icon":{"prefix":"https:\/\/ss1.4sqi.net\/img\/categories_v2\/shops\/technology_","suffix":".png"},"primary":"true"}],"verified":"false","restricted":"true","stats":{"checkinsCount":"104","usersCount":"28","tipCount":"1"},"url":"http:\/\/www.thisiszone.com","specials":{"count":"0"},"hereNow":{"count":"0"},"referralId":"v-1392477950"},{"id":"4c654fdb5e61d13a2984bb85","name":"Ted Baker HQ","contact":{"phone":"+442072554800","formattedPhone":"+44 20 7255 4800"},"location":{"address":"6A St. Pancras Way","lat":"51.53803","lng":"-0.132756","distance":"370","postalCode":"NW1 0YB","cc":"GB","city":"Camden","state":"Greater London","country":"United Kingdom"},"categories":[{"id":"4bf58dd8d48988d103951735","name":"Clothing Store","pluralName":"Clothing Stores","shortName":"Apparel","icon":{"prefix":"https:\/\/ss1.4sqi.net\/img\/categories_v2\/shops\/apparel_","suffix":".png"},"primary":"true"}],"verified":"false","restricted":"true","stats":{"checkinsCount":"246","usersCount":"70","tipCount":"2"},"specials":{"count":"0"},"hereNow":{"count":"0"},"referralId":"v-1392477950"},{"id":"4c114e5d416620a183ded8e4","name":"Gasholder No 8","location":{"address":"Goods Way","lat":"51.536657744725005","lng":"-0.12827384758215582","distance":"294","postalCode":"NW1","cc":"GB","city":"King's Cross","state":"Greater London","country":"United Kingdom"},"categories":[{"id":"4bf58dd8d48988d164941735","name":"Plaza","pluralName":"Plazas","shortName":"Plaza","icon":{"prefix":"https:\/\/ss1.4sqi.net\/img\/categories_v2\/parks_outdoors\/plaza_","suffix":".png"},"primary":"true"}],"verified":"false","restricted":"true","stats":{"checkinsCount":"67","usersCount":"14","tipCount":"1"},"specials":{"count":"0"},"hereNow":{"count":"0"},"referralId":"v-1392477950"},{"id":"4f0d7db5e4b0e45bddae0fc4","name":"st. martins canteen","location":{"address":"Granary Square","lat":"51.53638914041213","lng":"-0.12477119043680061","distance":"385","cc":"GB","city":"London","state":"Greater London","country":"United Kingdom"},"categories":[{"id":"4bf58dd8d48988d1c4941735","name":"Restaurant","pluralName":"Restaurants","shortName":"Restaurant","icon":{"prefix":"https:\/\/ss1.4sqi.net\/img\/categories_v2\/food\/default_","suffix":".png"},"primary":"true"}],"verified":"false","restricted":"true","stats":{"checkinsCount":"287","usersCount":"53","tipCount":"0"},"specials":{"count":"0"},"hereNow":{"count":"0"},"referralId":"v-1392477950"},{"id":"4f181aede4b062dab99532c8","name":"Platform Theatre","location":{"address":"Handyside Street","crossStreet":"in CSM College of Arts & Design","lat":"51.536766300625786","lng":"-0.12466907501220703","distance":"354","postalCode":"N1C 4AA","cc":"GB","city":"London","state":"Greater London","country":"United Kingdom"},"categories":[{"id":"4bf58dd8d48988d137941735","name":"Theater","pluralName":"Theaters","shortName":"Theater","icon":{"prefix":"https:\/\/ss1.4sqi.net\/img\/categories_v2\/arts_entertainment\/performingarts_theater_","suffix":".png"},"primary":"true"}],"verified":"false","restricted":"true","stats":{"checkinsCount":"83","usersCount":"50","tipCount":"0"},"specials":{"count":"0"},"hereNow":{"count":"0"},"referralId":"v-1392477950"},{"id":"4e74ac0c1495be5170c294f0","name":"Victorian Waterpoint","location":{"address":"St Pancras Cruising Club","crossStreet":"Camley Street","lat":"51.53636462940667","lng":"-0.12841798493738768","distance":"328","postalCode":"NW1 0PL","cc":"GB","city":"London","state":"Greater London","country":"United Kingdom"},"categories":[{"id":"4bf58dd8d48988d165941735","name":"Scenic Lookout","pluralName":"Scenic Lookouts","shortName":"Scenic Lookout","icon":{"prefix":"https:\/\/ss1.4sqi.net\/img\/categories_v2\/parks_outdoors\/sceniclookout_","suffix":".png"},"primary":"true"}],"verified":"false","restricted":"true","stats":{"checkinsCount":"70","usersCount":"14","tipCount":"1"},"specials":{"count":"0"},"hereNow":{"count":"0"},"referralId":"v-1392477950"},{"id":"4d371276db5ba35d997840c7","name":"Booker Wholesale","location":{"lat":"51.538835","lng":"-0.13057","distance":"198","cc":"GB","country":"United Kingdom"},"categories":[{"id":"4bf58dd8d48988d1ff941735","name":"Miscellaneous Shop","pluralName":"Miscellaneous Shops","shortName":"Shop","icon":{"prefix":"https:\/\/ss1.4sqi.net\/img\/categories_v2\/shops\/default_","suffix":".png"},"primary":"true"}],"verified":"false","restricted":"true","stats":{"checkinsCount":"41","usersCount":"32","tipCount":"1"},"specials":{"count":"0"},"hereNow":{"count":"0"},"referralId":"v-1392477950"},{"id":"4cf41badc9af6dcb7305aa7f","name":"tigers shotokan karate","location":{"lat":"51.539011","lng":"-0.126763","distance":"78","cc":"GB","city":"St Albans","state":"Hertfordshire","country":"United Kingdom"},"categories":[{"id":"4f4528bc4b90abdf24c9de85","name":"Athletics & Sports","pluralName":"Athletics & Sports","shortName":"Athletics & Sports","icon":{"prefix":"https:\/\/ss1.4sqi.net\/img\/categories_v2\/shops\/sports_outdoors_","suffix":".png"},"primary":"true"}],"verified":"false","restricted":"true","stats":{"checkinsCount":"4","usersCount":"2","tipCount":"0"},"specials":{"count":"0"},"hereNow":{"count":"0"},"referralId":"v-1392477950"},{"id":"520df7da11d25923f378f204","name":"King's Cross Visitor Centre","location":{"address":"Granary Square","lat":"51.53618067463481","lng":"-0.128031611171857","distance":"346","postalCode":"NC1","cc":"GB","city":"London","state":"Greater London","country":"United Kingdom"},"categories":[{"id":"4f4530164b9074f6e4fb00ff","name":"Tourist Information Center","pluralName":"Tourist Information Centers","shortName":"Tourist Information","icon":{"prefix":"https:\/\/ss1.4sqi.net\/img\/categories_v2\/travel\/default_","suffix":".png"},"primary":"true"}],"verified":"false","restricted":"true","stats":{"checkinsCount":"20","usersCount":"9","tipCount":"0"},"specials":{"count":"0"},"hereNow":{"count":"0"},"referralId":"v-1392477950"},{"id":"4e6895d5aeb75ce774aff3db","name":"The Street @ Central Saint Martins","location":{"lat":"51.536552749144086","lng":"-0.12471199035644531","distance":"372","cc":"GB","city":"London","state":"Greater London","country":"United Kingdom"},"categories":[{"id":"4bf58dd8d48988d1aa941735","name":"College Quad","pluralName":"College Quads","shortName":"Quad","icon":{"prefix":"https:\/\/ss1.4sqi.net\/img\/categories_v2\/education\/quad_","suffix":".png"},"primary":"true"}],"verified":"false","restricted":"true","stats":{"checkinsCount":"403","usersCount":"66","tipCount":"0"},"specials":{"count":"0"},"hereNow":{"count":"0"},"referralId":"v-1392477950"},{"id":"50b5c7a0e4b04cf99bbf7a5d","name":"DPD Depot","location":{"address":"101 Cowley Street","lat":"51.53667630566052","lng":"-0.12995542734527502","distance":"326","postalCode":"NW1","cc":"GB","city":"London","state":"Greater London","country":"United Kingdom"},"categories":[{"id":"4bf58dd8d48988d172941735","name":"Post Office","pluralName":"Post Offices","shortName":"Post Office","icon":{"prefix":"https:\/\/ss1.4sqi.net\/img\/categories_v2\/building\/postoffice_","suffix":".png"},"primary":"true"}],"verified":"false","restricted":"true","stats":{"checkinsCount":"6","usersCount":"6","tipCount":"0"},"specials":{"count":"0"},"hereNow":{"count":"0"},"referralId":"v-1392477950"},{"id":"511be0e0e4b0c7093556c9d6","name":"The Bar Central Saint Martins","location":{"lat":"51.536789","lng":"-0.124638","distance":"354","cc":"GB","country":"United Kingdom"},"categories":[{"id":"4bf58dd8d48988d1a8941735","name":"General College & University","pluralName":"General Colleges & Universities","shortName":"Education","icon":{"prefix":"https:\/\/ss1.4sqi.net\/img\/categories_v2\/education\/other_","suffix":".png"},"primary":"true"}],"verified":"false","restricted":"true","stats":{"checkinsCount":"30","usersCount":"13","tipCount":"0"},"specials":{"count":"0"},"hereNow":{"count":"0"},"referralId":"v-1392477950"},{"id":"4ffde0a8e4b02b4ef923bd8f","name":"\u0645\u0637\u0639\u0645 \u0627\u0644\u0646\u062e\u064a\u0644","location":{"lat":"51.53936084281319","lng":"-0.1261697671454321","distance":"113","cc":"GB","country":"United Kingdom"},"categories":[{"id":"4bf58dd8d48988d115941735","name":"Middle Eastern Restaurant","pluralName":"Middle Eastern Restaurants","shortName":"Middle Eastern","icon":{"prefix":"https:\/\/ss1.4sqi.net\/img\/categories_v2\/food\/default_","suffix":".png"},"primary":"true"}],"verified":"false","restricted":"true","stats":{"checkinsCount":"5","usersCount":"5","tipCount":"0"},"specials":{"count":"0"},"hereNow":{"count":"0"},"referralId":"v-1392477950"},{"id":"4e555037ae604e0b731800d6","name":"Maiden Lane Community Centre","location":{"lat":"51.54238320926744","lng":"-0.12663976726936527","distance":"353","cc":"GB","country":"United Kingdom"},"categories":[{"id":"4bf58dd8d48988d130941735","name":"Building","pluralName":"Buildings","shortName":"Building","icon":{"prefix":"https:\/\/ss1.4sqi.net\/img\/categories_v2\/building\/default_","suffix":".png"},"primary":"true"}],"verified":"false","restricted":"true","stats":{"checkinsCount":"9","usersCount":"6","tipCount":"0"},"specials":{"count":"0"},"hereNow":{"count":"0"},"referralId":"v-1392477950"},{"id":"4e688e8852b128a09ec48dd4","name":"The Terrace @ Central Saint Martins","location":{"lat":"51.53637368697177","lng":"-0.12471974478411363","distance":"388","cc":"GB","city":"London","state":"Greater London","country":"United Kingdom"},"categories":[{"id":"4bf58dd8d48988d1aa941735","name":"College Quad","pluralName":"College Quads","shortName":"Quad","icon":{"prefix":"https:\/\/ss1.4sqi.net\/img\/categories_v2\/education\/quad_","suffix":".png"},"primary":"true"}],"verified":"false","restricted":"true","stats":{"checkinsCount":"269","usersCount":"35","tipCount":"1"},"specials":{"count":"0"},"hereNow":{"count":"0"},"referralId":"v-1392477950"},{"id":"4e71473bfa76b23d3163a455","name":"Unite Beaumont Court","contact":{"phone":"+448007834213","formattedPhone":"+44 800 783 4213","twitter":"stephencanning"},"location":{"address":"1-45 College Grove","lat":"51.53815569509407","lng":"-0.13336437295691275","distance":"405","postalCode":"NW1 0RW","cc":"GB","city":"King's Cross","state":"Greater London","country":"United Kingdom"},"categories":[{"id":"4bf58dd8d48988d1a3941735","name":"College Residence Hall","pluralName":"College Residence Halls","shortName":"Residence Hall","icon":{"prefix":"https:\/\/ss1.4sqi.net\/img\/categories_v2\/education\/residencehall_","suffix":".png"},"primary":"true"}],"verified":"false","restricted":"true","stats":{"checkinsCount":"698","usersCount":"54","tipCount":"1"},"specials":{"count":"0"},"hereNow":{"count":"0"},"referralId":"v-1392477950"},{"id":"4ac518f0f964a520baad20e3","name":"Egg","location":{"address":"36 Kinnerton St","lat":"51.54198627810422","lng":"-0.12492715839035635","distance":"360","postalCode":"SW1X 8ES","cc":"GB","city":"London","state":"Greater London","country":"United Kingdom"},"categories":[{"id":"4bf58dd8d48988d102951735","name":"Accessories Store","pluralName":"Accessories Stores","shortName":"Accessories","icon":{"prefix":"https:\/\/ss1.4sqi.net\/img\/categories_v2\/shops\/apparel_accessories_","suffix":".png"},"primary":"true"}],"verified":"false","restricted":"true","stats":{"checkinsCount":"25","usersCount":"18","tipCount":"0"},"specials":{"count":"0"},"hereNow":{"count":"0"},"referralId":"v-1392477950"},{"id":"5034ed42e4b091303a614061","name":"Graphic Design Studio","location":{"address":"Central Saint Martins","crossStreet":"King's Cross","lat":"51.53645047840892","lng":"-0.12470827414733329","distance":"381","cc":"GB","city":"London","state":"Greater London","country":"United Kingdom"},"categories":[{"id":"4bf58dd8d48988d199941735","name":"College Arts Building","pluralName":"College Arts Buildings","shortName":"Arts","icon":{"prefix":"https:\/\/ss1.4sqi.net\/img\/categories_v2\/arts_entertainment\/default_","suffix":".png"},"primary":"true"}],"verified":"false","restricted":"true","stats":{"checkinsCount":"44","usersCount":"7","tipCount":"0"},"specials":{"count":"0"},"hereNow":{"count":"0"},"referralId":"v-1392477950"},{"id":"50cdb691e4b0af4465bca40d","name":"Kxtc","location":{"lat":"51.53905364660357","lng":"-0.13004811939743474","distance":"157","cc":"GB","country":"United Kingdom"},"categories":[{"id":"4bf58dd8d48988d16d941735","name":"Caf\u00e9","pluralName":"Caf\u00e9s","shortName":"Caf\u00e9","icon":{"prefix":"https:\/\/ss1.4sqi.net\/img\/categories_v2\/food\/cafe_","suffix":".png"},"primary":"true"}],"verified":"false","restricted":"true","stats":{"checkinsCount":"4","usersCount":"1","tipCount":"0"},"specials":{"count":"0"},"hereNow":{"count":"0"},"referralId":"v-1392477950"},{"id":"4fb4e36ee4b0a6875b13c62c","name":"Csm Art Shop","location":{"address":"Back Hill 10","lat":"51.536096403603395","lng":"-0.12476560435803351","distance":"412","cc":"GB","city":"London","state":"Greater London","country":"United Kingdom"},"categories":[{"id":"4bf58dd8d48988d1b1941735","name":"College Bookstore","pluralName":"College Bookstores","shortName":"Bookstore","icon":{"prefix":"https:\/\/ss1.4sqi.net\/img\/categories_v2\/shops\/bookstore_","suffix":".png"},"primary":"true"}],"verified":"false","restricted":"true","stats":{"checkinsCount":"105","usersCount":"13","tipCount":"0"},"specials":{"count":"0"},"hereNow":{"count":"0"},"referralId":"v-1392477950"},{"id":"525bda68498e7c8fdaa5fa62","name":"Antony Gormley Studio","location":{"lat":"51.542153","lng":"-0.124301","distance":"400","cc":"GB","country":"United Kingdom"},"categories":[{"id":"4eb1bea83b7b6f98df247e06","name":"Factory","pluralName":"Factories","shortName":"Factory","icon":{"prefix":"https:\/\/ss1.4sqi.net\/img\/categories_v2\/building\/factory_","suffix":".png"},"primary":"true"}],"verified":"false","restricted":"true","stats":{"checkinsCount":"2","usersCount":"2","tipCount":"0"},"specials":{"count":"0"},"hereNow":{"count":"0"},"referralId":"v-1392477950"},{"id":"51265a70e4b0281804f07739","name":"CSM Bar","location":{"lat":"51.536735","lng":"-0.124632","distance":"359","cc":"GB","country":"United Kingdom"},"categories":[{"id":"4bf58dd8d48988d116941735","name":"Bar","pluralName":"Bars","shortName":"Bar","icon":{"prefix":"https:\/\/ss1.4sqi.net\/img\/categories_v2\/nightlife\/bar_","suffix":".png"},"primary":"true"}],"verified":"false","restricted":"true","stats":{"checkinsCount":"5","usersCount":"4","tipCount":"0"},"specials":{"count":"0"},"hereNow":{"count":"0"},"referralId":"v-1392477950"},{"id":"4c1fd722bd9d9521065a983f","name":"York Road Tube Station (Disused)","location":{"address":"174 York Way","lat":"51.53844798353072","lng":"-0.12296050786972046","distance":"348","postalCode":"N1 0AZ","cc":"GB","city":"London","state":"Greater London","country":"United Kingdom"},"categories":[{"id":"4deefb944765f83613cdba6e","name":"Historic Site","pluralName":"Historic Sites","shortName":"Historic Site","icon":{"prefix":"https:\/\/ss1.4sqi.net\/img\/categories_v2\/arts_entertainment\/historicsite_","suffix":".png"},"primary":"true"}],"verified":"false","restricted":"true","stats":{"checkinsCount":"101","usersCount":"27","tipCount":"3"},"specials":{"count":"0"},"hereNow":{"count":"0"},"referralId":"v-1392477950"}],"confident":"true"}}