{"meta":{"code":"200"},"response":{"venues":[{"id":"52719c9611d2aff708b4e402","name":"Londres","location":{"lat":"51.52956538230561","lng":"-0.12503000752677948","distance":"1231","cc":"GB","country":"United Kingdom"},"verified":"false","restricted":"true","stats":{"checkinsCount":"56","usersCount":"43","tipCount":"0"},"specials":{"count":"0"},"hereNow":{"count":"0"},"referralId":"v-1392477975"},{"id":"50e7ff28e4b0497540200b1c","name":"Jesshops","location":{"address":"98 Robert St","lat":"51.52847627900533","lng":"-0.14317563693331709","distance":"94","postalCode":"NW1 3QP","cc":"GB","city":"London","state":"Greater London","country":"United Kingdom"},"categories":[{"id":"4bf58dd8d48988d16a941735","name":"Bakery","pluralName":"Bakeries","shortName":"Bakery","icon":{"prefix":"https:\/\/ss1.4sqi.net\/img\/categories_v2\/food\/bakery_","suffix":".png"},"primary":"true"}],"verified":"false","restricted":"true","stats":{"checkinsCount":"50","usersCount":"6","tipCount":"0"},"specials":{"count":"0"},"hereNow":{"count":"0"},"referralId":"v-1392477975"},{"id":"4dad7311fa8cf64d80476d70","name":"H-Pod","contact":{"phone":"+442073874401","formattedPhone":"+44 20 7387 4401"},"location":{"address":"Cumberland Market","lat":"51.529424","lng":"-0.142353","distance":"34","postalCode":"NW1 3RH","cc":"GB","city":"London","state":"Greater London","country":"United Kingdom"},"categories":[{"id":"4bf58dd8d48988d127941735","name":"Conference Room","pluralName":"Conference Rooms","shortName":"Conference room","icon":{"prefix":"https:\/\/ss1.4sqi.net\/img\/categories_v2\/building\/office_conferenceroom_","suffix":".png"},"primary":"true"}],"verified":"false","restricted":"true","stats":{"checkinsCount":"1","usersCount":"1","tipCount":"0"},"specials":{"count":"0"},"hereNow":{"count":"0"},"referralId":"v-1392477975"},{"id":"514b0ce9e4b05ed6eb22476f","name":"Euston Station Platform 2","location":{"lat":"51.531892029708125","lng":"-0.14233453086979211","distance":"291","cc":"GB","country":"United Kingdom"},"categories":[{"id":"4f4531504b9074f6e4fb0102","name":"Platform","pluralName":"Platforms","shortName":"Platform","icon":{"prefix":"https:\/\/ss1.4sqi.net\/img\/categories_v2\/travel\/trainstation_","suffix":".png"},"primary":"true"}],"verified":"false","restricted":"true","stats":{"checkinsCount":"180","usersCount":"152","tipCount":"0"},"specials":{"count":"0"},"hereNow":{"count":"0"},"referralId":"v-1392477975"},{"id":"4e88857c9adf19a54a9567bb","name":"Cape Of Good Hope","location":{"lat":"51.526961048948685","lng":"-0.14406470364796095","distance":"273","cc":"GB","city":"Camden Town","state":"Greater London","country":"United Kingdom"},"categories":[{"id":"4bf58dd8d48988d116941735","name":"Bar","pluralName":"Bars","shortName":"Bar","icon":{"prefix":"https:\/\/ss1.4sqi.net\/img\/categories_v2\/nightlife\/bar_","suffix":".png"},"primary":"true"}],"verified":"false","restricted":"true","stats":{"checkinsCount":"62","usersCount":"32","tipCount":"0"},"url":"https:\/\/m.facebook.com\/profile.php?id=599933560028828","specials":{"count":"0"},"hereNow":{"count":"0"},"referralId":"v-1392477975"},{"id":"4f480e7fe4b0186352a6f7d5","name":"Cambridge Gate","location":{"address":"Cambridge Gate","lat":"51.52662163319038","lng":"-0.14421764828876224","distance":"312","cc":"GB","city":"London","state":"Greater London","country":"United Kingdom"},"categories":[{"id":"4f2a210c4b9023bd5841ed28","name":"Housing Development","pluralName":"Housing Developments","shortName":"Housing Development","icon":{"prefix":"https:\/\/ss1.4sqi.net\/img\/categories_v2\/building\/housingdevelopment_","suffix":".png"},"primary":"true"}],"verified":"false","restricted":"true","stats":{"checkinsCount":"386","usersCount":"33","tipCount":"0"},"specials":{"count":"0"},"hereNow":{"count":"0"},"referralId":"v-1392477975"},{"id":"4cee85a3f368b1f78e2681f7","name":"Woodhall","location":{"address":"robert st","lat":"51.52825947","lng":"-0.14027701","distance":"209","postalCode":"NW1 3JB","cc":"GB","city":"London","state":"Greater London","country":"United Kingdom"},"verified":"false","restricted":"true","stats":{"checkinsCount":"11","usersCount":"4","tipCount":"0"},"specials":{"count":"0"},"hereNow":{"count":"0"},"referralId":"v-1392477975"},{"id":"4f6cab1de4b0e14a3e3ba034","name":"Chester Gate Regent's Park","location":{"lat":"51.52714374121341","lng":"-0.14636946158419303","distance":"343","cc":"GB","country":"United Kingdom"},"categories":[{"id":"4bf58dd8d48988d163941735","name":"Park","pluralName":"Parks","shortName":"Park","icon":{"prefix":"https:\/\/ss1.4sqi.net\/img\/categories_v2\/parks_outdoors\/park_","suffix":".png"},"primary":"true"}],"verified":"false","restricted":"true","stats":{"checkinsCount":"513","usersCount":"143","tipCount":"0"},"specials":{"count":"0"},"hereNow":{"count":"0"},"referralId":"v-1392477975"},{"id":"51f804e8498e868c93a6d56f","name":"The Albany Club","location":{"lat":"51.52702774380574","lng":"-0.14374882295418362","distance":"260","cc":"GB","country":"United Kingdom"},"categories":[{"id":"4f4528bc4b90abdf24c9de85","name":"Athletics & Sports","pluralName":"Athletics & Sports","shortName":"Athletics & Sports","icon":{"prefix":"https:\/\/ss1.4sqi.net\/img\/categories_v2\/shops\/sports_outdoors_","suffix":".png"},"primary":"true"}],"verified":"false","restricted":"true","stats":{"checkinsCount":"9","usersCount":"7","tipCount":"0"},"specials":{"count":"0"},"hereNow":{"count":"0"},"referralId":"v-1392477975"},{"id":"52aa442211d2f69759eb9c87","name":"Dick Collins Hall","location":{"lat":"51.530022","lng":"-0.143723","distance":"103","cc":"GB","country":"United Kingdom"},"categories":[{"id":"50328a8e91d4c4b30a586d6c","name":"Non-Profit","pluralName":"Non-Profits","shortName":"Non-Profit","icon":{"prefix":"https:\/\/ss1.4sqi.net\/img\/categories_v2\/building\/default_","suffix":".png"},"primary":"true"}],"verified":"false","restricted":"true","stats":{"checkinsCount":"2","usersCount":"2","tipCount":"0"},"specials":{"count":"0"},"hereNow":{"count":"0"},"referralId":"v-1392477975"},{"id":"4d975836b188721e5b300d37","name":"Mr. Haddock's Fish Bar","contact":{"phone":"+442073876767","formattedPhone":"+44 20 7387 6767"},"location":{"address":"161 Robert St","lat":"51.528527348657974","lng":"-0.14373270948724817","distance":"106","postalCode":"NW1 3QR","cc":"GB","city":"Camden Town","state":"Greater London","country":"United Kingdom"},"categories":[{"id":"4edd64a0c7ddd24ca188df1a","name":"Fish & Chips Shop","pluralName":"Fish & Chips Shops","shortName":"Fish & Chips","icon":{"prefix":"https:\/\/ss1.4sqi.net\/img\/categories_v2\/food\/fishandchips_","suffix":".png"},"primary":"true"}],"verified":"false","restricted":"true","stats":{"checkinsCount":"25","usersCount":"15","tipCount":"0"},"specials":{"count":"0"},"hereNow":{"count":"0"},"referralId":"v-1392477975"},{"id":"4e09f6b062e100e58180a6cd","name":"Post Office","location":{"address":"Albany St","lat":"51.52811042661114","lng":"-0.14427166693166457","distance":"166","postalCode":"NW1","cc":"GB","city":"Camden Town","state":"Greater London","country":"United Kingdom"},"categories":[{"id":"4bf58dd8d48988d172941735","name":"Post Office","pluralName":"Post Offices","shortName":"Post Office","icon":{"prefix":"https:\/\/ss1.4sqi.net\/img\/categories_v2\/building\/postoffice_","suffix":".png"},"primary":"true"}],"verified":"false","restricted":"true","stats":{"checkinsCount":"13","usersCount":"9","tipCount":"0"},"specials":{"count":"0"},"hereNow":{"count":"0"},"referralId":"v-1392477975"},{"id":"523b95bf11d2a341aaf28c2f","name":"Work-work","location":{"lat":"51.5308723449707","lng":"-0.1454572081565857","distance":"254","cc":"GB","country":"United Kingdom"},"categories":[{"id":"4f2a25ac4b909258e854f55f","name":"Neighborhood","pluralName":"Neighborhoods","shortName":"Neighborhood","icon":{"prefix":"https:\/\/ss1.4sqi.net\/img\/categories_v2\/parks_outdoors\/neighborhood_","suffix":".png"},"primary":"true"}],"verified":"false","restricted":"true","stats":{"checkinsCount":"5","usersCount":"2","tipCount":"0"},"specials":{"count":"0"},"hereNow":{"count":"0"},"referralId":"v-1392477975"},{"id":"521b9c1111d2228cc3350765","name":"Patterdale","location":{"lat":"51.528771","lng":"-0.142453","distance":"62","cc":"GB","country":"United Kingdom"},"categories":[{"id":"4d954b06a243a5684965b473","name":"Residential Building (Apartment \/ Condo)","pluralName":"Residential Buildings (Apartments \/ Condos)","shortName":"Residential","icon":{"prefix":"https:\/\/ss1.4sqi.net\/img\/categories_v2\/building\/apartment_","suffix":".png"},"primary":"true"}],"verified":"false","restricted":"true","stats":{"checkinsCount":"3","usersCount":"1","tipCount":"0"},"specials":{"count":"0"},"hereNow":{"count":"0"},"referralId":"v-1392477975"},{"id":"4c2af1a477cfe21e05c7b3f1","name":"TfL Bus C2","contact":{"twitter":"tflbusalerts"},"location":{"address":"Moving Target!","lat":"51.53227804651238","lng":"-0.14294191485323443","distance":"332","cc":"GB","city":"London","state":"Greater London","country":"United Kingdom"},"categories":[{"id":"4bf58dd8d48988d12b951735","name":"Bus Line","pluralName":"Bus Lines","shortName":"Bus","icon":{"prefix":"https:\/\/ss1.4sqi.net\/img\/categories_v2\/travel\/busstation_","suffix":".png"},"primary":"true"}],"verified":"false","restricted":"true","stats":{"checkinsCount":"580","usersCount":"128","tipCount":"2"},"url":"http:\/\/tfl.gov.uk","specials":{"count":"0"},"hereNow":{"count":"0"},"referralId":"v-1392477975"},{"id":"4d93917f8deb8cfab84b2cc0","name":"Grasmere","location":{"address":"Osnaburgh Street","lat":"51.528799","lng":"-0.143284","distance":"63","postalCode":"Nw13ql","cc":"GB","city":"Camden Town","state":"Greater London","country":"United Kingdom"},"categories":[{"id":"4bf58dd8d48988d130941735","name":"Building","pluralName":"Buildings","shortName":"Building","icon":{"prefix":"https:\/\/ss1.4sqi.net\/img\/categories_v2\/building\/default_","suffix":".png"},"primary":"true"}],"verified":"false","restricted":"true","stats":{"checkinsCount":"4","usersCount":"2","tipCount":"0"},"specials":{"count":"0"},"hereNow":{"count":"0"},"referralId":"v-1392477975"},{"id":"4e2531ef8877099df4bc1506","name":"Christ Church Primary School","location":{"lat":"51.530919085298855","lng":"-0.14411909782661833","distance":"203","cc":"GB","city":"Camden Town","state":"Greater London","country":"United Kingdom"},"categories":[{"id":"4bf58dd8d48988d13b941735","name":"School","pluralName":"Schools","shortName":"School","icon":{"prefix":"https:\/\/ss1.4sqi.net\/img\/categories_v2\/building\/school_","suffix":".png"},"primary":"true"}],"verified":"false","restricted":"true","stats":{"checkinsCount":"16","usersCount":"7","tipCount":"0"},"specials":{"count":"0"},"hereNow":{"count":"0"},"referralId":"v-1392477975"},{"id":"4e1c23d218a8c65001f8c202","name":"Addison Lee Headquaters","location":{"address":"36-37 william rd","lat":"51.527391360773684","lng":"-0.1402118204007424","distance":"277","postalCode":"Nw1 3er","cc":"GB","city":"Camden Town","state":"Greater London","country":"United Kingdom"},"categories":[{"id":"4bf58dd8d48988d130941735","name":"Building","pluralName":"Buildings","shortName":"Building","icon":{"prefix":"https:\/\/ss1.4sqi.net\/img\/categories_v2\/building\/default_","suffix":".png"},"primary":"true"}],"verified":"false","restricted":"true","stats":{"checkinsCount":"365","usersCount":"37","tipCount":"0"},"specials":{"count":"0"},"hereNow":{"count":"0"},"referralId":"v-1392477975"},{"id":"51d53e10498e74541fb43b6e","name":"The Regent's Place Health Club","location":{"lat":"51.525777032100486","lng":"-0.14172481997020803","distance":"398","cc":"GB","country":"United Kingdom"},"categories":[{"id":"4bf58dd8d48988d176941735","name":"Gym","pluralName":"Gyms","shortName":"Gym","icon":{"prefix":"https:\/\/ss1.4sqi.net\/img\/categories_v2\/building\/gym_","suffix":".png"},"primary":"true"}],"verified":"false","restricted":"true","stats":{"checkinsCount":"62","usersCount":"16","tipCount":"0"},"specials":{"count":"0"},"hereNow":{"count":"0"},"referralId":"v-1392477975"},{"id":"4e8c650b93adecfdb9611d5a","name":"Nokia Global @ Wunderman","location":{"address":"Greater London House","crossStreet":"Hampstead Road","lat":"51.530222494758064","lng":"-0.138889074587496","distance":"290","postalCode":"NW1 7QP","cc":"GB","city":"London","state":"Greater London","country":"United Kingdom"},"categories":[{"id":"4bf58dd8d48988d124941735","name":"Office","pluralName":"Offices","shortName":"Office","icon":{"prefix":"https:\/\/ss1.4sqi.net\/img\/categories_v2\/building\/default_","suffix":".png"},"primary":"true"}],"verified":"false","restricted":"true","stats":{"checkinsCount":"288","usersCount":"13","tipCount":"0"},"specials":{"count":"0"},"hereNow":{"count":"0"},"referralId":"v-1392477975"},{"id":"51e08d54498e5e202122694b","name":"EGHOUSE","location":{"lat":"51.52827835083008","lng":"-0.14072659611701965","distance":"182","cc":"GB","country":"United Kingdom"},"categories":[{"id":"4d954b06a243a5684965b473","name":"Residential Building (Apartment \/ Condo)","pluralName":"Residential Buildings (Apartments \/ Condos)","shortName":"Residential","icon":{"prefix":"https:\/\/ss1.4sqi.net\/img\/categories_v2\/building\/apartment_","suffix":".png"},"primary":"true"}],"verified":"false","restricted":"true","stats":{"checkinsCount":"10","usersCount":"4","tipCount":"0"},"specials":{"count":"0"},"hereNow":{"count":"0"},"referralId":"v-1392477975"},{"id":"525c41ba11d2fc7f87b4da67","name":"Melia White House - The Level","location":{"lat":"51.525574","lng":"-0.143244","distance":"414","cc":"GB","country":"United Kingdom"},"categories":[{"id":"4bf58dd8d48988d121941735","name":"Lounge","pluralName":"Lounges","shortName":"Lounge","icon":{"prefix":"https:\/\/ss1.4sqi.net\/img\/categories_v2\/nightlife\/lounge_","suffix":".png"},"primary":"true"}],"verified":"false","restricted":"true","stats":{"checkinsCount":"51","usersCount":"23","tipCount":"2"},"specials":{"count":"0"},"hereNow":{"count":"0"},"referralId":"v-1392477975"},{"id":"51e12bb2498ed38b46020204","name":"Serhat's Barber Shop","location":{"lat":"51.528402","lng":"-0.143299","distance":"104","cc":"GB","country":"United Kingdom"},"categories":[{"id":"4bf58dd8d48988d110951735","name":"Salon \/ Barbershop","pluralName":"Salons \/ Barbershops","shortName":"Salon \/ Barbershop","icon":{"prefix":"https:\/\/ss1.4sqi.net\/img\/categories_v2\/shops\/salon_barber_","suffix":".png"},"primary":"true"}],"verified":"false","restricted":"true","stats":{"checkinsCount":"4","usersCount":"2","tipCount":"0"},"specials":{"count":"0"},"hereNow":{"count":"0"},"referralId":"v-1392477975"},{"id":"4d075122e350b60c2bc19142","name":"Regents Park Library","contact":{"phone":"+442079741767","formattedPhone":"+44 20 7974 1767"},"location":{"address":"153 Robert St.","crossStreet":"Compton Cl.","lat":"51.528533830077706","lng":"-0.14274427284413563","distance":"84","postalCode":"NW1 3QR","cc":"GB","city":"Camden Town","state":"Greater London","country":"United Kingdom"},"categories":[{"id":"4bf58dd8d48988d12f941735","name":"Library","pluralName":"Libraries","shortName":"Library","icon":{"prefix":"https:\/\/ss1.4sqi.net\/img\/categories_v2\/building\/library_","suffix":".png"},"primary":"true"}],"verified":"false","restricted":"true","stats":{"checkinsCount":"26","usersCount":"20","tipCount":"1"},"specials":{"count":"0"},"hereNow":{"count":"0"},"referralId":"v-1392477975"},{"id":"4f96a953e4b03885c36e3807","name":"The Dragon Inn","location":{"lat":"51.525857355793114","lng":"-0.1436560090325343","distance":"386","cc":"GB","country":"United Kingdom"},"categories":[{"id":"4d954b06a243a5684965b473","name":"Residential Building (Apartment \/ Condo)","pluralName":"Residential Buildings (Apartments \/ Condos)","shortName":"Residential","icon":{"prefix":"https:\/\/ss1.4sqi.net\/img\/categories_v2\/building\/apartment_","suffix":".png"},"primary":"true"}],"verified":"false","restricted":"true","stats":{"checkinsCount":"80","usersCount":"6","tipCount":"0"},"specials":{"count":"0"},"hereNow":{"count":"0"},"referralId":"v-1392477975"},{"id":"50c86216e4b0a2ccc0f21266","name":"Regents Park Practice","location":{"lat":"51.52968957267796","lng":"-0.14178013905253492","distance":"83","cc":"GB","country":"United Kingdom"},"categories":[{"id":"4bf58dd8d48988d104941735","name":"Medical Center","pluralName":"Medical Centers","shortName":"Medical","icon":{"prefix":"https:\/\/ss1.4sqi.net\/img\/categories_v2\/building\/medical_","suffix":".png"},"primary":"true"}],"verified":"false","restricted":"true","stats":{"checkinsCount":"21","usersCount":"11","tipCount":"0"},"specials":{"count":"0"},"hereNow":{"count":"0"},"referralId":"v-1392477975"},{"id":"4c522187048b1b8d609f0c30","name":"Munster Square","location":{"lat":"51.52622697453946","lng":"-0.14294540377294612","distance":"341","cc":"GB","country":"United Kingdom"},"categories":[{"id":"4bf58dd8d48988d130941735","name":"Building","pluralName":"Buildings","shortName":"Building","icon":{"prefix":"https:\/\/ss1.4sqi.net\/img\/categories_v2\/building\/default_","suffix":".png"},"primary":"true"}],"verified":"false","restricted":"true","stats":{"checkinsCount":"265","usersCount":"29","tipCount":"1"},"specials":{"count":"0"},"hereNow":{"count":"0"},"referralId":"v-1392477975"},{"id":"4e29679bfa762797e5a6b94b","name":"Yo!sushi","location":{"lat":"51.530066","lng":"-0.138957","distance":"280","cc":"GB","city":"Paddington","state":"Greater London","country":"United Kingdom"},"categories":[{"id":"4bf58dd8d48988d1d2941735","name":"Sushi Restaurant","pluralName":"Sushi Restaurants","shortName":"Sushi","icon":{"prefix":"https:\/\/ss1.4sqi.net\/img\/categories_v2\/food\/sushi_","suffix":".png"},"primary":"true"}],"verified":"false","restricted":"true","stats":{"checkinsCount":"58","usersCount":"33","tipCount":"0"},"specials":{"count":"0"},"hereNow":{"count":"0"},"referralId":"v-1392477975"},{"id":"51668578e4b03faaf799d72a","name":"Arrow Dentist","location":{"lat":"51.528408","lng":"-0.142099","distance":"109","cc":"GB","country":"United Kingdom"},"categories":[{"id":"4bf58dd8d48988d178941735","name":"Dentist's Office","pluralName":"Dentist's Offices","shortName":"Dentist's Office","icon":{"prefix":"https:\/\/ss1.4sqi.net\/img\/categories_v2\/building\/medical_dentist_","suffix":".png"},"primary":"true"}],"verified":"false","restricted":"true","stats":{"checkinsCount":"4","usersCount":"1","tipCount":"0"},"specials":{"count":"0"},"hereNow":{"count":"0"},"referralId":"v-1392477975"},{"id":"4ee23c28d3e3a823d5bcf259","name":"Silverdale","location":{"lat":"51.530945793876974","lng":"-0.13902142078254917","distance":"320","cc":"GB","country":"United Kingdom"},"categories":[{"id":"4bf58dd8d48988d1fe931735","name":"Bus Station","pluralName":"Bus Stations","shortName":"Bus Station","icon":{"prefix":"https:\/\/ss1.4sqi.net\/img\/categories_v2\/travel\/busstation_","suffix":".png"},"primary":"true"}],"verified":"false","restricted":"true","stats":{"checkinsCount":"131","usersCount":"35","tipCount":"0"},"specials":{"count":"0"},"hereNow":{"count":"0"},"referralId":"v-1392477975"}],"confident":"true"}}