{"meta":{"code":"200"},"response":{"venues":[{"id":"4de78fb51f6ed9a35ef2c64c","name":"Regent's Park North Gate","location":{"address":"Prince Albert Rd","lat":"51.53411018280578","lng":"-0.16275644302368164","distance":"343","postalCode":"NW8 7RD","cc":"GB","city":"London","state":"Greater London","country":"United Kingdom"},"categories":[{"id":"4bf58dd8d48988d163941735","name":"Park","pluralName":"Parks","shortName":"Park","icon":{"prefix":"https:\/\/ss1.4sqi.net\/img\/categories_v2\/parks_outdoors\/park_","suffix":".png"},"primary":"true"}],"verified":"false","restricted":"true","stats":{"checkinsCount":"1141","usersCount":"596","tipCount":"2"},"specials":{"count":"0"},"hereNow":{"count":"0"},"referralId":"v-1392477960"},{"id":"4ac51183f964a52048a020e3","name":"ZSL London Zoo","contact":{"phone":"+448442251826","formattedPhone":"+44 844 225 1826","twitter":"zsllondonzoo"},"location":{"address":"Outer Circle","crossStreet":"Regent's Park","lat":"51.535645144168825","lng":"-0.15573978424072266","distance":"207","postalCode":"NW1 4RY","cc":"GB","city":"London","state":"Greater London","country":"United Kingdom"},"categories":[{"id":"4bf58dd8d48988d17b941735","name":"Zoo","pluralName":"Zoos","shortName":"Zoo","icon":{"prefix":"https:\/\/ss1.4sqi.net\/img\/categories_v2\/arts_entertainment\/zoo_","suffix":".png"},"primary":"true"}],"verified":"true","restricted":"true","stats":{"checkinsCount":"8416","usersCount":"6701","tipCount":"97"},"url":"http:\/\/www.zsl.org\/zsl-london-zoo","menu":{"type":"Menu","label":"Menu","anchor":"View Menu","url":"https:\/\/foursquare.com\/v\/zsl-london-zoo\/4ac51183f964a52048a020e3\/menu","mobileUrl":"https:\/\/foursquare.com\/v\/4ac51183f964a52048a020e3\/device_menu"},"specials":{"count":"0"},"hereNow":{"count":"2","groups":[{"type":"others","name":"Other people here","count":"2"}]},"storeId":"","referralId":"v-1392477960"},{"id":"4da7eeea43a12d0c26454390","name":"Monkey Gate, Regent's Park","location":{"lat":"51.535379435053784","lng":"-0.15900559099078948","distance":"147","cc":"GB","country":"United Kingdom"},"categories":[{"id":"4bf58dd8d48988d163941735","name":"Park","pluralName":"Parks","shortName":"Park","icon":{"prefix":"https:\/\/ss1.4sqi.net\/img\/categories_v2\/parks_outdoors\/park_","suffix":".png"},"primary":"true"}],"verified":"false","restricted":"true","stats":{"checkinsCount":"637","usersCount":"114","tipCount":"0"},"specials":{"count":"0"},"hereNow":{"count":"1","groups":[{"type":"others","name":"Other people here","count":"1"}]},"referralId":"v-1392477960"},{"id":"4bd3ffcca8b3a593b92d6b5f","name":"The Hub","location":{"address":"Outer Cir","crossStreet":"Regent's Park","lat":"51.53249883585912","lng":"-0.15798333806187653","distance":"199","postalCode":"NW1 4RU","cc":"GB","city":"London","state":"Greater London","country":"United Kingdom"},"categories":[{"id":"4bf58dd8d48988d16d941735","name":"Caf\u00e9","pluralName":"Caf\u00e9s","shortName":"Caf\u00e9","icon":{"prefix":"https:\/\/ss1.4sqi.net\/img\/categories_v2\/food\/cafe_","suffix":".png"},"primary":"true"}],"verified":"false","restricted":"true","stats":{"checkinsCount":"574","usersCount":"371","tipCount":"3"},"specials":{"count":"0"},"hereNow":{"count":"0"},"referralId":"v-1392477960"},{"id":"4dd912d3d1647fcf3e72035f","name":"Reptile House","contact":{"twitter":"zsllondonzoo"},"location":{"address":"at ZSL London Zoo","lat":"51.53517798749436","lng":"-0.15563249588012695","distance":"179","postalCode":"NW1 4RY","cc":"GB","city":"London","state":"Greater London","country":"United Kingdom"},"categories":[{"id":"4bf58dd8d48988d17b941735","name":"Zoo","pluralName":"Zoos","shortName":"Zoo","icon":{"prefix":"https:\/\/ss1.4sqi.net\/img\/categories_v2\/arts_entertainment\/zoo_","suffix":".png"},"primary":"true"}],"verified":"true","restricted":"true","stats":{"checkinsCount":"130","usersCount":"120","tipCount":"2"},"specials":{"count":"0"},"hereNow":{"count":"1","groups":[{"type":"others","name":"Other people here","count":"1"}]},"storeId":"","referralId":"v-1392477960"},{"id":"500ebaf5e4b0fe0c6fa41480","name":"Outback","contact":{"twitter":"zsllondonzoo"},"location":{"address":"ZSL London Zoo","lat":"51.53465","lng":"-0.156505","distance":"98","cc":"GB","city":"London","state":"Greater London","country":"United Kingdom"},"categories":[{"id":"4bf58dd8d48988d17b941735","name":"Zoo","pluralName":"Zoos","shortName":"Zoo","icon":{"prefix":"https:\/\/ss1.4sqi.net\/img\/categories_v2\/arts_entertainment\/zoo_","suffix":".png"},"primary":"true"}],"verified":"true","restricted":"true","stats":{"checkinsCount":"18","usersCount":"17","tipCount":"0"},"specials":{"count":"0"},"hereNow":{"count":"0"},"storeId":"","referralId":"v-1392477960"},{"id":"4e89b9cf9adf3c00aedc03e8","name":"Penguin Beach","contact":{"phone":"+448442251826","formattedPhone":"+44 844 225 1826","twitter":"zsllondonzoo"},"location":{"address":"at ZSL London Zoo","crossStreet":"Regent's Park","lat":"51.53573857492835","lng":"-0.1525425910949707","distance":"398","postalCode":"NW1 4RY","cc":"GB","city":"London","state":"Greater London","country":"United Kingdom"},"categories":[{"id":"4bf58dd8d48988d17b941735","name":"Zoo","pluralName":"Zoos","shortName":"Zoo","icon":{"prefix":"https:\/\/ss1.4sqi.net\/img\/categories_v2\/arts_entertainment\/zoo_","suffix":".png"},"primary":"true"}],"verified":"true","restricted":"true","stats":{"checkinsCount":"712","usersCount":"615","tipCount":"5"},"url":"http:\/\/www.zsl.org\/zsl-london-zoo\/","specials":{"count":"0"},"hereNow":{"count":"1","groups":[{"type":"others","name":"Other people here","count":"1"}]},"storeId":"","referralId":"v-1392477960"},{"id":"4fb778a1e4b08bf8635aa592","name":"Aquarium","contact":{"twitter":"zsllondonzoo"},"location":{"address":"at ZSL London Zoo","lat":"51.53496442856057","lng":"-0.15661954879760742","distance":"111","postalCode":"NW1 4RY","cc":"GB","city":"London","state":"Greater London","country":"United Kingdom"},"categories":[{"id":"4bf58dd8d48988d17b941735","name":"Zoo","pluralName":"Zoos","shortName":"Zoo","icon":{"prefix":"https:\/\/ss1.4sqi.net\/img\/categories_v2\/arts_entertainment\/zoo_","suffix":".png"},"primary":"true"}],"verified":"true","restricted":"true","stats":{"checkinsCount":"105","usersCount":"99","tipCount":"0"},"specials":{"count":"0"},"hereNow":{"count":"0"},"storeId":"","referralId":"v-1392477960"},{"id":"52ff6f26498e78c42c87b95d","name":"Giraffe House","location":{"lat":"51.535516901539","lng":"-0.1583452334988991","distance":"141","cc":"GB","country":"United Kingdom"},"categories":[{"id":"4bf58dd8d48988d17b941735","name":"Zoo","pluralName":"Zoos","shortName":"Zoo","icon":{"prefix":"https:\/\/ss1.4sqi.net\/img\/categories_v2\/arts_entertainment\/zoo_","suffix":".png"},"primary":"true"}],"verified":"false","restricted":"true","stats":{"checkinsCount":"1","usersCount":"1","tipCount":"0"},"specials":{"count":"0"},"hereNow":{"count":"0"},"referralId":"v-1392477960"},{"id":"4e6b7b02b61cc3728e0bc067","name":"Gorilla Kingdom","contact":{"twitter":"zsllondonzoo"},"location":{"address":"at ZSL London Zoo","lat":"51.53542491376249","lng":"-0.155181884765625","distance":"221","postalCode":"NW1 4RY","cc":"GB","city":"London","state":"Greater London","country":"United Kingdom"},"categories":[{"id":"4bf58dd8d48988d17b941735","name":"Zoo","pluralName":"Zoos","shortName":"Zoo","icon":{"prefix":"https:\/\/ss1.4sqi.net\/img\/categories_v2\/arts_entertainment\/zoo_","suffix":".png"},"primary":"true"}],"verified":"true","restricted":"true","stats":{"checkinsCount":"320","usersCount":"281","tipCount":"3"},"specials":{"count":"0"},"hereNow":{"count":"0"},"storeId":"","referralId":"v-1392477960"},{"id":"4d0b5ebe5f86f04d3669cba0","name":"Mappin Pavilion","location":{"address":"Regent Park","crossStreet":"London Zoo","lat":"51.53480548358869","lng":"-0.15643097832625075","distance":"111","postalCode":"NW1 4RY","cc":"GB","city":"London","state":"Greater London","country":"United Kingdom"},"categories":[{"id":"4bf58dd8d48988d162941735","name":"Other Great Outdoors","pluralName":"Other Great Outdoors","shortName":"Other Outdoors","icon":{"prefix":"https:\/\/ss1.4sqi.net\/img\/categories_v2\/parks_outdoors\/outdoors_","suffix":".png"},"primary":"true"}],"verified":"false","restricted":"true","stats":{"checkinsCount":"17","usersCount":"17","tipCount":"0"},"specials":{"count":"0"},"hereNow":{"count":"0"},"referralId":"v-1392477960"},{"id":"516c4442498ef9c0625b030a","name":"Regent's Park Athletics Track","location":{"lat":"51.535044513278166","lng":"-0.16063213348388672","distance":"213","cc":"GB","country":"United Kingdom"},"categories":[{"id":"4f4528bc4b90abdf24c9de85","name":"Athletics & Sports","pluralName":"Athletics & Sports","shortName":"Athletics & Sports","icon":{"prefix":"https:\/\/ss1.4sqi.net\/img\/categories_v2\/shops\/sports_outdoors_","suffix":".png"},"primary":"true"}],"verified":"false","restricted":"true","stats":{"checkinsCount":"48","usersCount":"30","tipCount":"2"},"specials":{"count":"0"},"hereNow":{"count":"0"},"referralId":"v-1392477960"},{"id":"51f8cddd498e61f88ee861b7","name":"Regent's Park Broadwalk","location":{"lat":"51.53620303692795","lng":"-0.1519295297419898","distance":"459","cc":"GB","country":"United Kingdom"},"categories":[{"id":"4bf58dd8d48988d163941735","name":"Park","pluralName":"Parks","shortName":"Park","icon":{"prefix":"https:\/\/ss1.4sqi.net\/img\/categories_v2\/parks_outdoors\/park_","suffix":".png"},"primary":"true"}],"verified":"false","restricted":"true","stats":{"checkinsCount":"69","usersCount":"60","tipCount":"0"},"specials":{"count":"0"},"hereNow":{"count":"0"},"referralId":"v-1392477960"},{"id":"4d91d977939e54819184d59e","name":"Avenue Road","location":{"address":"Avenue Rd","lat":"51.535083","lng":"-0.164081","distance":"443","cc":"GB","city":"Camden Town","state":"Greater London","country":"United Kingdom"},"categories":[{"id":"4bf58dd8d48988d130941735","name":"Building","pluralName":"Buildings","shortName":"Building","icon":{"prefix":"https:\/\/ss1.4sqi.net\/img\/categories_v2\/building\/default_","suffix":".png"},"primary":"true"}],"verified":"false","restricted":"true","stats":{"checkinsCount":"239","usersCount":"60","tipCount":"3"},"specials":{"count":"0"},"hereNow":{"count":"0"},"referralId":"v-1392477960"},{"id":"4dfcdec8aeb7594e86218a4f","name":"Regents Canal Footbridge","location":{"lat":"51.53720319271088","lng":"-0.152547","distance":"487","cc":"GB","city":"Camden Town","state":"Greater London","country":"United Kingdom"},"categories":[{"id":"4bf58dd8d48988d1df941735","name":"Bridge","pluralName":"Bridges","shortName":"Bridge","icon":{"prefix":"https:\/\/ss1.4sqi.net\/img\/categories_v2\/parks_outdoors\/bridge_","suffix":".png"},"primary":"true"}],"verified":"false","restricted":"true","stats":{"checkinsCount":"326","usersCount":"259","tipCount":"0"},"specials":{"count":"0"},"hereNow":{"count":"0"},"referralId":"v-1392477960"},{"id":"4e3fdc52a809ba757c289bce","name":"Gorilla Circus Flying Trapeze","contact":{"phone":"+442081237319","formattedPhone":"+44 20 8123 7319","twitter":"gorillacircus"},"location":{"address":"Avenue Rd & Outer Circle","crossStreet":"at Regent's Park","lat":"51.5344082157656","lng":"-0.1617959268357836","distance":"276","cc":"GB","city":"London","state":"Greater London","country":"United Kingdom"},"categories":[{"id":"4f4528bc4b90abdf24c9de85","name":"Athletics & Sports","pluralName":"Athletics & Sports","shortName":"Athletics & Sports","icon":{"prefix":"https:\/\/ss1.4sqi.net\/img\/categories_v2\/shops\/sports_outdoors_","suffix":".png"},"primary":"true"}],"verified":"false","restricted":"true","stats":{"checkinsCount":"37","usersCount":"27","tipCount":"0"},"specials":{"count":"0"},"hereNow":{"count":"0"},"referralId":"v-1392477960"},{"id":"4c4ee07967929c74282da89b","name":"TfL - Barclays Cycle Hire Station (Regents Park Outer Circle, ZSL London Zoo)","location":{"address":"Regent's Park, Outer Circle","crossStreet":"ZLS London Zoo","lat":"51.535017818387956","lng":"-0.15870094299316406","distance":"102","cc":"GB","city":"London","country":"United Kingdom"},"categories":[{"id":"4bf58dd8d48988d115951735","name":"Bike Shop","pluralName":"Bike Shops","shortName":"Bike shop","icon":{"prefix":"https:\/\/ss1.4sqi.net\/img\/categories_v2\/shops\/bikeshop_","suffix":".png"},"primary":"true"}],"verified":"false","restricted":"true","stats":{"checkinsCount":"18","usersCount":"16","tipCount":"0"},"specials":{"count":"0"},"hereNow":{"count":"0"},"referralId":"v-1392477960"},{"id":"4e89b7d029c2ff1d77464569","name":"Into Africa","contact":{"twitter":"zsllondonzoo"},"location":{"address":"at ZSL London Zoo","lat":"51.535763063099026","lng":"-0.15762164994702557","distance":"164","postalCode":"NW1 4RY","cc":"GB","city":"London","state":"Greater London","country":"United Kingdom"},"categories":[{"id":"4bf58dd8d48988d17b941735","name":"Zoo","pluralName":"Zoos","shortName":"Zoo","icon":{"prefix":"https:\/\/ss1.4sqi.net\/img\/categories_v2\/arts_entertainment\/zoo_","suffix":".png"},"primary":"true"}],"verified":"true","restricted":"true","stats":{"checkinsCount":"108","usersCount":"107","tipCount":"0"},"url":"http:\/\/www.zsl.org\/zsl-london-zoo","specials":{"count":"0"},"hereNow":{"count":"0"},"storeId":"","referralId":"v-1392477960"},{"id":"4e7f1c0ef5b93c145d8e1243","name":"Butterfly Paradise","contact":{"twitter":"zsllondonzoo"},"location":{"address":"ZSL London Zoo","lat":"51.535094","lng":"-0.152428","distance":"382","postalCode":"NW1 4RY","cc":"GB","city":"London","state":"Greater London","country":"United Kingdom"},"categories":[{"id":"4bf58dd8d48988d17b941735","name":"Zoo","pluralName":"Zoos","shortName":"Zoo","icon":{"prefix":"https:\/\/ss1.4sqi.net\/img\/categories_v2\/arts_entertainment\/zoo_","suffix":".png"},"primary":"true"}],"verified":"true","restricted":"true","stats":{"checkinsCount":"135","usersCount":"124","tipCount":"0"},"specials":{"count":"0"},"hereNow":{"count":"0"},"storeId":"","referralId":"v-1392477960"},{"id":"521b3c3811d26ee7ac9bf6d6","name":"The Terrace Restarurant","location":{"lat":"51.535824","lng":"-0.153563","distance":"339","cc":"GB","country":"United Kingdom"},"categories":[{"id":"4bf58dd8d48988d147941735","name":"Diner","pluralName":"Diners","shortName":"Diner","icon":{"prefix":"https:\/\/ss1.4sqi.net\/img\/categories_v2\/food\/diner_","suffix":".png"},"primary":"true"}],"verified":"false","restricted":"true","stats":{"checkinsCount":"28","usersCount":"28","tipCount":"1"},"specials":{"count":"0"},"hereNow":{"count":"0"},"referralId":"v-1392477960"},{"id":"52d11439498e818a456ade55","name":"Snowden's Aviary","location":{"lat":"51.536258","lng":"-0.15772","distance":"219","cc":"GB","country":"United Kingdom"},"categories":[{"id":"50aa9e094b90af0d42d5de0d","name":"City","pluralName":"Cities","shortName":"City","icon":{"prefix":"https:\/\/ss1.4sqi.net\/img\/categories_v2\/parks_outdoors\/neighborhood_","suffix":".png"},"primary":"true"}],"verified":"false","restricted":"true","stats":{"checkinsCount":"1","usersCount":"1","tipCount":"0"},"specials":{"count":"0"},"hereNow":{"count":"0"},"referralId":"v-1392477960"},{"id":"520a701811d2a8b4020eb96e","name":"Primrose Hill Bridge","location":{"lat":"51.53592636774456","lng":"-0.1593251899525232","distance":"210","cc":"GB","country":"United Kingdom"},"categories":[{"id":"4bf58dd8d48988d1df941735","name":"Bridge","pluralName":"Bridges","shortName":"Bridge","icon":{"prefix":"https:\/\/ss1.4sqi.net\/img\/categories_v2\/parks_outdoors\/bridge_","suffix":".png"},"primary":"true"}],"verified":"false","restricted":"true","stats":{"checkinsCount":"5","usersCount":"4","tipCount":"0"},"specials":{"count":"0"},"hereNow":{"count":"0"},"referralId":"v-1392477960"},{"id":"4c947c4294a0236aa2198d12","name":"Stockleigh Hall","location":{"address":"Prince Albert Road","lat":"51.535355","lng":"-0.162996","distance":"378","postalCode":"NW8","cc":"GB","city":"St. John's Wood","state":"Greater London","country":"United Kingdom"},"categories":[{"id":"4d954b06a243a5684965b473","name":"Residential Building (Apartment \/ Condo)","pluralName":"Residential Buildings (Apartments \/ Condos)","shortName":"Residential","icon":{"prefix":"https:\/\/ss1.4sqi.net\/img\/categories_v2\/building\/apartment_","suffix":".png"},"primary":"true"}],"verified":"false","restricted":"true","stats":{"checkinsCount":"124","usersCount":"17","tipCount":"1"},"specials":{"count":"0"},"hereNow":{"count":"0"},"referralId":"v-1392477960"},{"id":"4e217f9a483b041af1ed24a1","name":"Blackburn Pavilion Birdhouse","contact":{"twitter":"zsllondonzoo"},"location":{"address":"ZSL London Zoo","lat":"51.533752","lng":"-0.15197335","distance":"408","postalCode":"NW1 4RY","cc":"GB","city":"London","state":"Greater London","country":"United Kingdom"},"categories":[{"id":"4bf58dd8d48988d17b941735","name":"Zoo","pluralName":"Zoos","shortName":"Zoo","icon":{"prefix":"https:\/\/ss1.4sqi.net\/img\/categories_v2\/arts_entertainment\/zoo_","suffix":".png"},"primary":"true"}],"verified":"true","restricted":"true","stats":{"checkinsCount":"22","usersCount":"17","tipCount":"1"},"specials":{"count":"0"},"hereNow":{"count":"0"},"storeId":"","referralId":"v-1392477960"},{"id":"4fb25137e4b0b5bcd2f345a1","name":"Bugs","contact":{"twitter":"zsllondonzoo"},"location":{"address":"ZSL London Zoo","lat":"51.53432374574742","lng":"-0.15213489532470703","distance":"392","postalCode":"NW1 4RY","cc":"GB","city":"London","state":"Greater London","country":"United Kingdom"},"categories":[{"id":"4bf58dd8d48988d17b941735","name":"Zoo","pluralName":"Zoos","shortName":"Zoo","icon":{"prefix":"https:\/\/ss1.4sqi.net\/img\/categories_v2\/arts_entertainment\/zoo_","suffix":".png"},"primary":"true"}],"verified":"true","restricted":"true","stats":{"checkinsCount":"54","usersCount":"50","tipCount":"0"},"specials":{"count":"0"},"hereNow":{"count":"0"},"storeId":"","referralId":"v-1392477960"},{"id":"52d1e2e3498ee52ef0addaad","name":"Consort Lodge","location":{"address":"Prince Albert Road","lat":"51.53618621826172","lng":"-0.16033180058002472","distance":"274","cc":"GB","city":"London","state":"Greater London","country":"United Kingdom"},"categories":[{"id":"4d954b06a243a5684965b473","name":"Residential Building (Apartment \/ Condo)","pluralName":"Residential Buildings (Apartments \/ Condos)","shortName":"Residential","icon":{"prefix":"https:\/\/ss1.4sqi.net\/img\/categories_v2\/building\/apartment_","suffix":".png"},"primary":"true"}],"verified":"false","restricted":"true","stats":{"checkinsCount":"1","usersCount":"1","tipCount":"0"},"specials":{"count":"0"},"hereNow":{"count":"0"},"referralId":"v-1392477960"},{"id":"4f908345e4b0b5e7fd101df1","name":"Gallery Private Club","location":{"address":"28 Conduit Street","lat":"51.53514391151592","lng":"-0.16447935745254316","distance":"471","cc":"GB","city":"London","state":"Greater London","country":"United Kingdom"},"categories":[{"id":"4bf58dd8d48988d11f941735","name":"Nightclub","pluralName":"Nightclubs","shortName":"Nightclub","icon":{"prefix":"https:\/\/ss1.4sqi.net\/img\/categories_v2\/nightlife\/nightclub_","suffix":".png"},"primary":"true"}],"verified":"false","restricted":"true","stats":{"checkinsCount":"12","usersCount":"7","tipCount":"0"},"specials":{"count":"0"},"hereNow":{"count":"0"},"referralId":"v-1392477960"},{"id":"52f0daec498ed3788ad5a937","name":"London zoo","location":{"lat":"51.5333003271371","lng":"-0.155823854729533","distance":"175","cc":"GB","country":"United Kingdom"},"verified":"false","restricted":"true","stats":{"checkinsCount":"0","usersCount":"0","tipCount":"0"},"specials":{"count":"0"},"hereNow":{"count":"0"},"referralId":"v-1392477960"},{"id":"4bd4490441b9ef3b62ab01e6","name":"Gelato Mio, St. John's Wood","location":{"crossStreet":"Circus Road and St. John's Wood High Street","lat":"51.535056","lng":"-0.163856","distance":"427","postalCode":"NW8 7","cc":"GB","city":"Paddington","state":"Greater London","country":"United Kingdom"},"categories":[{"id":"4bf58dd8d48988d1c9941735","name":"Ice Cream Shop","pluralName":"Ice Cream Shops","shortName":"Ice Cream","icon":{"prefix":"https:\/\/ss1.4sqi.net\/img\/categories_v2\/food\/icecream_","suffix":".png"},"primary":"true"}],"verified":"false","restricted":"true","stats":{"checkinsCount":"33","usersCount":"16","tipCount":"1"},"specials":{"count":"0"},"hereNow":{"count":"0"},"referralId":"v-1392477960"},{"id":"524419a211d295d57dd03a60","name":"ZSL Amphitheatre","location":{"address":"London Zoo","lat":"51.535404","lng":"-0.153867","distance":"299","cc":"GB","country":"United Kingdom"},"categories":[{"id":"4bf58dd8d48988d17b941735","name":"Zoo","pluralName":"Zoos","shortName":"Zoo","icon":{"prefix":"https:\/\/ss1.4sqi.net\/img\/categories_v2\/arts_entertainment\/zoo_","suffix":".png"},"primary":"true"}],"verified":"false","restricted":"true","stats":{"checkinsCount":"3","usersCount":"3","tipCount":"0"},"specials":{"count":"0"},"hereNow":{"count":"0"},"referralId":"v-1392477960"}],"confident":"true"}}