{"meta":{"code":"200"},"response":{"venues":[{"id":"4ad3b332f964a520b9e520e3","name":"The George & Vulture","location":{"address":"63 Pitfield St.","crossStreet":"at Haberdasher St.","lat":"51.52932959790398","lng":"-0.08371791814489851","distance":"63","postalCode":"N1 6BU","cc":"GB","city":"London","state":"Greater London","country":"United Kingdom"},"categories":[{"id":"4bf58dd8d48988d11b941735","name":"Pub","pluralName":"Pubs","shortName":"Pub","icon":{"prefix":"https:\/\/ss1.4sqi.net\/img\/categories_v2\/nightlife\/pub_","suffix":".png"},"primary":"true"}],"verified":"false","restricted":"true","stats":{"checkinsCount":"1326","usersCount":"576","tipCount":"12"},"menu":{"type":"Menu","label":"Menu","anchor":"View Menu","url":"https:\/\/foursquare.com\/v\/the-george--vulture\/4ad3b332f964a520b9e520e3\/menu","mobileUrl":"https:\/\/foursquare.com\/v\/4ad3b332f964a520b9e520e3\/device_menu"},"specials":{"count":"0"},"hereNow":{"count":"0"},"referralId":"v-1392477981"},{"id":"4fd1f87fe4b0d4fb74179aee","name":"Curious Yellow Kaf\u00e9","location":{"address":"Pitfield Street","lat":"51.529683722109276","lng":"-0.08334639999448502","distance":"57","cc":"GB","city":"London","state":"Greater London","country":"United Kingdom"},"categories":[{"id":"4bf58dd8d48988d16d941735","name":"Caf\u00e9","pluralName":"Caf\u00e9s","shortName":"Caf\u00e9","icon":{"prefix":"https:\/\/ss1.4sqi.net\/img\/categories_v2\/food\/cafe_","suffix":".png"},"primary":"true"}],"verified":"false","restricted":"true","stats":{"checkinsCount":"351","usersCount":"196","tipCount":"11"},"specials":{"count":"0"},"hereNow":{"count":"0"},"referralId":"v-1392477981"},{"id":"4ac518c5f964a520d9a420e3","name":"Zigfrid von Underbelly","contact":{"phone":"+442076131988","formattedPhone":"+44 20 7613 1988","twitter":"zigfridhoxton","facebook":"8452564222"},"location":{"address":"11 Hoxton Sq","lat":"51.52788972256121","lng":"-0.08176445960998535","distance":"171","postalCode":"N1 6NU","cc":"GB","city":"London","state":"Greater London","country":"United Kingdom"},"categories":[{"id":"4bf58dd8d48988d11e941735","name":"Cocktail Bar","pluralName":"Cocktail Bars","shortName":"Cocktail","icon":{"prefix":"https:\/\/ss1.4sqi.net\/img\/categories_v2\/nightlife\/cocktails_","suffix":".png"},"primary":"true"}],"verified":"true","restricted":"true","stats":{"checkinsCount":"3534","usersCount":"2508","tipCount":"34"},"url":"http:\/\/www.zigfrid.com","reservations":{"url":"http:\/\/www.toptable.co.uk\/single.aspx?rid=11767&ref=9601"},"menu":{"type":"Menu","label":"Menu","anchor":"View Menu","url":"https:\/\/foursquare.com\/v\/zigfrid-von-underbelly\/4ac518c5f964a520d9a420e3\/menu","mobileUrl":"https:\/\/foursquare.com\/v\/4ac518c5f964a520d9a420e3\/device_menu"},"specials":{"count":"0"},"hereNow":{"count":"0"},"venuePage":{"id":"44598720"},"storeId":"","referralId":"v-1392477981"},{"id":"4ac518c7f964a52059a520e3","name":"Charlie Wright's","contact":{"phone":"+442074908345","formattedPhone":"+44 20 7490 8345","twitter":"charliewrights"},"location":{"address":"45 Pitfield St.","lat":"51.527727597966916","lng":"-0.08365560383730489","distance":"183","postalCode":"N1 6DA","cc":"GB","city":"London","state":"Greater London","country":"United Kingdom"},"categories":[{"id":"4bf58dd8d48988d1e7931735","name":"Jazz Club","pluralName":"Jazz Clubs","shortName":"Jazz Club","icon":{"prefix":"https:\/\/ss1.4sqi.net\/img\/categories_v2\/arts_entertainment\/musicvenue_jazzclub_","suffix":".png"},"primary":"true"}],"verified":"false","restricted":"true","stats":{"checkinsCount":"467","usersCount":"306","tipCount":"7"},"url":"http:\/\/www.charliewrights.com","menu":{"type":"Menu","label":"Menu","anchor":"View Menu","url":"https:\/\/foursquare.com\/v\/charlie-wrights\/4ac518c7f964a52059a520e3\/menu","mobileUrl":"https:\/\/foursquare.com\/v\/4ac518c7f964a52059a520e3\/device_menu"},"specials":{"count":"0"},"events":{"count":"1","summary":"Wolf Party","items":[{"id":"52ec55e211d2e54369d9d0c8","name":"Wolf Party","categories":[{"id":"4e0a4b91bd41eda0d6092f89","name":"Concert","pluralName":"Concerts","shortName":"Concert","icon":{"prefix":"https:\/\/ss1.4sqi.net\/img\/categories_v2\/arts_entertainment\/musicvenue_","suffix":".png"},"primary":"true"}],"startAt":"1392490800","endAt":"1392512400","allDay":"false","timeZone":"Europe\/London","text":"","url":"http:\/\/www.songkick.com\/concerts\/19406534-wolf-party-at-charlie-wrights-music-lounge?utm_source=4436&utm_medium=partner","provider":{"name":"songkick","iconUrl":{"prefix":"https:\/\/playfoursquare.s3.amazonaws.com\/events\/images\/partners\/sk\/","sizes":["20","40"],"name":"\/logo.png"},"urlText":"more info"},"stats":{"checkinsCount":"0","usersCount":"0"}}]},"hereNow":{"count":"0"},"referralId":"v-1392477981"},{"id":"50b48e9ee4b046c09ee96ecb","name":"Roll Studio","contact":{"phone":"+442070336631","formattedPhone":"+44 20 7033 6631","twitter":"rollstudio","facebook":"111816454036"},"location":{"address":"16 Hoxton Square","lat":"51.52805659149439","lng":"-0.08134603500366211","distance":"170","postalCode":"N1 6NT","cc":"GB","city":"London","state":"Greater London","country":"United Kingdom"},"categories":[{"id":"4bf58dd8d48988d1f4941735","name":"Design Studio","pluralName":"Design Studios","shortName":"Design","icon":{"prefix":"https:\/\/ss1.4sqi.net\/img\/categories_v2\/shops\/design_","suffix":".png"},"primary":"true"}],"verified":"true","restricted":"true","stats":{"checkinsCount":"185","usersCount":"11","tipCount":"0"},"url":"http:\/\/www.rollstudio.co.uk","specials":{"count":"0"},"hereNow":{"count":"0"},"venuePage":{"id":"78657503"},"referralId":"v-1392477981"},{"id":"5114afbbe4b07a075544584d","name":"Bad Robot Design HQ","contact":{"twitter":"badrobothq"},"location":{"address":"Pitfield Street","lat":"51.5302058086861","lng":"-0.08284807205200195","distance":"102","postalCode":"N1 6QE","cc":"GB","country":"United Kingdom"},"categories":[{"id":"4bf58dd8d48988d124941735","name":"Office","pluralName":"Offices","shortName":"Office","icon":{"prefix":"https:\/\/ss1.4sqi.net\/img\/categories_v2\/building\/default_","suffix":".png"},"primary":"true"}],"verified":"true","restricted":"true","stats":{"checkinsCount":"39","usersCount":"2","tipCount":"0"},"url":"http:\/\/www.badrobotdesign.com","specials":{"count":"0"},"hereNow":{"count":"0"},"venuePage":{"id":"73998594"},"storeId":"","referralId":"v-1392477981"},{"id":"5204cba8498ed71ec2b86085","name":"The Framerys","location":{"address":"3 Academy Buildings Fanshaw St","lat":"51.529494","lng":"-0.081076","distance":"121","postalCode":"N1 6LQ","cc":"GB","city":"London","state":"Greater London","country":"United Kingdom"},"categories":[{"id":"4bf58dd8d48988d1fa931735","name":"Hotel","pluralName":"Hotels","shortName":"Hotel","icon":{"prefix":"https:\/\/ss1.4sqi.net\/img\/categories_v2\/travel\/hotel_","suffix":".png"},"primary":"true"}],"verified":"false","restricted":"true","stats":{"checkinsCount":"38","usersCount":"14","tipCount":"1"},"specials":{"count":"0"},"hereNow":{"count":"0"},"referralId":"v-1392477981"},{"id":"4ac518ebf964a52045ac20e3","name":"The Courtyard Theatre","contact":{"phone":"+442077292202","formattedPhone":"+44 20 7729 2202"},"location":{"address":"Bowling Green Walk","crossStreet":"40 Pitfield St","lat":"51.528046","lng":"-0.083464","distance":"145","postalCode":"N1 6EU","cc":"GB","city":"Hackney","state":"Greater London","country":"United Kingdom"},"categories":[{"id":"4bf58dd8d48988d137941735","name":"Theater","pluralName":"Theaters","shortName":"Theater","icon":{"prefix":"https:\/\/ss1.4sqi.net\/img\/categories_v2\/arts_entertainment\/performingarts_theater_","suffix":".png"},"primary":"true"}],"verified":"false","restricted":"true","stats":{"checkinsCount":"278","usersCount":"178","tipCount":"2"},"url":"http:\/\/www.thecourtyard.org.uk","specials":{"count":"0"},"hereNow":{"count":"0"},"referralId":"v-1392477981"},{"id":"4c309f913ffc952185da8ff5","name":"City Supermarket","location":{"address":"55 Pitfield Street","lat":"51.52930475171809","lng":"-0.08385658264160156","distance":"72","postalCode":"N1 6NP","cc":"GB","city":"London","state":"Greater London","country":"United Kingdom"},"categories":[{"id":"4bf58dd8d48988d118951735","name":"Grocery Store","pluralName":"Grocery Stores","shortName":"Grocery Store","icon":{"prefix":"https:\/\/ss1.4sqi.net\/img\/categories_v2\/shops\/food_grocery_","suffix":".png"},"primary":"true"}],"verified":"false","restricted":"true","stats":{"checkinsCount":"40","usersCount":"10","tipCount":"1"},"specials":{"count":"0"},"hereNow":{"count":"0"},"referralId":"v-1392477981"},{"id":"507ebcd8e4b0b6e3ab207cb3","name":"Haberdasher Street","location":{"address":"Haberdasher Street","lat":"51.529385250806556","lng":"-0.08454977815361876","distance":"121","cc":"GB","city":"London","state":"Greater London","country":"United Kingdom"},"categories":[{"id":"4f2a210c4b9023bd5841ed28","name":"Housing Development","pluralName":"Housing Developments","shortName":"Housing Development","icon":{"prefix":"https:\/\/ss1.4sqi.net\/img\/categories_v2\/building\/housingdevelopment_","suffix":".png"},"primary":"true"}],"verified":"false","restricted":"true","stats":{"checkinsCount":"26","usersCount":"13","tipCount":"0"},"specials":{"count":"0"},"hereNow":{"count":"0"},"referralId":"v-1392477981"},{"id":"4d78fa45f20c236a494ea341","name":"Yours Food Centre","location":{"address":"51-53 Pitfield Street","lat":"51.52887285386329","lng":"-0.08349967375773747","distance":"66","cc":"GB","city":"London","state":"Greater London","country":"United Kingdom"},"categories":[{"id":"4bf58dd8d48988d118951735","name":"Grocery Store","pluralName":"Grocery Stores","shortName":"Grocery Store","icon":{"prefix":"https:\/\/ss1.4sqi.net\/img\/categories_v2\/shops\/food_grocery_","suffix":".png"},"primary":"true"}],"verified":"false","restricted":"true","stats":{"checkinsCount":"223","usersCount":"24","tipCount":"1"},"specials":{"count":"0"},"hereNow":{"count":"0"},"referralId":"v-1392477981"},{"id":"50e832bae4b07ff4530fd75b","name":"Running Club","location":{"lat":"51.52818040328899","lng":"-0.08226236564573802","distance":"128","cc":"GB","country":"United Kingdom"},"categories":[{"id":"4f4528bc4b90abdf24c9de85","name":"Athletics & Sports","pluralName":"Athletics & Sports","shortName":"Athletics & Sports","icon":{"prefix":"https:\/\/ss1.4sqi.net\/img\/categories_v2\/shops\/sports_outdoors_","suffix":".png"},"primary":"true"}],"verified":"false","restricted":"true","stats":{"checkinsCount":"44","usersCount":"2","tipCount":"0"},"specials":{"count":"0"},"hereNow":{"count":"0"},"referralId":"v-1392477981"},{"id":"50b9ae34e4b09a856220ed21","name":"Hoxton Islah","location":{"address":"71 Pitfield Street","lat":"51.529399","lng":"-0.08252","distance":"23","postalCode":"N1 6BT","cc":"GB","city":"London","state":"Greater London","country":"United Kingdom"},"categories":[{"id":"4bf58dd8d48988d138941735","name":"Mosque","pluralName":"Mosques","shortName":"Mosque","icon":{"prefix":"https:\/\/ss1.4sqi.net\/img\/categories_v2\/building\/religious_mosque_","suffix":".png"},"primary":"true"}],"verified":"false","restricted":"true","stats":{"checkinsCount":"0","usersCount":"0","tipCount":"0"},"specials":{"count":"0"},"hereNow":{"count":"0"},"referralId":"v-1392477981"},{"id":"4bdd55ffd33f2d7f6bc18a3c","name":"Aske Gardens","location":{"address":"Buttesland Street","crossStreet":"Pitfield Street","lat":"51.52812280785686","lng":"-0.08385136969246744","distance":"148","cc":"GB","city":"Hackney","state":"Greater London","country":"United Kingdom"},"categories":[{"id":"4bf58dd8d48988d1e1941735","name":"Basketball Court","pluralName":"Basketball Courts","shortName":"Basketball Court","icon":{"prefix":"https:\/\/ss1.4sqi.net\/img\/categories_v2\/parks_outdoors\/basketballcourt_","suffix":".png"},"primary":"true"}],"verified":"false","restricted":"true","stats":{"checkinsCount":"170","usersCount":"70","tipCount":"1"},"specials":{"count":"0"},"hereNow":{"count":"0"},"referralId":"v-1392477981"},{"id":"52d46532498ed9dc4b6a75c3","name":"Naves in Londis","location":{"lat":"51.5291241262965","lng":"-0.08366579227845189","distance":"62","cc":"GB","country":"United Kingdom"},"categories":[{"id":"4bf58dd8d48988d1f6931735","name":"General Travel","pluralName":"General Travel","shortName":"Travel","icon":{"prefix":"https:\/\/ss1.4sqi.net\/img\/categories_v2\/travel\/default_","suffix":".png"},"primary":"true"}],"verified":"false","restricted":"true","stats":{"checkinsCount":"1","usersCount":"1","tipCount":"0"},"specials":{"count":"0"},"hereNow":{"count":"0"},"referralId":"v-1392477981"},{"id":"4ec794f70e017e2f99fe7016","name":"The Bell Club","location":{"lat":"51.528160095214844","lng":"-0.08310556411743164","distance":"127","cc":"GB","country":"United Kingdom"},"categories":[{"id":"4bf58dd8d48988d12d941735","name":"Monument \/ Landmark","pluralName":"Monuments \/ Landmarks","shortName":"Landmark","icon":{"prefix":"https:\/\/ss1.4sqi.net\/img\/categories_v2\/building\/government_monument_","suffix":".png"},"primary":"true"}],"verified":"false","restricted":"true","stats":{"checkinsCount":"18","usersCount":"3","tipCount":"0"},"specials":{"count":"0"},"hereNow":{"count":"0"},"referralId":"v-1392477981"},{"id":"50f6d308e4b0c1ab6c85c73a","name":"Arden Estate","location":{"lat":"51.53027965896758","lng":"-0.08318652268969054","distance":"113","cc":"GB","city":"London","state":"Greater London","country":"United Kingdom"},"categories":[{"id":"4d954b06a243a5684965b473","name":"Residential Building (Apartment \/ Condo)","pluralName":"Residential Buildings (Apartments \/ Condos)","shortName":"Residential","icon":{"prefix":"https:\/\/ss1.4sqi.net\/img\/categories_v2\/building\/apartment_","suffix":".png"},"primary":"true"}],"verified":"false","restricted":"true","stats":{"checkinsCount":"52","usersCount":"4","tipCount":"0"},"specials":{"count":"0"},"hereNow":{"count":"0"},"referralId":"v-1392477981"},{"id":"50b02996e4b045752b45575b","name":"FCK Chicken","location":{"lat":"51.52918576691234","lng":"-0.08360877268449776","distance":"56","cc":"GB","country":"United Kingdom"},"categories":[{"id":"4bf58dd8d48988d16e941735","name":"Fast Food Restaurant","pluralName":"Fast Food Restaurants","shortName":"Fast Food","icon":{"prefix":"https:\/\/ss1.4sqi.net\/img\/categories_v2\/food\/fastfood_","suffix":".png"},"primary":"true"}],"verified":"false","restricted":"true","stats":{"checkinsCount":"22","usersCount":"12","tipCount":"2"},"specials":{"count":"0"},"hereNow":{"count":"0"},"referralId":"v-1392477981"},{"id":"4c4ed8d567929c74f9d6a59b","name":"TfL - Barclays Cycle Hire Station (Pitfield Street)","location":{"address":"Pitfield Street","lat":"51.529411544586594","lng":"-0.08325576782226562","distance":"34","cc":"GB","city":"London","country":"United Kingdom"},"categories":[{"id":"4bf58dd8d48988d115951735","name":"Bike Shop","pluralName":"Bike Shops","shortName":"Bike shop","icon":{"prefix":"https:\/\/ss1.4sqi.net\/img\/categories_v2\/shops\/bikeshop_","suffix":".png"},"primary":"true"}],"verified":"false","restricted":"true","stats":{"checkinsCount":"2","usersCount":"2","tipCount":"0"},"specials":{"count":"0"},"hereNow":{"count":"0"},"referralId":"v-1392477981"},{"id":"4d921e6f939e54812634dc9e","name":"Kcfc","location":{"address":"Old St","lat":"51.528172","lng":"-0.083642","distance":"137","postalCode":"EC1V 9","cc":"GB","city":"Islington","state":"Greater London","country":"United Kingdom"},"categories":[{"id":"4d4ae6fc7a7b7dea34424761","name":"Fried Chicken Joint","pluralName":"Fried Chicken Joints","shortName":"Fried Chicken","icon":{"prefix":"https:\/\/ss1.4sqi.net\/img\/categories_v2\/food\/friedchicken_","suffix":".png"},"primary":"true"}],"verified":"false","restricted":"true","stats":{"checkinsCount":"3","usersCount":"2","tipCount":"0"},"specials":{"count":"0"},"hereNow":{"count":"0"},"referralId":"v-1392477981"},{"id":"4db1ad850cb6442b2ece8c99","name":"TfL - Barclays Cycle Hire Station - Hoxton","location":{"address":"Falkirk St","lat":"51.52950422308979","lng":"-0.08344879297560122","distance":"50","cc":"GB","city":"Hackney","state":"Greater London","country":"United Kingdom"},"categories":[{"id":"4bf58dd8d48988d115951735","name":"Bike Shop","pluralName":"Bike Shops","shortName":"Bike shop","icon":{"prefix":"https:\/\/ss1.4sqi.net\/img\/categories_v2\/shops\/bikeshop_","suffix":".png"},"primary":"true"}],"verified":"false","restricted":"true","stats":{"checkinsCount":"17","usersCount":"9","tipCount":"0"},"specials":{"count":"0"},"hereNow":{"count":"0"},"referralId":"v-1392477981"},{"id":"4d3cc1e9557d6dcb40263e44","name":"Framery","location":{"lat":"51.52949","lng":"-0.081001","distance":"126","cc":"GB","country":"United Kingdom"},"categories":[{"id":"4bf58dd8d48988d1f6931735","name":"General Travel","pluralName":"General Travel","shortName":"Travel","icon":{"prefix":"https:\/\/ss1.4sqi.net\/img\/categories_v2\/travel\/default_","suffix":".png"},"primary":"true"}],"verified":"false","restricted":"true","stats":{"checkinsCount":"22","usersCount":"9","tipCount":"2"},"specials":{"count":"0"},"hereNow":{"count":"0"},"referralId":"v-1392477981"},{"id":"4f2ff8c9e4b040ea01d450a1","name":"Rita Ora's Neighbourhood","location":{"address":"W11","lat":"51.529519573220554","lng":"-0.08352346525434327","distance":"56","cc":"GB","city":"London","state":"Greater London","country":"United Kingdom"},"categories":[{"id":"4f2a25ac4b909258e854f55f","name":"Neighborhood","pluralName":"Neighborhoods","shortName":"Neighborhood","icon":{"prefix":"https:\/\/ss1.4sqi.net\/img\/categories_v2\/parks_outdoors\/neighborhood_","suffix":".png"},"primary":"true"}],"verified":"false","restricted":"true","stats":{"checkinsCount":"2","usersCount":"2","tipCount":"0"},"specials":{"count":"0"},"hereNow":{"count":"0"},"referralId":"v-1392477981"},{"id":"4bb0901df964a520284c3ce3","name":"London Youth","location":{"address":"48-49 Pitfield Street","lat":"51.52775842782231","lng":"-0.08360923688268483","distance":"179","postalCode":"N16DA","cc":"GB","city":"Hackney","state":"Greater London","country":"United Kingdom"},"categories":[{"id":"4bf58dd8d48988d124941735","name":"Office","pluralName":"Offices","shortName":"Office","icon":{"prefix":"https:\/\/ss1.4sqi.net\/img\/categories_v2\/building\/default_","suffix":".png"},"primary":"true"}],"verified":"false","restricted":"true","stats":{"checkinsCount":"108","usersCount":"15","tipCount":"0"},"specials":{"count":"0"},"hereNow":{"count":"0"},"referralId":"v-1392477981"},{"id":"4c5c6f5d7f661b8d828f481c","name":"Tiffin Express","location":{"address":"59 Pitfield St","lat":"51.52916692857143","lng":"-0.08351638571428573","distance":"51","postalCode":"N1 6BU","cc":"GB","city":"London","state":"Greater London","country":"United Kingdom"},"categories":[{"id":"4bf58dd8d48988d10f941735","name":"Indian Restaurant","pluralName":"Indian Restaurants","shortName":"Indian","icon":{"prefix":"https:\/\/ss1.4sqi.net\/img\/categories_v2\/food\/indian_","suffix":".png"},"primary":"true"}],"verified":"false","restricted":"true","stats":{"checkinsCount":"62","usersCount":"24","tipCount":"6"},"specials":{"count":"0"},"hereNow":{"count":"0"},"referralId":"v-1392477981"},{"id":"4c3dc66315cb1b8d7d5b7cdc","name":"Hoxton Tiffin Express","location":{"address":"Hoxton Street","lat":"51.52943217075047","lng":"-0.08368967778887032","distance":"63","cc":"GB","city":"Hackney","state":"Greater London","country":"United Kingdom"},"categories":[{"id":"4bf58dd8d48988d10f941735","name":"Indian Restaurant","pluralName":"Indian Restaurants","shortName":"Indian","icon":{"prefix":"https:\/\/ss1.4sqi.net\/img\/categories_v2\/food\/indian_","suffix":".png"},"primary":"true"}],"verified":"false","restricted":"true","stats":{"checkinsCount":"12","usersCount":"9","tipCount":"1"},"specials":{"count":"0"},"hereNow":{"count":"0"},"referralId":"v-1392477981"},{"id":"4f8ee802e4b0023189e086df","name":"Royal Oak Court","location":{"lat":"51.52850791913757","lng":"-0.08359581532641429","distance":"102","cc":"GB","country":"United Kingdom"},"categories":[{"id":"4bf58dd8d48988d163941735","name":"Park","pluralName":"Parks","shortName":"Park","icon":{"prefix":"https:\/\/ss1.4sqi.net\/img\/categories_v2\/parks_outdoors\/park_","suffix":".png"},"primary":"true"}],"verified":"false","restricted":"true","stats":{"checkinsCount":"64","usersCount":"23","tipCount":"0"},"specials":{"count":"0"},"hereNow":{"count":"0"},"referralId":"v-1392477981"},{"id":"4eb58d92f5b94bd85bdf22d4","name":"Chicken Rush","location":{"lat":"51.529869","lng":"-0.083102","distance":"67","cc":"GB","city":"Hackney","state":"Greater London","country":"United Kingdom"},"categories":[{"id":"4bf58dd8d48988d16e941735","name":"Fast Food Restaurant","pluralName":"Fast Food Restaurants","shortName":"Fast Food","icon":{"prefix":"https:\/\/ss1.4sqi.net\/img\/categories_v2\/food\/fastfood_","suffix":".png"},"primary":"true"}],"verified":"false","restricted":"true","stats":{"checkinsCount":"0","usersCount":"0","tipCount":"0"},"specials":{"count":"0"},"hereNow":{"count":"0"},"referralId":"v-1392477981"},{"id":"4db9242cced7cef042e376ae","name":"Lolly's Mansion","location":{"address":"Burtt House","lat":"51.529394","lng":"-0.081834","distance":"68","postalCode":"N1 6LE","cc":"GB","city":"London","state":"Greater London","country":"United Kingdom"},"categories":[{"id":"4d954b06a243a5684965b473","name":"Residential Building (Apartment \/ Condo)","pluralName":"Residential Buildings (Apartments \/ Condos)","shortName":"Residential","icon":{"prefix":"https:\/\/ss1.4sqi.net\/img\/categories_v2\/building\/apartment_","suffix":".png"},"primary":"true"}],"verified":"false","restricted":"true","stats":{"checkinsCount":"1","usersCount":"1","tipCount":"0"},"specials":{"count":"0"},"hereNow":{"count":"0"},"referralId":"v-1392477981"},{"id":"520a1094498ef0f4651cc955","name":"CAN agency","contact":{"phone":"+447898989509","formattedPhone":"+44 7898 989509","twitter":"damianocan"},"location":{"address":"UNIT 6, THE ENERGY CENTRE, BOWLING GREEN WALK,","lat":"51.52802","lng":"-0.082701","distance":"141","postalCode":"N1 6AL","cc":"GB","city":"London","state":"Greater London","country":"United Kingdom"},"categories":[{"id":"4bf58dd8d48988d124941735","name":"Office","pluralName":"Offices","shortName":"Office","icon":{"prefix":"https:\/\/ss1.4sqi.net\/img\/categories_v2\/building\/default_","suffix":".png"},"primary":"true"}],"verified":"false","restricted":"true","stats":{"checkinsCount":"27","usersCount":"1","tipCount":"0"},"url":"http:\/\/www.canagency.net","specials":{"count":"0"},"hereNow":{"count":"0"},"referralId":"v-1392477981"}],"confident":"true"}}