{"meta":{"code":"200"},"response":{"venues":[{"id":"4b6196e7f964a5200e192ae3","name":"Walkabout","contact":{"phone":"+442073953690","formattedPhone":"+44 20 7395 3690","twitter":"walkabouttemple"},"location":{"address":"Temple Station","crossStreet":"at Temple Place","lat":"51.5107723967541","lng":"-0.11394023895263672","distance":"182","postalCode":"WC2R 2PH","cc":"GB","city":"London","state":"Greater London","country":"United Kingdom"},"categories":[{"id":"4bf58dd8d48988d169941735","name":"Australian Restaurant","pluralName":"Australian Restaurants","shortName":"Australian","icon":{"prefix":"https:\/\/ss1.4sqi.net\/img\/categories_v2\/food\/australian_","suffix":".png"},"primary":"true"}],"verified":"false","restricted":"true","stats":{"checkinsCount":"3305","usersCount":"2350","tipCount":"38"},"url":"http:\/\/walkaboutbars.co.uk","menu":{"type":"Menu","label":"Menu","anchor":"View Menu","url":"https:\/\/foursquare.com\/v\/walkabout\/4b6196e7f964a5200e192ae3\/menu","mobileUrl":"https:\/\/foursquare.com\/v\/4b6196e7f964a5200e192ae3\/device_menu"},"specials":{"count":"0"},"hereNow":{"count":"0"},"referralId":"v-1392478030"},{"id":"4ad0a29bf964a520ded820e3","name":"IBM","location":{"address":"76\/78 Upper Ground","lat":"51.50743363506349","lng":"-0.11295318603515625","distance":"206","postalCode":"SE1 9PZ","cc":"GB","city":"London","state":"Greater London","country":"United Kingdom"},"categories":[{"id":"4bf58dd8d48988d124941735","name":"Office","pluralName":"Offices","shortName":"Office","icon":{"prefix":"https:\/\/ss1.4sqi.net\/img\/categories_v2\/building\/default_","suffix":".png"},"primary":"true"}],"verified":"false","restricted":"true","stats":{"checkinsCount":"4947","usersCount":"875","tipCount":"7"},"specials":{"count":"0"},"hereNow":{"count":"0"},"referralId":"v-1392478030"},{"id":"4ac518d1f964a520dfa620e3","name":"Gabriel's Wharf","location":{"address":"56 Upper Ground","lat":"51.50790571472677","lng":"-0.11015692486270227","distance":"239","postalCode":"SE1 9PP","cc":"GB","city":"London","state":"Greater London","country":"United Kingdom"},"categories":[{"id":"4bf58dd8d48988d164941735","name":"Plaza","pluralName":"Plazas","shortName":"Plaza","icon":{"prefix":"https:\/\/ss1.4sqi.net\/img\/categories_v2\/parks_outdoors\/plaza_","suffix":".png"},"primary":"true"}],"verified":"false","restricted":"true","stats":{"checkinsCount":"1660","usersCount":"1239","tipCount":"8"},"specials":{"count":"0"},"hereNow":{"count":"0"},"referralId":"v-1392478030"},{"id":"4fb395b5e4b0ddd751478ed8","name":"ITV London Television Centre","contact":{"twitter":"itvpresscentre"},"location":{"address":"Upper Ground","lat":"51.507206142839586","lng":"-0.11172458892616256","distance":"243","postalCode":"SE1 9LT","cc":"GB","city":"London","state":"Greater London","country":"United Kingdom"},"categories":[{"id":"4bf58dd8d48988d124941735","name":"Office","pluralName":"Offices","shortName":"Office","icon":{"prefix":"https:\/\/ss1.4sqi.net\/img\/categories_v2\/building\/default_","suffix":".png"},"primary":"true"}],"verified":"false","restricted":"true","stats":{"checkinsCount":"1104","usersCount":"634","tipCount":"4"},"specials":{"count":"0"},"hereNow":{"count":"2","groups":[{"type":"others","name":"Other people here","count":"2"}]},"referralId":"v-1392478030"},{"id":"4bee6b07e8c3c928afac9892","name":"The Southbank Observation Point","location":{"address":"58-72 Upper Ground","lat":"51.508259541417665","lng":"-0.1103406016960308","distance":"205","postalCode":"SE1 9LT","cc":"GB","city":"London","state":"Greater London","country":"United Kingdom"},"categories":[{"id":"4bf58dd8d48988d165941735","name":"Scenic Lookout","pluralName":"Scenic Lookouts","shortName":"Scenic Lookout","icon":{"prefix":"https:\/\/ss1.4sqi.net\/img\/categories_v2\/parks_outdoors\/sceniclookout_","suffix":".png"},"primary":"true"}],"verified":"false","restricted":"true","stats":{"checkinsCount":"460","usersCount":"237","tipCount":"1"},"specials":{"count":"0"},"hereNow":{"count":"0"},"referralId":"v-1392478030"},{"id":"4ee1d846a17c79c0e9344b09","name":"Two Temple Place","contact":{"phone":"+442078363715","formattedPhone":"+44 20 7836 3715","twitter":"twotempleplace"},"location":{"address":"2 Temple Place","lat":"51.51153026158393","lng":"-0.11229068040847778","distance":"252","postalCode":"WC2R 3BD","cc":"GB","city":"London","state":"Greater London","country":"United Kingdom"},"categories":[{"id":"4bf58dd8d48988d190941735","name":"History Museum","pluralName":"History Museums","shortName":"History Museum","icon":{"prefix":"https:\/\/ss1.4sqi.net\/img\/categories_v2\/arts_entertainment\/museum_history_","suffix":".png"},"primary":"true"}],"verified":"false","restricted":"true","stats":{"checkinsCount":"121","usersCount":"111","tipCount":"3"},"specials":{"count":"0"},"hereNow":{"count":"3","groups":[{"type":"others","name":"Other people here","count":"3"}]},"referralId":"v-1392478030"},{"id":"4f353bd7e4b01f8cbcb4931c","name":"Temple","location":{"address":"Anywhere!","lat":"51.5111774837786","lng":"-0.11374927178910073","distance":"220","cc":"GB","city":"London","state":"Greater London","country":"United Kingdom"},"categories":[{"id":"4f2a25ac4b909258e854f55f","name":"Neighborhood","pluralName":"Neighborhoods","shortName":"Neighborhood","icon":{"prefix":"https:\/\/ss1.4sqi.net\/img\/categories_v2\/parks_outdoors\/neighborhood_","suffix":".png"},"primary":"true"}],"verified":"false","restricted":"true","stats":{"checkinsCount":"722","usersCount":"535","tipCount":"0"},"specials":{"count":"0"},"hereNow":{"count":"0"},"referralId":"v-1392478030"},{"id":"4c20703e920076b02e3ac6e9","name":"Globe House","location":{"address":"4 Temple Place","lat":"51.511518","lng":"-0.113053","distance":"248","postalCode":"WC2R 2PG","cc":"GB","city":"London","state":"Greater London","country":"United Kingdom"},"categories":[{"id":"4bf58dd8d48988d124941735","name":"Office","pluralName":"Offices","shortName":"Office","icon":{"prefix":"https:\/\/ss1.4sqi.net\/img\/categories_v2\/building\/default_","suffix":".png"},"primary":"true"}],"verified":"false","restricted":"true","stats":{"checkinsCount":"1144","usersCount":"125","tipCount":"7"},"specials":{"count":"0"},"hereNow":{"count":"0"},"referralId":"v-1392478030"},{"id":"4c839fd2d92ea0933e5b5572","name":"The Wharf","contact":{"phone":"+442074017314","formattedPhone":"+44 20 7401 7314"},"location":{"address":"56 Upper Ground","crossStreet":"Gabriel's Wharf","lat":"51.50816765431959","lng":"-0.11023169741322685","distance":"217","postalCode":"SE1 9PP","cc":"GB","city":"London","state":"Greater London","country":"United Kingdom"},"categories":[{"id":"4bf58dd8d48988d10c941735","name":"French Restaurant","pluralName":"French Restaurants","shortName":"French","icon":{"prefix":"https:\/\/ss1.4sqi.net\/img\/categories_v2\/food\/french_","suffix":".png"},"primary":"true"}],"verified":"false","restricted":"true","stats":{"checkinsCount":"642","usersCount":"576","tipCount":"23"},"specials":{"count":"0"},"hereNow":{"count":"0"},"referralId":"v-1392478030"},{"id":"4ac518e6f964a52019ab20e3","name":"Gourmet Pizza Co.","contact":{"phone":"+442079283188","formattedPhone":"+44 20 7928 3188"},"location":{"address":"59-65 Upper Ground","lat":"51.50813172003565","lng":"-0.11013970709753636","distance":"225","postalCode":"SE1 9PP","cc":"GB","city":"London","state":"Greater London","country":"United Kingdom"},"categories":[{"id":"4bf58dd8d48988d1ca941735","name":"Pizza Place","pluralName":"Pizza Places","shortName":"Pizza","icon":{"prefix":"https:\/\/ss1.4sqi.net\/img\/categories_v2\/food\/pizza_","suffix":".png"},"primary":"true"}],"verified":"false","restricted":"true","stats":{"checkinsCount":"1113","usersCount":"928","tipCount":"23"},"menu":{"type":"Menu","label":"Menu","anchor":"View Menu","url":"https:\/\/foursquare.com\/v\/gourmet-pizza-co\/4ac518e6f964a52019ab20e3\/menu","mobileUrl":"https:\/\/foursquare.com\/v\/4ac518e6f964a52019ab20e3\/device_menu"},"specials":{"count":"0"},"hereNow":{"count":"0"},"referralId":"v-1392478030"},{"id":"52795c2111d2a618f3b63f95","name":"Waterloo Grill","location":{"address":"Waterloo Road","lat":"51.508698","lng":"-0.112262","distance":"75","cc":"GB","city":"London","state":"Greater London","country":"United Kingdom"},"categories":[{"id":"4bf58dd8d48988d16c941735","name":"Burger Joint","pluralName":"Burger Joints","shortName":"Burgers","icon":{"prefix":"https:\/\/ss1.4sqi.net\/img\/categories_v2\/food\/burger_","suffix":".png"},"primary":"true"}],"verified":"false","restricted":"true","stats":{"checkinsCount":"3","usersCount":"3","tipCount":"0"},"specials":{"count":"0"},"hereNow":{"count":"0"},"referralId":"v-1392478030"},{"id":"4bd08534b221c9b639d6d3d0","name":"HQS Wellington Boat","location":{"address":"Victoria Embankment","crossStreet":"Temple Stairs","lat":"51.51084993691524","lng":"-0.1125669848235477","distance":"174","postalCode":"EC2R 2PN","cc":"GB","city":"London","state":"Greater London","country":"United Kingdom"},"categories":[{"id":"4bf58dd8d48988d12d951735","name":"Boat or Ferry","pluralName":"Boats or Ferries","shortName":"Boat \/ Ferry","icon":{"prefix":"https:\/\/ss1.4sqi.net\/img\/categories_v2\/travel\/boat_","suffix":".png"},"primary":"true"}],"verified":"false","restricted":"true","stats":{"checkinsCount":"186","usersCount":"138","tipCount":"1"},"url":"http:\/\/www.hcmm.org.uk","specials":{"count":"0"},"hereNow":{"count":"0"},"referralId":"v-1392478030"},{"id":"52e01308498e207d9e61fd96","name":"National Theatre Bookshop","location":{"lat":"51.50781","lng":"-0.113763","distance":"177","cc":"GB","country":"United Kingdom"},"categories":[{"id":"4bf58dd8d48988d114951735","name":"Bookstore","pluralName":"Bookstores","shortName":"Bookstore","icon":{"prefix":"https:\/\/ss1.4sqi.net\/img\/categories_v2\/shops\/bookstore_","suffix":".png"},"primary":"true"}],"verified":"false","restricted":"true","stats":{"checkinsCount":"11","usersCount":"11","tipCount":"1"},"specials":{"count":"0"},"hereNow":{"count":"0"},"referralId":"v-1392478030"},{"id":"4ba54808f964a520a5f538e3","name":"Bar & Co","contact":{"phone":"+442081336405","formattedPhone":"+44 20 8133 6405"},"location":{"address":"Victoria Embankment","crossStreet":"Temple Pier","lat":"51.510375530269954","lng":"-0.11489678234813441","distance":"188","postalCode":"WC2R 2PN","cc":"GB","city":"London","state":"Greater London","country":"United Kingdom"},"categories":[{"id":"4bf58dd8d48988d116941735","name":"Bar","pluralName":"Bars","shortName":"Bar","icon":{"prefix":"https:\/\/ss1.4sqi.net\/img\/categories_v2\/nightlife\/bar_","suffix":".png"},"primary":"true"}],"verified":"false","restricted":"true","stats":{"checkinsCount":"248","usersCount":"212","tipCount":"3"},"url":"http:\/\/barandcompany.com","menu":{"type":"Menu","label":"Menu","anchor":"View Menu","url":"https:\/\/foursquare.com\/v\/bar--co\/4ba54808f964a520a5f538e3\/menu","mobileUrl":"https:\/\/foursquare.com\/v\/4ba54808f964a520a5f538e3\/device_menu"},"specials":{"count":"0"},"hereNow":{"count":"0"},"referralId":"v-1392478030"},{"id":"4c0fdd9b81e976b0213b0eeb","name":"The Yacht London","contact":{"twitter":"theyachtlondon"},"location":{"lat":"51.510461","lng":"-0.11439282","distance":"170","cc":"GB","country":"United Kingdom"},"categories":[{"id":"4bf58dd8d48988d1e0941735","name":"Harbor \/ Marina","pluralName":"Harbors \/ Marinas","shortName":"Harbor \/ Marina","icon":{"prefix":"https:\/\/ss1.4sqi.net\/img\/categories_v2\/parks_outdoors\/harbor_","suffix":".png"},"primary":"true"}],"verified":"false","restricted":"true","stats":{"checkinsCount":"235","usersCount":"211","tipCount":"6"},"menu":{"type":"Menu","label":"Menu","anchor":"View Menu","url":"https:\/\/foursquare.com\/v\/the-yacht-london\/4c0fdd9b81e976b0213b0eeb\/menu","mobileUrl":"https:\/\/foursquare.com\/v\/4c0fdd9b81e976b0213b0eeb\/device_menu"},"specials":{"count":"0"},"hereNow":{"count":"0"},"referralId":"v-1392478030"},{"id":"4b73bd58f964a52031ba2de3","name":"The London Studios","contact":{"phone":"+442071575555","formattedPhone":"+44 20 7157 5555","twitter":"london_studios"},"location":{"address":"72 Upper Ground","lat":"51.50710976216176","lng":"-0.11147260665893555","distance":"259","postalCode":"SE1 9LT","cc":"GB","city":"London","state":"Greater London","country":"United Kingdom"},"categories":[{"id":"4bf58dd8d48988d124941735","name":"Office","pluralName":"Offices","shortName":"Office","icon":{"prefix":"https:\/\/ss1.4sqi.net\/img\/categories_v2\/building\/default_","suffix":".png"},"primary":"true"}],"verified":"false","restricted":"true","stats":{"checkinsCount":"2975","usersCount":"1364","tipCount":"14"},"url":"http:\/\/www.londonstudios.co.uk","specials":{"count":"0"},"hereNow":{"count":"0"},"referralId":"v-1392478030"},{"id":"4c0833b2bbc676b0503046d5","name":"Temple Bar","location":{"address":"12 Temple Place","lat":"51.511275053946186","lng":"-0.11352158372700474","distance":"226","postalCode":"WC2R 2PR","cc":"GB","city":"London","state":"Greater London","country":"United Kingdom"},"categories":[{"id":"4bf58dd8d48988d116941735","name":"Bar","pluralName":"Bars","shortName":"Bar","icon":{"prefix":"https:\/\/ss1.4sqi.net\/img\/categories_v2\/nightlife\/bar_","suffix":".png"},"primary":"true"}],"verified":"false","restricted":"true","stats":{"checkinsCount":"79","usersCount":"63","tipCount":"3"},"specials":{"count":"0"},"hereNow":{"count":"0"},"referralId":"v-1392478030"},{"id":"4b5eea2af964a520b29d29e3","name":"Pieminister","contact":{"phone":"+442079285755","formattedPhone":"+44 20 7928 5755","twitter":"pieminister"},"location":{"address":"Gabriel's Wharf","crossStreet":"56 Upper Ground","lat":"51.50801878460899","lng":"-0.11021973242756418","distance":"228","postalCode":"SE1 9PP","cc":"GB","city":"London","state":"Greater London","country":"United Kingdom"},"categories":[{"id":"4bf58dd8d48988d1c7941735","name":"Snack Place","pluralName":"Snack Places","shortName":"Snacks","icon":{"prefix":"https:\/\/ss1.4sqi.net\/img\/categories_v2\/food\/snacks_","suffix":".png"},"primary":"true"}],"verified":"true","restricted":"true","stats":{"checkinsCount":"294","usersCount":"250","tipCount":"8"},"url":"http:\/\/www.pieminister.co.uk","specials":{"count":"0"},"hereNow":{"count":"0"},"venuePage":{"id":"41279991"},"storeId":"","referralId":"v-1392478030"},{"id":"4d43210a7fb05481381d7279","name":"National Theatre Green Room","location":{"lat":"51.50750729870493","lng":"-0.11341417909798203","distance":"202","postalCode":"SE1 9PX","cc":"GB","city":"London","state":"Greater London","country":"United Kingdom"},"categories":[{"id":"4bf58dd8d48988d116941735","name":"Bar","pluralName":"Bars","shortName":"Bar","icon":{"prefix":"https:\/\/ss1.4sqi.net\/img\/categories_v2\/nightlife\/bar_","suffix":".png"},"primary":"true"}],"verified":"false","restricted":"true","stats":{"checkinsCount":"118","usersCount":"41","tipCount":"0"},"specials":{"count":"0"},"hereNow":{"count":"0"},"referralId":"v-1392478030"},{"id":"4f3510bbe4b031c047918423","name":"British American Tobacco","location":{"lat":"51.51150721052604","lng":"-0.11298260094835631","distance":"247","cc":"GB","city":"London","state":"Greater London","country":"United Kingdom"},"categories":[{"id":"4bf58dd8d48988d124941735","name":"Office","pluralName":"Offices","shortName":"Office","icon":{"prefix":"https:\/\/ss1.4sqi.net\/img\/categories_v2\/building\/default_","suffix":".png"},"primary":"true"}],"verified":"false","restricted":"true","stats":{"checkinsCount":"204","usersCount":"59","tipCount":"1"},"specials":{"count":"0"},"hereNow":{"count":"0"},"referralId":"v-1392478030"},{"id":"4c7aca0f794e224b98b96928","name":"Temple pier","location":{"lat":"51.51057570138437","lng":"-0.11476464917580785","distance":"197","cc":"GB","city":"London","state":"Greater London","country":"United Kingdom"},"categories":[{"id":"4bf58dd8d48988d1e0941735","name":"Harbor \/ Marina","pluralName":"Harbors \/ Marinas","shortName":"Harbor \/ Marina","icon":{"prefix":"https:\/\/ss1.4sqi.net\/img\/categories_v2\/parks_outdoors\/harbor_","suffix":".png"},"primary":"true"}],"verified":"false","restricted":"true","stats":{"checkinsCount":"165","usersCount":"146","tipCount":"0"},"specials":{"count":"0"},"hereNow":{"count":"0"},"referralId":"v-1392478030"},{"id":"52cd6092498e3f7e7c2b0ee2","name":"City of London Dragon","location":{"lat":"51.51100066469907","lng":"-0.11059302016295307","distance":"244","cc":"GB","country":"United Kingdom"},"categories":[{"id":"4bf58dd8d48988d162941735","name":"Other Great Outdoors","pluralName":"Other Great Outdoors","shortName":"Other Outdoors","icon":{"prefix":"https:\/\/ss1.4sqi.net\/img\/categories_v2\/parks_outdoors\/outdoors_","suffix":".png"},"primary":"true"}],"verified":"false","restricted":"true","stats":{"checkinsCount":"9","usersCount":"7","tipCount":"0"},"specials":{"count":"0"},"hereNow":{"count":"0"},"referralId":"v-1392478030"},{"id":"52f11387498e581f6c7d0ada","name":"Southbank","location":{"lat":"51.50736742136323","lng":"-0.11156980775514608","distance":"230","cc":"GB","country":"United Kingdom"},"categories":[{"id":"4bf58dd8d48988d1df941735","name":"Bridge","pluralName":"Bridges","shortName":"Bridge","icon":{"prefix":"https:\/\/ss1.4sqi.net\/img\/categories_v2\/parks_outdoors\/bridge_","suffix":".png"},"primary":"true"}],"verified":"false","restricted":"true","stats":{"checkinsCount":"4","usersCount":"4","tipCount":"0"},"specials":{"count":"0"},"hereNow":{"count":"0"},"referralId":"v-1392478030"},{"id":"4f4357fce4b03c8ff6660e8f","name":"Arena International","location":{"lat":"51.509185791015625","lng":"-0.11197529733181","distance":"58","cc":"GB","country":"United Kingdom"},"categories":[{"id":"4bf58dd8d48988d124941735","name":"Office","pluralName":"Offices","shortName":"Office","icon":{"prefix":"https:\/\/ss1.4sqi.net\/img\/categories_v2\/building\/default_","suffix":".png"},"primary":"true"}],"verified":"false","restricted":"true","stats":{"checkinsCount":"1","usersCount":"1","tipCount":"0"},"specials":{"count":"0"},"hereNow":{"count":"0"},"referralId":"v-1392478030"},{"id":"5236daab498e6984fe4e9a9c","name":"Silver Jubilee Walkway","location":{"lat":"51.508279143621614","lng":"-0.11177603876402521","distance":"133","cc":"GB","country":"United Kingdom"},"categories":[{"id":"4bf58dd8d48988d162941735","name":"Other Great Outdoors","pluralName":"Other Great Outdoors","shortName":"Other Outdoors","icon":{"prefix":"https:\/\/ss1.4sqi.net\/img\/categories_v2\/parks_outdoors\/outdoors_","suffix":".png"},"primary":"true"}],"verified":"false","restricted":"true","stats":{"checkinsCount":"5","usersCount":"5","tipCount":"0"},"specials":{"count":"0"},"hereNow":{"count":"0"},"referralId":"v-1392478030"},{"id":"52dd8bb9498ef4896a823319","name":"walkabaout","location":{"lat":"51.510916","lng":"-0.114257","distance":"207","cc":"GB","country":"United Kingdom"},"categories":[{"id":"4bf58dd8d48988d11f941735","name":"Nightclub","pluralName":"Nightclubs","shortName":"Nightclub","icon":{"prefix":"https:\/\/ss1.4sqi.net\/img\/categories_v2\/nightlife\/nightclub_","suffix":".png"},"primary":"true"}],"verified":"false","restricted":"true","stats":{"checkinsCount":"2","usersCount":"2","tipCount":"0"},"specials":{"count":"0"},"hereNow":{"count":"0"},"referralId":"v-1392478030"},{"id":"4da82ec1cda119a2c8f6e111","name":"Fish And Chips","location":{"lat":"51.508253953563994","lng":"-0.1112766042994646","distance":"156","cc":"GB","city":"Lambeth","state":"Greater London","country":"United Kingdom"},"categories":[{"id":"4bf58dd8d48988d1c0941735","name":"Mediterranean Restaurant","pluralName":"Mediterranean Restaurants","shortName":"Mediterranean","icon":{"prefix":"https:\/\/ss1.4sqi.net\/img\/categories_v2\/food\/mediterranean_","suffix":".png"},"primary":"true"}],"verified":"false","restricted":"true","stats":{"checkinsCount":"15","usersCount":"15","tipCount":"0"},"specials":{"count":"0"},"hereNow":{"count":"0"},"referralId":"v-1392478030"},{"id":"52b48bc2498e0bd0d050314c","name":"jamiesbar","location":{"address":"36 Tudor Street","crossStreet":"Temple Station","lat":"51.50994110107422","lng":"-0.11216049641370773","distance":"85","postalCode":"ec4y obh","cc":"GB","city":"London","state":"Greater London","country":"United Kingdom"},"categories":[{"id":"4bf58dd8d48988d11b941735","name":"Pub","pluralName":"Pubs","shortName":"Pub","icon":{"prefix":"https:\/\/ss1.4sqi.net\/img\/categories_v2\/nightlife\/pub_","suffix":".png"},"primary":"true"}],"verified":"false","restricted":"true","stats":{"checkinsCount":"1","usersCount":"1","tipCount":"0"},"specials":{"count":"0"},"hereNow":{"count":"0"},"referralId":"v-1392478030"},{"id":"52e26432498e313c8d4479b5","name":"Sotis Studio Ceramics","location":{"address":"Oxo Tower","lat":"51.50890231050655","lng":"-0.10954013080395508","distance":"230","cc":"GB","country":"United Kingdom"},"categories":[{"id":"4bf58dd8d48988d1e2931735","name":"Art Gallery","pluralName":"Art Galleries","shortName":"Art Gallery","icon":{"prefix":"https:\/\/ss1.4sqi.net\/img\/categories_v2\/arts_entertainment\/artgallery_","suffix":".png"},"primary":"true"}],"verified":"false","restricted":"true","stats":{"checkinsCount":"1","usersCount":"1","tipCount":"0"},"specials":{"count":"0"},"hereNow":{"count":"0"},"referralId":"v-1392478030"},{"id":"5193d904498eeb8659eaf5d1","name":"Mezzanine Restaurant National Theatre","location":{"lat":"51.507593706436026","lng":"-0.11460767328308165","distance":"226","cc":"GB","country":"United Kingdom"},"categories":[{"id":"4bf58dd8d48988d1c4941735","name":"Restaurant","pluralName":"Restaurants","shortName":"Restaurant","icon":{"prefix":"https:\/\/ss1.4sqi.net\/img\/categories_v2\/food\/default_","suffix":".png"},"primary":"true"}],"verified":"false","restricted":"true","stats":{"checkinsCount":"15","usersCount":"11","tipCount":"0"},"specials":{"count":"0"},"hereNow":{"count":"0"},"referralId":"v-1392478030"}],"confident":"false"}}