{"meta":{"code":"200"},"response":{"venues":[{"id":"4b233922f964a520785424e3","name":"Regent's Park","location":{"address":"Chester Rd.","lat":"51.52748923462628","lng":"-0.15371203422546387","distance":"210","postalCode":"NW1 4NR","cc":"GB","city":"London","state":"Greater London","country":"United Kingdom"},"categories":[{"id":"4bf58dd8d48988d163941735","name":"Park","pluralName":"Parks","shortName":"Park","icon":{"prefix":"https:\/\/ss1.4sqi.net\/img\/categories_v2\/parks_outdoors\/park_","suffix":".png"},"primary":"true"}],"verified":"true","restricted":"true","stats":{"checkinsCount":"18242","usersCount":"9614","tipCount":"89"},"specials":{"count":"0"},"hereNow":{"count":"6","groups":[{"type":"others","name":"Other people here","count":"6"}]},"venuePage":{"id":"42154907"},"referralId":"v-1392477974"},{"id":"4de207df1f6e3190cd069d18","name":"Queen Mary's Gardens","location":{"address":"Regent's Park","lat":"51.527175529263026","lng":"-0.1527735135373264","distance":"235","cc":"GB","city":"London","state":"Greater London","country":"United Kingdom"},"categories":[{"id":"4bf58dd8d48988d163941735","name":"Park","pluralName":"Parks","shortName":"Park","icon":{"prefix":"https:\/\/ss1.4sqi.net\/img\/categories_v2\/parks_outdoors\/park_","suffix":".png"},"primary":"true"}],"verified":"false","restricted":"true","stats":{"checkinsCount":"795","usersCount":"671","tipCount":"9"},"specials":{"count":"0"},"hereNow":{"count":"0"},"referralId":"v-1392477974"},{"id":"4ad328e2f964a52041e320e3","name":"Regent's University London","contact":{"phone":"+442074877700","formattedPhone":"+44 20 7487 7700","twitter":"regentsuni","facebook":"13605357263"},"location":{"address":"1 Inner Circle","crossStreet":"Regent's Park","lat":"51.52574989415476","lng":"-0.1554781118405527","distance":"435","postalCode":"NW1 4NS","cc":"GB","city":"London","state":"Greater London","country":"United Kingdom"},"categories":[{"id":"4bf58dd8d48988d1ae941735","name":"University","pluralName":"Universities","shortName":"University","icon":{"prefix":"https:\/\/ss1.4sqi.net\/img\/categories_v2\/education\/default_","suffix":".png"},"primary":"true"}],"verified":"true","restricted":"true","stats":{"checkinsCount":"8665","usersCount":"1050","tipCount":"13"},"url":"http:\/\/www.regents.ac.uk","specials":{"count":"0"},"hereNow":{"count":"1","groups":[{"type":"others","name":"Other people here","count":"1"}]},"venuePage":{"id":"46269852"},"storeId":"","referralId":"v-1392477974"},{"id":"4c2e486b66e40f471af0bf8b","name":"Regent's Park Open Air Theatre","contact":{"twitter":"openairtheatre"},"location":{"address":"Regent's Park","lat":"51.52842870701279","lng":"-0.15472322702407837","distance":"163","postalCode":"NW1 4","cc":"GB","city":"Paddington","state":"Greater London","country":"United Kingdom"},"categories":[{"id":"4bf58dd8d48988d137941735","name":"Theater","pluralName":"Theaters","shortName":"Theater","icon":{"prefix":"https:\/\/ss1.4sqi.net\/img\/categories_v2\/arts_entertainment\/performingarts_theater_","suffix":".png"},"primary":"true"}],"verified":"false","restricted":"true","stats":{"checkinsCount":"1262","usersCount":"1029","tipCount":"24"},"specials":{"count":"0"},"hereNow":{"count":"0"},"referralId":"v-1392477974"},{"id":"4bd3ffcca8b3a593b92d6b5f","name":"The Hub","location":{"address":"Outer Cir","crossStreet":"Regent's Park","lat":"51.53249883585912","lng":"-0.15798333806187653","distance":"506","postalCode":"NW1 4RU","cc":"GB","city":"London","state":"Greater London","country":"United Kingdom"},"categories":[{"id":"4bf58dd8d48988d16d941735","name":"Caf\u00e9","pluralName":"Caf\u00e9s","shortName":"Caf\u00e9","icon":{"prefix":"https:\/\/ss1.4sqi.net\/img\/categories_v2\/food\/cafe_","suffix":".png"},"primary":"true"}],"verified":"false","restricted":"true","stats":{"checkinsCount":"574","usersCount":"371","tipCount":"3"},"specials":{"count":"0"},"hereNow":{"count":"0"},"referralId":"v-1392477974"},{"id":"4c06001f517d0f47fa60f515","name":"Avenue Gardens","location":{"address":"Chester Rd","lat":"51.527854150135944","lng":"-0.1480938685809146","distance":"363","cc":"GB","city":"London","state":"Greater London","country":"United Kingdom"},"categories":[{"id":"4bf58dd8d48988d163941735","name":"Park","pluralName":"Parks","shortName":"Park","icon":{"prefix":"https:\/\/ss1.4sqi.net\/img\/categories_v2\/parks_outdoors\/park_","suffix":".png"},"primary":"true"}],"verified":"false","restricted":"true","stats":{"checkinsCount":"912","usersCount":"233","tipCount":"3"},"specials":{"count":"0"},"hereNow":{"count":"1","groups":[{"type":"others","name":"Other people here","count":"1"}]},"referralId":"v-1392477974"},{"id":"4bfd101a4cf820a180d8ebf4","name":"Regent's Park Tennis Courts","location":{"address":"Tennis Centre (Inner Circle)","lat":"51.52557409477153","lng":"-0.15347974755752875","distance":"416","cc":"GB","city":"London","state":"Greater London","country":"United Kingdom"},"categories":[{"id":"4e39a956bd410d7aed40cbc3","name":"Tennis Court","pluralName":"Tennis Courts","shortName":"Tennis Court","icon":{"prefix":"https:\/\/ss1.4sqi.net\/img\/categories_v2\/arts_entertainment\/stadium_tennis_","suffix":".png"},"primary":"true"}],"verified":"false","restricted":"true","stats":{"checkinsCount":"519","usersCount":"268","tipCount":"3"},"specials":{"count":"0"},"hereNow":{"count":"0"},"referralId":"v-1392477974"},{"id":"4ac518e1f964a52048aa20e3","name":"Garden Caf\u00e9","location":{"address":"Inner Circle","lat":"51.527068","lng":"-0.155156","distance":"296","postalCode":"NW1 4NU","cc":"GB","city":"London","state":"Greater London","country":"United Kingdom"},"categories":[{"id":"4bf58dd8d48988d1c4941735","name":"Restaurant","pluralName":"Restaurants","shortName":"Restaurant","icon":{"prefix":"https:\/\/ss1.4sqi.net\/img\/categories_v2\/food\/default_","suffix":".png"},"primary":"true"}],"verified":"false","restricted":"true","stats":{"checkinsCount":"684","usersCount":"543","tipCount":"11"},"menu":{"type":"Menu","label":"Menu","anchor":"View Menu","url":"https:\/\/foursquare.com\/v\/garden-caf%C3%A9\/4ac518e1f964a52048aa20e3\/menu","mobileUrl":"https:\/\/foursquare.com\/v\/4ac518e1f964a52048aa20e3\/device_menu"},"specials":{"count":"0"},"hereNow":{"count":"0"},"referralId":"v-1392477974"},{"id":"4d53fc975b3f6dcb1504dacc","name":"Tate Library","location":{"address":"Regent's College","crossStreet":"Inner Circle","lat":"51.525353239477596","lng":"-0.15488147735595703","distance":"461","postalCode":"NW1 4NS","cc":"GB","city":"London","state":"Greater London","country":"United Kingdom"},"categories":[{"id":"4bf58dd8d48988d1a7941735","name":"College Library","pluralName":"College Libraries","shortName":"Library","icon":{"prefix":"https:\/\/ss1.4sqi.net\/img\/categories_v2\/building\/library_","suffix":".png"},"primary":"true"}],"verified":"false","restricted":"true","stats":{"checkinsCount":"849","usersCount":"141","tipCount":"1"},"specials":{"count":"0"},"hereNow":{"count":"0"},"referralId":"v-1392477974"},{"id":"4c55839f4623be9a05ff97f4","name":"Rose Gardens","location":{"address":"Inner Circle","crossStreet":"Regents Park","lat":"51.526982420236536","lng":"-0.15347751230324447","distance":"260","postalCode":"NW1 4","cc":"GB","city":"Paddington","state":"Greater London","country":"United Kingdom"},"categories":[{"id":"4bf58dd8d48988d15a941735","name":"Garden","pluralName":"Gardens","shortName":"Garden","icon":{"prefix":"https:\/\/ss1.4sqi.net\/img\/categories_v2\/parks_outdoors\/garden_","suffix":".png"},"primary":"true"}],"verified":"false","restricted":"true","stats":{"checkinsCount":"354","usersCount":"213","tipCount":"0"},"specials":{"count":"0"},"hereNow":{"count":"0"},"referralId":"v-1392477974"},{"id":"4e71ef8a1495e4ca14126b50","name":"Regents College Refectory","location":{"lat":"51.526129556868895","lng":"-0.15540132465221967","distance":"395","cc":"GB","city":"Paddington","state":"Greater London","country":"United Kingdom"},"categories":[{"id":"4bf58dd8d48988d1a1941735","name":"College Cafeteria","pluralName":"College Cafeterias","shortName":"Cafeteria","icon":{"prefix":"https:\/\/ss1.4sqi.net\/img\/categories_v2\/education\/cafeteria_","suffix":".png"},"primary":"true"}],"verified":"false","restricted":"true","stats":{"checkinsCount":"438","usersCount":"86","tipCount":"1"},"specials":{"count":"0"},"hereNow":{"count":"0"},"referralId":"v-1392477974"},{"id":"505b1354e4b0b47e0cb4b3f3","name":"Tuke Hall","location":{"lat":"51.52554451710324","lng":"-0.155467015799831","distance":"455","cc":"GB","country":"United Kingdom"},"categories":[{"id":"4bf58dd8d48988d198941735","name":"College Academic Building","pluralName":"College Academic Buildings","shortName":"Academic Building","icon":{"prefix":"https:\/\/ss1.4sqi.net\/img\/categories_v2\/education\/academicbuilding_","suffix":".png"},"primary":"true"}],"verified":"false","restricted":"true","stats":{"checkinsCount":"133","usersCount":"27","tipCount":"0"},"specials":{"count":"0"},"hereNow":{"count":"0"},"referralId":"v-1392477974"},{"id":"4bef1106f2712d7ff741fbd8","name":"Cumberland Green","location":{"address":"Regent's Park","lat":"51.531040104792524","lng":"-0.1483154296875","distance":"366","cc":"GB","city":"London","state":"Greater London","country":"United Kingdom"},"categories":[{"id":"4bf58dd8d48988d163941735","name":"Park","pluralName":"Parks","shortName":"Park","icon":{"prefix":"https:\/\/ss1.4sqi.net\/img\/categories_v2\/parks_outdoors\/park_","suffix":".png"},"primary":"true"}],"verified":"false","restricted":"true","stats":{"checkinsCount":"77","usersCount":"26","tipCount":"1"},"specials":{"count":"0"},"hereNow":{"count":"0"},"referralId":"v-1392477974"},{"id":"4ee323aa823180a98a10b6cb","name":"Longbridge Gate","location":{"address":"Regent's Park","lat":"51.528496807024375","lng":"-0.15585970487101947","distance":"229","cc":"GB","country":"United Kingdom"},"categories":[{"id":"4bf58dd8d48988d163941735","name":"Park","pluralName":"Parks","shortName":"Park","icon":{"prefix":"https:\/\/ss1.4sqi.net\/img\/categories_v2\/parks_outdoors\/park_","suffix":".png"},"primary":"true"}],"verified":"false","restricted":"true","stats":{"checkinsCount":"20","usersCount":"2","tipCount":"0"},"specials":{"count":"0"},"hereNow":{"count":"0"},"referralId":"v-1392477974"},{"id":"4d610ffbb6b9a1cdf2fd8251","name":"Regent's Park Children's Playground","location":{"lat":"51.52550953797009","lng":"-0.14828474128996733","distance":"524","cc":"GB","country":"United Kingdom"},"categories":[{"id":"4bf58dd8d48988d1e7941735","name":"Playground","pluralName":"Playgrounds","shortName":"Playground","icon":{"prefix":"https:\/\/ss1.4sqi.net\/img\/categories_v2\/parks_outdoors\/playground_","suffix":".png"},"primary":"true"}],"verified":"false","restricted":"true","stats":{"checkinsCount":"232","usersCount":"171","tipCount":"4"},"specials":{"count":"0"},"hereNow":{"count":"0"},"referralId":"v-1392477974"},{"id":"4c681dcc9cb82d7f03e594d2","name":"St John's Lodge Gardens","location":{"address":"Inner Cir","crossStreet":"Regent's Park","lat":"51.529245","lng":"-0.15139","distance":"97","postalCode":"NW1 4NX","cc":"GB","city":"Paddington","state":"Greater London","country":"United Kingdom"},"categories":[{"id":"4bf58dd8d48988d15a941735","name":"Garden","pluralName":"Gardens","shortName":"Garden","icon":{"prefix":"https:\/\/ss1.4sqi.net\/img\/categories_v2\/parks_outdoors\/garden_","suffix":".png"},"primary":"true"}],"verified":"false","restricted":"true","stats":{"checkinsCount":"89","usersCount":"49","tipCount":"4"},"specials":{"count":"0"},"hereNow":{"count":"0"},"referralId":"v-1392477974"},{"id":"51e66f8c498e72c2cd47347e","name":"Regent's Smoking Area","location":{"lat":"51.52577073396218","lng":"-0.15520188381270375","distance":"425","cc":"GB","country":"United Kingdom"},"categories":[{"id":"4bf58dd8d48988d160941735","name":"Hot Spring","pluralName":"Hot Springs","shortName":"Hot Spring","icon":{"prefix":"https:\/\/ss1.4sqi.net\/img\/categories_v2\/parks_outdoors\/hotspring_","suffix":".png"},"primary":"true"}],"verified":"false","restricted":"true","stats":{"checkinsCount":"41","usersCount":"7","tipCount":"0"},"specials":{"count":"0"},"hereNow":{"count":"0"},"referralId":"v-1392477974"},{"id":"50406a55e4b0047a40e4c447","name":"innovision","contact":{"phone":"+442070343266","formattedPhone":"+44 20 7034 3266"},"location":{"address":"The Studio","crossStreet":"Inner Circle","lat":"51.528681559378406","lng":"-0.15145466422960302","distance":"115","postalCode":"N1 4PA","cc":"GB","city":"London","state":"Greater London","country":"United Kingdom"},"categories":[{"id":"4bf58dd8d48988d124941735","name":"Office","pluralName":"Offices","shortName":"Office","icon":{"prefix":"https:\/\/ss1.4sqi.net\/img\/categories_v2\/building\/default_","suffix":".png"},"primary":"true"}],"verified":"false","restricted":"true","stats":{"checkinsCount":"6","usersCount":"5","tipCount":"0"},"specials":{"count":"0"},"hereNow":{"count":"0"},"referralId":"v-1392477974"},{"id":"5213a97a498e0ef37816895c","name":"Jubilee Gates","location":{"lat":"51.527076","lng":"-0.153875","distance":"257","cc":"GB","country":"United Kingdom"},"categories":[{"id":"4bf58dd8d48988d163941735","name":"Park","pluralName":"Parks","shortName":"Park","icon":{"prefix":"https:\/\/ss1.4sqi.net\/img\/categories_v2\/parks_outdoors\/park_","suffix":".png"},"primary":"true"}],"verified":"false","restricted":"true","stats":{"checkinsCount":"2","usersCount":"2","tipCount":"0"},"specials":{"count":"0"},"hereNow":{"count":"0"},"referralId":"v-1392477974"},{"id":"4e42b6dcaeb73df7d8d72fc3","name":"Regent's Brasserie","location":{"address":"Regent's College","crossStreet":"1 Inner Circle","lat":"51.526046","lng":"-0.155649","distance":"411","cc":"GB","city":"London","state":"Greater London","country":"United Kingdom"},"categories":[{"id":"4bf58dd8d48988d1a1941735","name":"College Cafeteria","pluralName":"College Cafeterias","shortName":"Cafeteria","icon":{"prefix":"https:\/\/ss1.4sqi.net\/img\/categories_v2\/education\/cafeteria_","suffix":".png"},"primary":"true"}],"verified":"false","restricted":"true","stats":{"checkinsCount":"523","usersCount":"107","tipCount":"0"},"specials":{"count":"0"},"hereNow":{"count":"0"},"referralId":"v-1392477974"},{"id":"4f4ccf93e4b03af95ffa70d6","name":"Regent's College Gym","location":{"address":"Regent's College","crossStreet":"Inner Circle","lat":"51.52583745397272","lng":"-0.15542840797387075","distance":"425","postalCode":"NW1 4NS","cc":"GB","city":"London","state":"Greater London","country":"United Kingdom"},"categories":[{"id":"4bf58dd8d48988d1b2941735","name":"College Gym","pluralName":"College Gyms","shortName":"Gym","icon":{"prefix":"https:\/\/ss1.4sqi.net\/img\/categories_v2\/building\/gym_","suffix":".png"},"primary":"true"}],"verified":"false","restricted":"true","stats":{"checkinsCount":"67","usersCount":"17","tipCount":"0"},"specials":{"count":"0"},"hereNow":{"count":"0"},"referralId":"v-1392477974"},{"id":"4cac468d44a8224bfad23140","name":"European Business School London","location":{"address":"Regent's College","crossStreet":"Inner Circle, Regent's Park","lat":"51.52557152733638","lng":"-0.15529471183184193","distance":"448","postalCode":"NW1","cc":"GB","city":"London","state":"Greater London","country":"United Kingdom"},"categories":[{"id":"4bf58dd8d48988d1ae941735","name":"University","pluralName":"Universities","shortName":"University","icon":{"prefix":"https:\/\/ss1.4sqi.net\/img\/categories_v2\/education\/default_","suffix":".png"},"primary":"true"}],"verified":"false","restricted":"true","stats":{"checkinsCount":"1531","usersCount":"149","tipCount":"5"},"specials":{"count":"0"},"hereNow":{"count":"0"},"referralId":"v-1392477974"},{"id":"4e0b6f53fa76f9d12b91663e","name":"Club Good Eyes","location":{"address":"Regents Park \\ Primrose Hill","lat":"51.5305231471296","lng":"-0.152327630918262","distance":"141","cc":"GB","city":"Camden Town","state":"Greater London","country":"United Kingdom"},"categories":[{"id":"4d4b7105d754a06376d81259","name":"Nightlife Spot","pluralName":"Nightlife Spots","shortName":"Nightlife","icon":{"prefix":"https:\/\/ss1.4sqi.net\/img\/categories_v2\/nightlife\/default_","suffix":".png"},"primary":"true"}],"verified":"false","restricted":"true","stats":{"checkinsCount":"7","usersCount":"3","tipCount":"0"},"specials":{"count":"0"},"hereNow":{"count":"0"},"referralId":"v-1392477974"},{"id":"52c182da498e77c2594c10e6","name":"Upper Cataracts Regents Park","location":{"lat":"51.52675","lng":"-0.15321","distance":"284","cc":"GB","country":"United Kingdom"},"categories":[{"id":"4bf58dd8d48988d163941735","name":"Park","pluralName":"Parks","shortName":"Park","icon":{"prefix":"https:\/\/ss1.4sqi.net\/img\/categories_v2\/parks_outdoors\/park_","suffix":".png"},"primary":"true"}],"verified":"false","restricted":"true","stats":{"checkinsCount":"1","usersCount":"1","tipCount":"0"},"specials":{"count":"0"},"hereNow":{"count":"0"},"referralId":"v-1392477974"},{"id":"4f9ffde4e4b0bf270c549abf","name":"IT room","location":{"lat":"51.52562293566776","lng":"-0.15439725895384823","distance":"422","cc":"GB","country":"United Kingdom"},"categories":[{"id":"4bf58dd8d48988d1af941735","name":"College Auditorium","pluralName":"College Auditoriums","shortName":"Auditorium","icon":{"prefix":"https:\/\/ss1.4sqi.net\/img\/categories_v2\/building\/auditorium_","suffix":".png"},"primary":"true"}],"verified":"false","restricted":"true","stats":{"checkinsCount":"218","usersCount":"28","tipCount":"1"},"specials":{"count":"0"},"hereNow":{"count":"0"},"referralId":"v-1392477974"},{"id":"504b7889e4b03691166730e7","name":"York Bridge","location":{"address":"Regent's Park","lat":"51.524125703326106","lng":"-0.15291200541545014","distance":"574","postalCode":"NW1","cc":"GB","city":"London","state":"Greater London","country":"United Kingdom"},"categories":[{"id":"4bf58dd8d48988d1df941735","name":"Bridge","pluralName":"Bridges","shortName":"Bridge","icon":{"prefix":"https:\/\/ss1.4sqi.net\/img\/categories_v2\/parks_outdoors\/bridge_","suffix":".png"},"primary":"true"}],"verified":"false","restricted":"true","stats":{"checkinsCount":"31","usersCount":"28","tipCount":"0"},"specials":{"count":"0"},"hereNow":{"count":"0"},"referralId":"v-1392477974"},{"id":"4f2934bde4b09b014067f319","name":"Starbucks","location":{"address":"Inner Circle (Regent's University)","crossStreet":"Regent's Park","lat":"51.52600739863659","lng":"-0.15466690063476562","distance":"387","postalCode":"NW1 4NS","cc":"GB","city":"City of Westminster","state":"Greater London","country":"United Kingdom"},"categories":[{"id":"4bf58dd8d48988d1e0931735","name":"Coffee Shop","pluralName":"Coffee Shops","shortName":"Coffee Shop","icon":{"prefix":"https:\/\/ss1.4sqi.net\/img\/categories_v2\/food\/coffeeshop_","suffix":".png"},"primary":"true"}],"verified":"false","restricted":"true","stats":{"checkinsCount":"231","usersCount":"51","tipCount":"1"},"specials":{"count":"0"},"hereNow":{"count":"0"},"referralId":"v-1392477974"},{"id":"4e217f9a483b041af1ed24a1","name":"Blackburn Pavilion Birdhouse","contact":{"twitter":"zsllondonzoo"},"location":{"address":"ZSL London Zoo","lat":"51.533752","lng":"-0.15197335","distance":"500","postalCode":"NW1 4RY","cc":"GB","city":"London","state":"Greater London","country":"United Kingdom"},"categories":[{"id":"4bf58dd8d48988d17b941735","name":"Zoo","pluralName":"Zoos","shortName":"Zoo","icon":{"prefix":"https:\/\/ss1.4sqi.net\/img\/categories_v2\/arts_entertainment\/zoo_","suffix":".png"},"primary":"true"}],"verified":"true","restricted":"true","stats":{"checkinsCount":"22","usersCount":"17","tipCount":"1"},"specials":{"count":"0"},"hereNow":{"count":"0"},"storeId":"","referralId":"v-1392477974"},{"id":"4c9f581419e4236aebdd5789","name":"Regents Park Demonstration Allotment","location":{"lat":"51.52822","lng":"-0.150675","distance":"189","cc":"GB","country":"United Kingdom"},"categories":[{"id":"4bf58dd8d48988d15a941735","name":"Garden","pluralName":"Gardens","shortName":"Garden","icon":{"prefix":"https:\/\/ss1.4sqi.net\/img\/categories_v2\/parks_outdoors\/garden_","suffix":".png"},"primary":"true"}],"verified":"false","restricted":"true","stats":{"checkinsCount":"4","usersCount":"4","tipCount":"1"},"specials":{"count":"0"},"hereNow":{"count":"0"},"referralId":"v-1392477974"},{"id":"526000f2498e8c4a42093340","name":"Frieze Art Fair","location":{"address":"Regent's Park","lat":"51.52557823368999","lng":"-0.1492416892297486","distance":"481","cc":"GB","city":"London","state":"Greater London","country":"United Kingdom"},"categories":[{"id":"507c8c4091d498d9fc8c67a9","name":"Public Art","pluralName":"Public Art","shortName":"Public Art","icon":{"prefix":"https:\/\/ss1.4sqi.net\/img\/categories_v2\/arts_entertainment\/default_","suffix":".png"},"primary":"true"}],"verified":"false","restricted":"true","stats":{"checkinsCount":"251","usersCount":"231","tipCount":"3"},"specials":{"count":"0"},"hereNow":{"count":"0"},"referralId":"v-1392477974"}],"confident":"true"}}