{"meta":{"code":"200"},"response":{"venues":[{"id":"4bdec9150d69b713580266d3","name":"Jubilee Gardens","location":{"address":"Belvedere Rd","lat":"51.503814141022815","lng":"-0.1187896728515625","distance":"86","postalCode":"SE1 7XZ","cc":"GB","city":"London","state":"Greater London","country":"United Kingdom"},"categories":[{"id":"4bf58dd8d48988d163941735","name":"Park","pluralName":"Parks","shortName":"Park","icon":{"prefix":"https:\/\/ss1.4sqi.net\/img\/categories_v2\/parks_outdoors\/park_","suffix":".png"},"primary":"true"}],"verified":"false","restricted":"true","stats":{"checkinsCount":"2983","usersCount":"2007","tipCount":"12"},"specials":{"count":"0"},"hereNow":{"count":"0"},"referralId":"v-1392478043"},{"id":"4af2951bf964a520fce721e3","name":"The Shell Centre","location":{"address":"York Rd","lat":"51.50357051252224","lng":"-0.11707164786900628","distance":"94","postalCode":"SE1 7NA","cc":"GB","city":"London","state":"Greater London","country":"United Kingdom"},"categories":[{"id":"4bf58dd8d48988d124941735","name":"Office","pluralName":"Offices","shortName":"Office","icon":{"prefix":"https:\/\/ss1.4sqi.net\/img\/categories_v2\/building\/default_","suffix":".png"},"primary":"true"}],"verified":"false","restricted":"true","stats":{"checkinsCount":"2484","usersCount":"436","tipCount":"11"},"specials":{"count":"0"},"hereNow":{"count":"0"},"referralId":"v-1392478043"},{"id":"4cb0b108eb65b1f7cd696ecd","name":"London Eye 4D Experience","location":{"lat":"51.50333938583364","lng":"-0.1193318751397238","distance":"149","cc":"GB","country":"United Kingdom"},"categories":[{"id":"4bf58dd8d48988d17f941735","name":"Movie Theater","pluralName":"Movie Theaters","shortName":"Movie Theater","icon":{"prefix":"https:\/\/ss1.4sqi.net\/img\/categories_v2\/arts_entertainment\/movietheater_","suffix":".png"},"primary":"true"}],"verified":"false","restricted":"true","stats":{"checkinsCount":"1442","usersCount":"1355","tipCount":"13"},"specials":{"count":"0"},"hereNow":{"count":"0"},"referralId":"v-1392478043"},{"id":"4b1807bcf964a520becb23e3","name":"All Bar One","contact":{"phone":"+442079219471","formattedPhone":"+44 20 7921 9471","twitter":"yourallbarone"},"location":{"address":"1 Chicheley St.","lat":"51.503058980064985","lng":"-0.11738937231974803","distance":"139","postalCode":"SE1 7PY","cc":"GB","city":"London","state":"Greater London","country":"United Kingdom"},"categories":[{"id":"4bf58dd8d48988d11b941735","name":"Pub","pluralName":"Pubs","shortName":"Pub","icon":{"prefix":"https:\/\/ss1.4sqi.net\/img\/categories_v2\/nightlife\/pub_","suffix":".png"},"primary":"true"}],"verified":"false","restricted":"true","stats":{"checkinsCount":"1755","usersCount":"1404","tipCount":"22"},"menu":{"type":"Menu","label":"Menu","anchor":"View Menu","url":"https:\/\/foursquare.com\/v\/all-bar-one\/4b1807bcf964a520becb23e3\/menu","mobileUrl":"https:\/\/foursquare.com\/v\/4b1807bcf964a520becb23e3\/device_menu"},"specials":{"count":"0"},"hereNow":{"count":"0"},"referralId":"v-1392478043"},{"id":"5296654d11d285c7b1380a8e","name":"Eyeskate London Eye","location":{"lat":"51.50303799725551","lng":"-0.1178898180496193","distance":"139","cc":"GB","country":"United Kingdom"},"categories":[{"id":"5109983191d435c0d71c2bb1","name":"Theme Park Ride \/ Attraction","pluralName":"Theme Park Rides\/Attractions","shortName":"Theme Park","icon":{"prefix":"https:\/\/ss1.4sqi.net\/img\/categories_v2\/arts_entertainment\/themepark_","suffix":".png"},"primary":"true"}],"verified":"false","restricted":"true","stats":{"checkinsCount":"61","usersCount":"59","tipCount":"1"},"specials":{"count":"0"},"hereNow":{"count":"2","groups":[{"type":"others","name":"Other people here","count":"2"}]},"referralId":"v-1392478043"},{"id":"4aeb1852f964a5203dbe21e3","name":"The Slug and Lettuce","contact":{"phone":"+442078034790","formattedPhone":"+44 20 7803 4790","twitter":"sluglettuce"},"location":{"address":"5 Chicheley St","crossStreet":"North Block (1\u201363)","lat":"51.503136507809415","lng":"-0.11688083766544385","distance":"143","postalCode":"SE1 7PJ","cc":"GB","city":"London","state":"Greater London","country":"United Kingdom"},"categories":[{"id":"4bf58dd8d48988d11b941735","name":"Pub","pluralName":"Pubs","shortName":"Pub","icon":{"prefix":"https:\/\/ss1.4sqi.net\/img\/categories_v2\/nightlife\/pub_","suffix":".png"},"primary":"true"}],"verified":"false","restricted":"true","stats":{"checkinsCount":"1421","usersCount":"1043","tipCount":"15"},"url":"http:\/\/www.slugandlettuce.co.uk","menu":{"type":"Menu","label":"Menu","anchor":"View Menu","url":"https:\/\/foursquare.com\/v\/the-slug-and-lettuce\/4aeb1852f964a5203dbe21e3\/menu","mobileUrl":"https:\/\/foursquare.com\/v\/4aeb1852f964a5203dbe21e3\/device_menu"},"specials":{"count":"0"},"hereNow":{"count":"0"},"referralId":"v-1392478043"},{"id":"4ac518cff964a5206ea620e3","name":"London Duck Tours","contact":{"phone":"+442079283132","formattedPhone":"+44 20 7928 3132","twitter":"londonducktours","facebook":"155519487842592"},"location":{"address":"55 York Road","lat":"51.502758957640296","lng":"-0.11728763580322266","distance":"174","postalCode":"SE1 7NJ","cc":"GB","city":"London","state":"Greater London","country":"United Kingdom"},"categories":[{"id":"4bf58dd8d48988d12d951735","name":"Boat or Ferry","pluralName":"Boats or Ferries","shortName":"Boat \/ Ferry","icon":{"prefix":"https:\/\/ss1.4sqi.net\/img\/categories_v2\/travel\/boat_","suffix":".png"},"primary":"true"}],"verified":"true","restricted":"true","stats":{"checkinsCount":"497","usersCount":"461","tipCount":"13"},"url":"http:\/\/www.londonducktours.co.uk","specials":{"count":"0"},"hereNow":{"count":"0"},"venuePage":{"id":"54273623"},"storeId":"","referralId":"v-1392478043"},{"id":"4adb38ddf964a520002521e3","name":"Le Pain Quotidien","contact":{"phone":"+442074866154","formattedPhone":"+44 20 7486 6154","twitter":"le_pain_q_uk"},"location":{"address":"Units 12 and 13 Festival Walk","crossStreet":"Royal Festival Hall","lat":"51.505670670191115","lng":"-0.11685848236083984","distance":"167","postalCode":"SE1 8XX","cc":"GB","city":"London","state":"Greater London","country":"United Kingdom"},"categories":[{"id":"4bf58dd8d48988d16d941735","name":"Caf\u00e9","pluralName":"Caf\u00e9s","shortName":"Caf\u00e9","icon":{"prefix":"https:\/\/ss1.4sqi.net\/img\/categories_v2\/food\/cafe_","suffix":".png"},"primary":"true"}],"verified":"false","restricted":"true","stats":{"checkinsCount":"2406","usersCount":"1697","tipCount":"44"},"url":"http:\/\/www.lepainquotidien.co.uk","specials":{"count":"0"},"hereNow":{"count":"0"},"referralId":"v-1392478043"},{"id":"4ac518bef964a5200ea320e3","name":"The Archduke","contact":{"phone":"+442079289370","formattedPhone":"+44 20 7928 9370"},"location":{"address":"153 Concert Hall Approach","crossStreet":"South Bank","lat":"51.50484710208483","lng":"-0.11633048287900516","distance":"119","postalCode":"SE1 8XU","cc":"GB","city":"London","state":"Greater London","country":"United Kingdom"},"categories":[{"id":"4bf58dd8d48988d1c4941735","name":"Restaurant","pluralName":"Restaurants","shortName":"Restaurant","icon":{"prefix":"https:\/\/ss1.4sqi.net\/img\/categories_v2\/food\/default_","suffix":".png"},"primary":"true"}],"verified":"false","restricted":"true","stats":{"checkinsCount":"1051","usersCount":"920","tipCount":"13"},"url":"http:\/\/www.blackandbluerestaurants.com\/page\/the-archduke\/7\/7","reservations":{"url":"http:\/\/www.toptable.co.uk\/single.aspx?rid=71917&ref=9601"},"menu":{"type":"Menu","label":"Menu","anchor":"View Menu","url":"https:\/\/foursquare.com\/v\/the-archduke\/4ac518bef964a5200ea320e3\/menu","mobileUrl":"https:\/\/foursquare.com\/v\/4ac518bef964a5200ea320e3\/device_menu"},"specials":{"count":"0"},"hereNow":{"count":"0"},"referralId":"v-1392478043"},{"id":"5274204e498e5a7099d4d4f4","name":"Topolski","contact":{"phone":"+442076200627","formattedPhone":"+44 20 7620 0627"},"location":{"address":"150-152 Hungerford Arches, Concert Hall Approach","lat":"51.5048930743124","lng":"-0.11559041499965018","distance":"167","postalCode":"SE1 8XU","cc":"GB","city":"Lambeth","state":"Greater London","country":"United Kingdom"},"categories":[{"id":"4bf58dd8d48988d116941735","name":"Bar","pluralName":"Bars","shortName":"Bar","icon":{"prefix":"https:\/\/ss1.4sqi.net\/img\/categories_v2\/nightlife\/bar_","suffix":".png"},"primary":"true"}],"verified":"false","restricted":"true","stats":{"checkinsCount":"108","usersCount":"92","tipCount":"12"},"url":"http:\/\/www.bartopolski.co.uk","specials":{"count":"0"},"hereNow":{"count":"0"},"referralId":"v-1392478043"},{"id":"4ae31204f964a5203c9021e3","name":"Caff\u00e9 Vergnano 1882","contact":{"phone":"+442079219339","formattedPhone":"+44 20 7921 9339","twitter":"caffevergnano"},"location":{"address":"Festival Terrace","crossStreet":"at Belvedere Rd.","lat":"51.505456972844144","lng":"-0.11703014373779297","distance":"140","postalCode":"SE1 8XX","cc":"GB","city":"Lambeth","state":"Greater London","country":"United Kingdom"},"categories":[{"id":"4bf58dd8d48988d16d941735","name":"Caf\u00e9","pluralName":"Caf\u00e9s","shortName":"Caf\u00e9","icon":{"prefix":"https:\/\/ss1.4sqi.net\/img\/categories_v2\/food\/cafe_","suffix":".png"},"primary":"true"}],"verified":"false","restricted":"true","stats":{"checkinsCount":"928","usersCount":"639","tipCount":"31"},"url":"http:\/\/www.caffevergnano.com","specials":{"count":"0"},"hereNow":{"count":"0"},"referralId":"v-1392478043"},{"id":"4b6d7b54f964a52064772ce3","name":"Feng Sushi","contact":{"phone":"+442072610001","formattedPhone":"+44 20 7261 0001","twitter":"fengsilla"},"location":{"address":"Unit 9, Royal Festival Hall","lat":"51.505454","lng":"-0.116808","distance":"146","postalCode":"SE1 8XX","cc":"GB","city":"London","state":"Greater London","country":"United Kingdom"},"categories":[{"id":"4bf58dd8d48988d1d2941735","name":"Sushi Restaurant","pluralName":"Sushi Restaurants","shortName":"Sushi","icon":{"prefix":"https:\/\/ss1.4sqi.net\/img\/categories_v2\/food\/sushi_","suffix":".png"},"primary":"true"}],"verified":"false","restricted":"true","stats":{"checkinsCount":"507","usersCount":"432","tipCount":"24"},"url":"http:\/\/www.fengsushi.co.uk\/feng-sushi-restaurants-in-london\/royal-festival-hall\/","menu":{"type":"Menu","label":"Menu","anchor":"View Menu","url":"https:\/\/foursquare.com\/v\/feng-sushi\/4b6d7b54f964a52064772ce3\/menu","mobileUrl":"https:\/\/foursquare.com\/v\/4b6d7b54f964a52064772ce3\/device_menu"},"specials":{"count":"0"},"hereNow":{"count":"0"},"referralId":"v-1392478043"},{"id":"5180e8be498e62ca7524fc3f","name":"The London Eye Ticket Office","location":{"lat":"51.50318031888928","lng":"-0.11917575091175808","distance":"155","cc":"GB","country":"United Kingdom"},"categories":[{"id":"4bf58dd8d48988d1f1931735","name":"General Entertainment","pluralName":"General Entertainment","shortName":"Entertainment","icon":{"prefix":"https:\/\/ss1.4sqi.net\/img\/categories_v2\/arts_entertainment\/default_","suffix":".png"},"primary":"true"}],"verified":"false","restricted":"true","stats":{"checkinsCount":"171","usersCount":"171","tipCount":"5"},"specials":{"count":"0"},"hereNow":{"count":"0"},"referralId":"v-1392478043"},{"id":"4d08f02305216dcbdbe81db6","name":"South Bank Centre Shop","location":{"lat":"51.505471","lng":"-0.117111","distance":"140","cc":"GB","city":"London","state":"Greater London","country":"United Kingdom"},"categories":[{"id":"4bf58dd8d48988d1f4941735","name":"Design Studio","pluralName":"Design Studios","shortName":"Design","icon":{"prefix":"https:\/\/ss1.4sqi.net\/img\/categories_v2\/shops\/design_","suffix":".png"},"primary":"true"}],"verified":"false","restricted":"true","stats":{"checkinsCount":"142","usersCount":"95","tipCount":"2"},"specials":{"count":"0"},"hereNow":{"count":"0"},"referralId":"v-1392478043"},{"id":"529b554b498e3d6c03e55e13","name":"southbank winter festival","location":{"lat":"51.5055115825204","lng":"-0.1176613444030992","distance":"136","cc":"GB","country":"United Kingdom"},"categories":[{"id":"5267e4d9e4b0ec79466e48c7","name":"Festival","pluralName":"Festivals","shortName":"Festival","icon":{"prefix":"https:\/\/ss1.4sqi.net\/img\/categories_v2\/event\/default_","suffix":".png"},"primary":"true"}],"verified":"false","restricted":"true","stats":{"checkinsCount":"12","usersCount":"12","tipCount":"0"},"specials":{"count":"0"},"hereNow":{"count":"0"},"referralId":"v-1392478043"},{"id":"52f28a58498ed4772c42820d","name":"London Eye Champagne Experience","location":{"lat":"51.503448","lng":"-0.119581","distance":"154","cc":"GB","country":"United Kingdom"},"categories":[{"id":"4deefb944765f83613cdba6e","name":"Historic Site","pluralName":"Historic Sites","shortName":"Historic Site","icon":{"prefix":"https:\/\/ss1.4sqi.net\/img\/categories_v2\/arts_entertainment\/historicsite_","suffix":".png"},"primary":"true"}],"verified":"false","restricted":"true","stats":{"checkinsCount":"4","usersCount":"3","tipCount":"0"},"specials":{"count":"0"},"hereNow":{"count":"0"},"referralId":"v-1392478043"},{"id":"4c03d0d3f423a593adafd016","name":"Cucina","location":{"address":"3J-3K Belvedere Rd","lat":"51.50248884903198","lng":"-0.11786142207391462","distance":"200","postalCode":"SE1 7GQ","cc":"GB","city":"Lambeth","state":"Greater London","country":"United Kingdom"},"categories":[{"id":"4bf58dd8d48988d110941735","name":"Italian Restaurant","pluralName":"Italian Restaurants","shortName":"Italian","icon":{"prefix":"https:\/\/ss1.4sqi.net\/img\/categories_v2\/food\/italian_","suffix":".png"},"primary":"true"}],"verified":"false","restricted":"true","stats":{"checkinsCount":"307","usersCount":"274","tipCount":"15"},"url":"http:\/\/cucina-restaurant.co.uk","reservations":{"url":"http:\/\/www.toptable.co.uk\/single.aspx?rid=78019&ref=9601"},"menu":{"type":"Menu","label":"Menu","anchor":"View Menu","url":"https:\/\/foursquare.com\/v\/cucina\/4c03d0d3f423a593adafd016\/menu","mobileUrl":"https:\/\/foursquare.com\/v\/4c03d0d3f423a593adafd016\/device_menu"},"specials":{"count":"0"},"hereNow":{"count":"0"},"referralId":"v-1392478043"},{"id":"4ffae7bce4b0fecb2758bb53","name":"Allbarone","contact":{"phone":"+442074870161","formattedPhone":"+44 20 7487 0161"},"location":{"address":"5-6 Picton Place","lat":"51.504275473147075","lng":"-0.1173153678220663","distance":"33","postalCode":"W1U 1BL","cc":"GB","city":"London","state":"Greater London","country":"United Kingdom"},"categories":[{"id":"4bf58dd8d48988d1db931735","name":"Tapas Restaurant","pluralName":"Tapas Restaurants","shortName":"Tapas","icon":{"prefix":"https:\/\/ss1.4sqi.net\/img\/categories_v2\/food\/tapas_","suffix":".png"},"primary":"true"}],"verified":"false","restricted":"true","stats":{"checkinsCount":"6","usersCount":"6","tipCount":"0"},"specials":{"count":"0"},"hereNow":{"count":"0"},"referralId":"v-1392478043"},{"id":"51a365ad498e3030c66ac0a7","name":"London Wonderground at Southbank Centre","location":{"lat":"51.504875012170054","lng":"-0.1179484533851482","distance":"66","cc":"GB","country":"United Kingdom"},"categories":[{"id":"4bf58dd8d48988d137941735","name":"Theater","pluralName":"Theaters","shortName":"Theater","icon":{"prefix":"https:\/\/ss1.4sqi.net\/img\/categories_v2\/arts_entertainment\/performingarts_theater_","suffix":".png"},"primary":"true"}],"verified":"false","restricted":"true","stats":{"checkinsCount":"500","usersCount":"458","tipCount":"6"},"specials":{"count":"0"},"hereNow":{"count":"0"},"referralId":"v-1392478043"},{"id":"52592ea7498e3976609d3733","name":"Classic Car Boot","contact":{"twitter":"classiccarboot"},"location":{"address":"South Bank Centre","lat":"51.504906353895265","lng":"-0.11769444548915098","distance":"69","cc":"GB","city":"London","state":"Greater London","country":"United Kingdom"},"categories":[{"id":"4bf58dd8d48988d1f1931735","name":"General Entertainment","pluralName":"General Entertainment","shortName":"Entertainment","icon":{"prefix":"https:\/\/ss1.4sqi.net\/img\/categories_v2\/arts_entertainment\/default_","suffix":".png"},"primary":"true"}],"verified":"false","restricted":"true","stats":{"checkinsCount":"14","usersCount":"14","tipCount":"0"},"specials":{"count":"0"},"hereNow":{"count":"0"},"referralId":"v-1392478043"},{"id":"504268dbe4b00fd08f1bb141","name":"Starflyer","location":{"lat":"51.504715","lng":"-0.117749","distance":"47","cc":"GB","country":"United Kingdom"},"categories":[{"id":"4bf58dd8d48988d182941735","name":"Theme Park","pluralName":"Theme Parks","shortName":"Theme Park","icon":{"prefix":"https:\/\/ss1.4sqi.net\/img\/categories_v2\/arts_entertainment\/themepark_","suffix":".png"},"primary":"true"}],"verified":"false","restricted":"true","stats":{"checkinsCount":"52","usersCount":"52","tipCount":"1"},"specials":{"count":"0"},"hereNow":{"count":"0"},"referralId":"v-1392478043"},{"id":"4dd915961838b8561d0fe1da","name":"Golden Carousel","location":{"lat":"51.504816","lng":"-0.11851","distance":"76","cc":"GB","city":"Lambeth","state":"Greater London","country":"United Kingdom"},"categories":[{"id":"4bf58dd8d48988d1f1931735","name":"General Entertainment","pluralName":"General Entertainment","shortName":"Entertainment","icon":{"prefix":"https:\/\/ss1.4sqi.net\/img\/categories_v2\/arts_entertainment\/default_","suffix":".png"},"primary":"true"}],"verified":"false","restricted":"true","stats":{"checkinsCount":"51","usersCount":"45","tipCount":"0"},"specials":{"count":"0"},"hereNow":{"count":"0"},"referralId":"v-1392478043"},{"id":"504ef3b0e4b0afdbdfd86460","name":"Shell Centre Revitalise Gym","location":{"lat":"51.50391597132554","lng":"-0.11754916735219863","distance":"45","cc":"GB","country":"United Kingdom"},"categories":[{"id":"4bf58dd8d48988d176941735","name":"Gym","pluralName":"Gyms","shortName":"Gym","icon":{"prefix":"https:\/\/ss1.4sqi.net\/img\/categories_v2\/building\/gym_","suffix":".png"},"primary":"true"}],"verified":"false","restricted":"true","stats":{"checkinsCount":"7","usersCount":"3","tipCount":"0"},"specials":{"count":"0"},"hereNow":{"count":"0"},"referralId":"v-1392478043"},{"id":"5197e544498e3a3e4ff7fcaf","name":"Wonder Ground","location":{"lat":"51.504664720735974","lng":"-0.11813200836621257","distance":"47","cc":"GB","country":"United Kingdom"},"categories":[{"id":"4bf58dd8d48988d162941735","name":"Other Great Outdoors","pluralName":"Other Great Outdoors","shortName":"Other Outdoors","icon":{"prefix":"https:\/\/ss1.4sqi.net\/img\/categories_v2\/parks_outdoors\/outdoors_","suffix":".png"},"primary":"true"}],"verified":"false","restricted":"true","stats":{"checkinsCount":"16","usersCount":"15","tipCount":"0"},"specials":{"count":"0"},"hereNow":{"count":"0"},"referralId":"v-1392478043"},{"id":"4ad321bbf964a52026e320e3","name":"Livebookings","location":{"address":"39 York Road","crossStreet":"Elizabeth House","lat":"51.50322644696354","lng":"-0.11595726013183594","distance":"174","postalCode":"SE1 7NQ","cc":"GB","city":"London","state":"Greater London","country":"United Kingdom"},"categories":[{"id":"4bf58dd8d48988d124941735","name":"Office","pluralName":"Offices","shortName":"Office","icon":{"prefix":"https:\/\/ss1.4sqi.net\/img\/categories_v2\/building\/default_","suffix":".png"},"primary":"true"}],"verified":"false","restricted":"true","stats":{"checkinsCount":"586","usersCount":"56","tipCount":"2"},"specials":{"count":"0"},"hereNow":{"count":"0"},"referralId":"v-1392478043"},{"id":"50155629e4b0c3490ecdb586","name":"Boom Boom Club","location":{"address":"Southbank","lat":"51.50471092413194","lng":"-0.11812072485727731","distance":"51","cc":"GB","city":"Wandsworth","state":"Greater London","country":"United Kingdom"},"verified":"false","restricted":"true","stats":{"checkinsCount":"1","usersCount":"1","tipCount":"0"},"specials":{"count":"0"},"hereNow":{"count":"0"},"referralId":"v-1392478043"},{"id":"518950ad498e5317a5704771","name":"Burgers, Birds & Ribs","location":{"lat":"51.504695","lng":"-0.118201","distance":"52","cc":"GB","country":"United Kingdom"},"categories":[{"id":"4bf58dd8d48988d16c941735","name":"Burger Joint","pluralName":"Burger Joints","shortName":"Burgers","icon":{"prefix":"https:\/\/ss1.4sqi.net\/img\/categories_v2\/food\/burger_","suffix":".png"},"primary":"true"}],"verified":"false","restricted":"true","stats":{"checkinsCount":"1","usersCount":"1","tipCount":"0"},"specials":{"count":"0"},"hereNow":{"count":"0"},"referralId":"v-1392478043"},{"id":"4b965dd2f964a52059c834e3","name":"Costcutter","location":{"address":"17-19 York Rd.","lat":"51.50300412398768","lng":"-0.11825786307542478","distance":"146","cc":"GB","city":"Lambeth","state":"Greater London","country":"United Kingdom"},"categories":[{"id":"4d954b0ea243a5684a65b473","name":"Convenience Store","pluralName":"Convenience Stores","shortName":"Convenience Stores","icon":{"prefix":"https:\/\/ss1.4sqi.net\/img\/categories_v2\/shops\/conveniencestore_","suffix":".png"},"primary":"true"}],"verified":"false","restricted":"true","stats":{"checkinsCount":"129","usersCount":"42","tipCount":"1"},"specials":{"count":"0"},"hereNow":{"count":"0"},"referralId":"v-1392478043"},{"id":"4fd86493e4b056e0666fe000","name":"International Brigades Memorial","location":{"lat":"51.50477250180821","lng":"-0.11813246452021775","distance":"58","cc":"GB","country":"United Kingdom"},"categories":[{"id":"4bf58dd8d48988d15c941735","name":"Cemetery","pluralName":"Cemeteries","shortName":"Cemetery","icon":{"prefix":"https:\/\/ss1.4sqi.net\/img\/categories_v2\/parks_outdoors\/cemetery_","suffix":".png"},"primary":"true"}],"verified":"false","restricted":"true","stats":{"checkinsCount":"5","usersCount":"5","tipCount":"0"},"specials":{"count":"0"},"hereNow":{"count":"0"},"referralId":"v-1392478043"},{"id":"52d163ff498e0708a8f2192e","name":"the Liberal Club Smoking Room","location":{"lat":"51.50401","lng":"-0.120206","distance":"169","cc":"GB","country":"United Kingdom"},"categories":[{"id":"4bf58dd8d48988d121941735","name":"Lounge","pluralName":"Lounges","shortName":"Lounge","icon":{"prefix":"https:\/\/ss1.4sqi.net\/img\/categories_v2\/nightlife\/lounge_","suffix":".png"},"primary":"true"}],"verified":"false","restricted":"true","stats":{"checkinsCount":"1","usersCount":"1","tipCount":"0"},"specials":{"count":"0"},"hereNow":{"count":"0"},"referralId":"v-1392478043"}],"confident":"true"}}