{"meta":{"code":"200"},"response":{"venues":[{"id":"52efdf2e11d273543fab930d","name":"Holborn Studios - Studio #6","location":{"lat":"51.534231","lng":"-0.092681","distance":"10","cc":"GB","country":"United Kingdom"},"categories":[{"id":"4bf58dd8d48988d1f1931735","name":"General Entertainment","pluralName":"General Entertainment","shortName":"Entertainment","icon":{"prefix":"https:\/\/ss1.4sqi.net\/img\/categories_v2\/arts_entertainment\/default_","suffix":".png"},"primary":"true"}],"verified":"false","restricted":"true","stats":{"checkinsCount":"2","usersCount":"1","tipCount":"0"},"specials":{"count":"0"},"hereNow":{"count":"1","groups":[{"type":"others","name":"Other people here","count":"1"}]},"referralId":"v-1392477967"},{"id":"4cda69413f6a8cfa752ae4ea","name":"The Commissary","contact":{"phone":"+442074904099","formattedPhone":"+44 20 7490 4099"},"location":{"address":"49-50 Eagle Wharf Road","lat":"51.53439581011445","lng":"-0.09292285305001412","distance":"14","postalCode":"N1 7ED","cc":"GB","city":"London","state":"Greater London","country":"United Kingdom"},"categories":[{"id":"4bf58dd8d48988d11b941735","name":"Pub","pluralName":"Pubs","shortName":"Pub","icon":{"prefix":"https:\/\/ss1.4sqi.net\/img\/categories_v2\/nightlife\/pub_","suffix":".png"},"primary":"true"}],"verified":"false","restricted":"true","stats":{"checkinsCount":"172","usersCount":"61","tipCount":"4"},"menu":{"type":"Menu","label":"Menu","anchor":"View Menu","url":"https:\/\/foursquare.com\/v\/the-commissary\/4cda69413f6a8cfa752ae4ea\/menu","mobileUrl":"https:\/\/foursquare.com\/v\/4cda69413f6a8cfa752ae4ea\/device_menu"},"specials":{"count":"0"},"hereNow":{"count":"0"},"referralId":"v-1392477967"},{"id":"4e4c2dcf45dde1d209dc4127","name":"Regents Canal","location":{"lat":"51.53360290156619","lng":"-0.09322159532216884","distance":"81","cc":"GB","city":"Islington","state":"Greater London","country":"United Kingdom"},"categories":[{"id":"4bf58dd8d48988d1e0941735","name":"Harbor \/ Marina","pluralName":"Harbors \/ Marinas","shortName":"Harbor \/ Marina","icon":{"prefix":"https:\/\/ss1.4sqi.net\/img\/categories_v2\/parks_outdoors\/harbor_","suffix":".png"},"primary":"true"}],"verified":"false","restricted":"true","stats":{"checkinsCount":"785","usersCount":"322","tipCount":"6"},"specials":{"count":"0"},"hereNow":{"count":"0"},"referralId":"v-1392477967"},{"id":"4b698e13f964a5201fa72be3","name":"holborn studios","location":{"lat":"51.534125","lng":"-0.092749","distance":"18","cc":"GB","country":"United Kingdom"},"categories":[{"id":"4bf58dd8d48988d124941735","name":"Office","pluralName":"Offices","shortName":"Office","icon":{"prefix":"https:\/\/ss1.4sqi.net\/img\/categories_v2\/building\/default_","suffix":".png"},"primary":"true"}],"verified":"false","restricted":"true","stats":{"checkinsCount":"257","usersCount":"131","tipCount":"2"},"specials":{"count":"0"},"hereNow":{"count":"0"},"referralId":"v-1392477967"},{"id":"52efdff5498ec7565453af8d","name":"Holborn Studios - Studio #5","location":{"lat":"51.534177","lng":"-0.09261","distance":"18","cc":"GB","country":"United Kingdom"},"categories":[{"id":"4bf58dd8d48988d1f1931735","name":"General Entertainment","pluralName":"General Entertainment","shortName":"Entertainment","icon":{"prefix":"https:\/\/ss1.4sqi.net\/img\/categories_v2\/arts_entertainment\/default_","suffix":".png"},"primary":"true"}],"verified":"false","restricted":"true","stats":{"checkinsCount":"2","usersCount":"1","tipCount":"0"},"specials":{"count":"0"},"hereNow":{"count":"0"},"referralId":"v-1392477967"},{"id":"4f02db6eb6346feaef97e0ed","name":"Fivefootsix","contact":{"phone":"+442074905169","formattedPhone":"+44 20 7490 5169","twitter":"ffs_smalltalk"},"location":{"address":"49-50 Eagle Wharf Rd.","lat":"51.53385657551117","lng":"-0.09308338165283203","distance":"51","postalCode":"N1 7ED","cc":"GB","city":"London","state":"Greater London","country":"United Kingdom"},"categories":[{"id":"4bf58dd8d48988d124941735","name":"Office","pluralName":"Offices","shortName":"Office","icon":{"prefix":"https:\/\/ss1.4sqi.net\/img\/categories_v2\/building\/default_","suffix":".png"},"primary":"true"}],"verified":"false","restricted":"true","stats":{"checkinsCount":"6","usersCount":"1","tipCount":"0"},"specials":{"count":"0"},"hereNow":{"count":"0"},"referralId":"v-1392477967"},{"id":"4cd270e93e0c8cfa8caa1712","name":"Terra Firma Associates","location":{"address":"49-50 Eaglr Wharf Rd","lat":"51.53411306491946","lng":"-0.09294835373109667","distance":"22","postalCode":"N1 7ED","cc":"GB","city":"Islington","state":"Greater London","country":"United Kingdom"},"categories":[{"id":"4bf58dd8d48988d124941735","name":"Office","pluralName":"Offices","shortName":"Office","icon":{"prefix":"https:\/\/ss1.4sqi.net\/img\/categories_v2\/building\/default_","suffix":".png"},"primary":"true"}],"verified":"false","restricted":"true","stats":{"checkinsCount":"130","usersCount":"5","tipCount":"1"},"specials":{"count":"0"},"hereNow":{"count":"0"},"referralId":"v-1392477967"},{"id":"52efe021498ec6cd99d5363c","name":"Holborn Studios - Studio #8","location":{"lat":"51.534224","lng":"-0.092458","distance":"24","cc":"GB","country":"United Kingdom"},"categories":[{"id":"4bf58dd8d48988d1f1931735","name":"General Entertainment","pluralName":"General Entertainment","shortName":"Entertainment","icon":{"prefix":"https:\/\/ss1.4sqi.net\/img\/categories_v2\/arts_entertainment\/default_","suffix":".png"},"primary":"true"}],"verified":"false","restricted":"true","stats":{"checkinsCount":"1","usersCount":"1","tipCount":"0"},"specials":{"count":"0"},"hereNow":{"count":"0"},"referralId":"v-1392477967"},{"id":"4bb780973db7b713bd0d209a","name":"Open Fundraising","location":{"lat":"51.534005331110194","lng":"-0.09225286558914562","distance":"49","cc":"GB","country":"United Kingdom"},"categories":[{"id":"4bf58dd8d48988d124941735","name":"Office","pluralName":"Offices","shortName":"Office","icon":{"prefix":"https:\/\/ss1.4sqi.net\/img\/categories_v2\/building\/default_","suffix":".png"},"primary":"true"}],"verified":"false","restricted":"true","stats":{"checkinsCount":"216","usersCount":"13","tipCount":"0"},"specials":{"count":"0"},"hereNow":{"count":"0"},"referralId":"v-1392477967"},{"id":"501a826ee4b04ac62dd5acf2","name":"Camden Town","location":{"lat":"51.53429262461364","lng":"-0.09102613539653281","distance":"123","cc":"GB","country":"United Kingdom"},"categories":[{"id":"4bf58dd8d48988d1f6931735","name":"General Travel","pluralName":"General Travel","shortName":"Travel","icon":{"prefix":"https:\/\/ss1.4sqi.net\/img\/categories_v2\/travel\/default_","suffix":".png"},"primary":"true"}],"verified":"false","restricted":"true","stats":{"checkinsCount":"190","usersCount":"185","tipCount":"2"},"specials":{"count":"0"},"hereNow":{"count":"0"},"referralId":"v-1392477967"},{"id":"4bad0e2af964a520f0283be3","name":"The Hanbury Arms","location":{"address":"33 Linton St","crossStreet":"Arlington Sq","lat":"51.5361976623163","lng":"-0.0933054660472297","distance":"215","postalCode":"N1 7DU","cc":"GB","city":"London","state":"Greater London","country":"United Kingdom"},"categories":[{"id":"4bf58dd8d48988d11b941735","name":"Pub","pluralName":"Pubs","shortName":"Pub","icon":{"prefix":"https:\/\/ss1.4sqi.net\/img\/categories_v2\/nightlife\/pub_","suffix":".png"},"primary":"true"}],"verified":"false","restricted":"true","stats":{"checkinsCount":"514","usersCount":"227","tipCount":"13"},"specials":{"count":"0"},"hereNow":{"count":"0"},"referralId":"v-1392477967"},{"id":"4fa01ca1e4b09c8ee4c3f2c3","name":"The House Of Curves","location":{"lat":"51.534200077915564","lng":"-0.09303526233637682","distance":"18","cc":"GB","country":"United Kingdom"},"categories":[{"id":"4bf58dd8d48988d12d951735","name":"Boat or Ferry","pluralName":"Boats or Ferries","shortName":"Boat \/ Ferry","icon":{"prefix":"https:\/\/ss1.4sqi.net\/img\/categories_v2\/travel\/boat_","suffix":".png"},"primary":"true"}],"verified":"false","restricted":"true","stats":{"checkinsCount":"20","usersCount":"4","tipCount":"0"},"specials":{"count":"0"},"hereNow":{"count":"0"},"referralId":"v-1392477967"},{"id":"4c8622cf2f1c236a172b5a43","name":"Business In The Community","location":{"address":"137 Shepherdess Walk","lat":"51.53318670585308","lng":"-0.09499684307424214","distance":"195","postalCode":"N1 7RQ","cc":"GB","city":"Camden Town","state":"Greater London","country":"United Kingdom"},"categories":[{"id":"4bf58dd8d48988d124941735","name":"Office","pluralName":"Offices","shortName":"Office","icon":{"prefix":"https:\/\/ss1.4sqi.net\/img\/categories_v2\/building\/default_","suffix":".png"},"primary":"true"}],"verified":"false","restricted":"true","stats":{"checkinsCount":"121","usersCount":"16","tipCount":"0"},"specials":{"count":"0"},"hereNow":{"count":"0"},"referralId":"v-1392477967"},{"id":"501b928ee4b01951efd40722","name":"Fabula London","location":{"address":"Poppy The Barge","crossStreet":"Holborn Studios, 49-50 Eagle Wharf Road","lat":"51.534553","lng":"-0.092387","distance":"41","postalCode":"N1 7ED","cc":"GB","city":"London","state":"Greater London","country":"United Kingdom"},"categories":[{"id":"4bf58dd8d48988d124941735","name":"Office","pluralName":"Offices","shortName":"Office","icon":{"prefix":"https:\/\/ss1.4sqi.net\/img\/categories_v2\/building\/default_","suffix":".png"},"primary":"true"}],"verified":"true","restricted":"true","stats":{"checkinsCount":"154","usersCount":"10","tipCount":"0"},"url":"http:\/\/fabulalondon.com","specials":{"count":"0"},"hereNow":{"count":"0"},"venuePage":{"id":"34425303"},"storeId":"","referralId":"v-1392477967"},{"id":"51ea40f6498e98386d833e0b","name":"Susy Shack","location":{"lat":"51.533909","lng":"-0.089709","distance":"218","cc":"GB","country":"United Kingdom"},"categories":[{"id":"4bf58dd8d48988d1d4941735","name":"Speakeasy","pluralName":"Speakeasies","shortName":"Speakeasy","icon":{"prefix":"https:\/\/ss1.4sqi.net\/img\/categories_v2\/nightlife\/secretbar_","suffix":".png"},"primary":"true"}],"verified":"false","restricted":"true","stats":{"checkinsCount":"41","usersCount":"6","tipCount":"1"},"specials":{"count":"0"},"hereNow":{"count":"0"},"referralId":"v-1392477967"},{"id":"4e5c2bce62e1ef715a49d092","name":"Eagle Wharf Road","location":{"lat":"51.53440233593894","lng":"-0.09073847169823573","distance":"143","cc":"GB","country":"United Kingdom"},"categories":[{"id":"4d4b7105d754a06375d81259","name":"Professional & Other Places","pluralName":"Professional & Other Places","shortName":"Professional","icon":{"prefix":"https:\/\/ss1.4sqi.net\/img\/categories_v2\/building\/default_","suffix":".png"},"primary":"true"}],"verified":"false","restricted":"true","stats":{"checkinsCount":"159","usersCount":"41","tipCount":"1"},"specials":{"count":"0"},"hereNow":{"count":"0"},"referralId":"v-1392477967"},{"id":"52696d2d11d22202e36c1bea","name":"Angel Wharf","location":{"address":"Eagle Wharf Road","crossStreet":"Shepherdess Walk","lat":"51.5339535157942","lng":"-0.093418711948638","distance":"56","postalCode":"N1 7ER","cc":"GB","city":"London","state":"Greater London","country":"United Kingdom"},"categories":[{"id":"4bf58dd8d48988d130941735","name":"Building","pluralName":"Buildings","shortName":"Building","icon":{"prefix":"https:\/\/ss1.4sqi.net\/img\/categories_v2\/building\/default_","suffix":".png"},"primary":"true"}],"verified":"false","restricted":"true","stats":{"checkinsCount":"2","usersCount":"2","tipCount":"0"},"specials":{"count":"0"},"hereNow":{"count":"0"},"referralId":"v-1392477967"},{"id":"4e53cb4eb3ad679224ec24fc","name":"GMFA","contact":{"phone":"+442077386872","formattedPhone":"+44 20 7738 6872","twitter":"gmfa_uk"},"location":{"address":"Unit 11 Angel Wharf","crossStreet":"58 Eagle Wharf Road","lat":"51.53357627106798","lng":"-0.09343743324279785","distance":"90","postalCode":"N1 7ER","cc":"GB","city":"London","state":"Greater London","country":"United Kingdom"},"categories":[{"id":"50328a8e91d4c4b30a586d6c","name":"Non-Profit","pluralName":"Non-Profits","shortName":"Non-Profit","icon":{"prefix":"https:\/\/ss1.4sqi.net\/img\/categories_v2\/building\/default_","suffix":".png"},"primary":"true"}],"verified":"false","restricted":"true","stats":{"checkinsCount":"28","usersCount":"6","tipCount":"0"},"specials":{"count":"0"},"hereNow":{"count":"0"},"referralId":"v-1392477967"},{"id":"4e9fddbfdab4b591267c4a7d","name":"Museum of London Archaeology","contact":{"twitter":"molarchaeology"},"location":{"address":"46 Eagle Wharf Road","lat":"51.5348976911883","lng":"-0.09046554565429688","distance":"175","postalCode":"N1 7ED","cc":"GB","city":"Hackney","state":"Greater London","country":"United Kingdom"},"categories":[{"id":"4bf58dd8d48988d190941735","name":"History Museum","pluralName":"History Museums","shortName":"History Museum","icon":{"prefix":"https:\/\/ss1.4sqi.net\/img\/categories_v2\/arts_entertainment\/museum_history_","suffix":".png"},"primary":"true"}],"verified":"false","restricted":"true","stats":{"checkinsCount":"32","usersCount":"22","tipCount":"1"},"specials":{"count":"0"},"hereNow":{"count":"0"},"referralId":"v-1392477967"},{"id":"525f2b89498ead86801ef68f","name":"Niagara Close","location":{"lat":"51.533798","lng":"-0.091477","distance":"106","cc":"GB","country":"United Kingdom"},"categories":[{"id":"4d954b06a243a5684965b473","name":"Residential Building (Apartment \/ Condo)","pluralName":"Residential Buildings (Apartments \/ Condos)","shortName":"Residential","icon":{"prefix":"https:\/\/ss1.4sqi.net\/img\/categories_v2\/building\/apartment_","suffix":".png"},"primary":"true"}],"verified":"false","restricted":"true","stats":{"checkinsCount":"4","usersCount":"1","tipCount":"0"},"specials":{"count":"0"},"hereNow":{"count":"0"},"referralId":"v-1392477967"},{"id":"51ffb952498e7d826bfd27c4","name":"Aldridge Security","location":{"address":"Eagle Wharf Road","lat":"51.53482894488829","lng":"-0.09018857448594837","distance":"190","cc":"GB","country":"United Kingdom"},"categories":[{"id":"4bf58dd8d48988d124941735","name":"Office","pluralName":"Offices","shortName":"Office","icon":{"prefix":"https:\/\/ss1.4sqi.net\/img\/categories_v2\/building\/default_","suffix":".png"},"primary":"true"}],"verified":"false","restricted":"true","stats":{"checkinsCount":"8","usersCount":"3","tipCount":"0"},"specials":{"count":"0"},"hereNow":{"count":"0"},"referralId":"v-1392477967"},{"id":"50a9f88f45b0f22469923adb","name":"Datapact (London) Ltd","contact":{"phone":"+442073367511","formattedPhone":"+44 20 7336 7511","twitter":"datapact_london"},"location":{"address":"Unit 10, Angel Wharf, Unit 4\/55 Eagle Wharf Road","lat":"51.53364301037767","lng":"-0.09310483932495117","distance":"74","postalCode":"N1 7ER","cc":"GB","city":"London","state":"Greater London","country":"United Kingdom"},"categories":[{"id":"4bf58dd8d48988d1ff941735","name":"Miscellaneous Shop","pluralName":"Miscellaneous Shops","shortName":"Shop","icon":{"prefix":"https:\/\/ss1.4sqi.net\/img\/categories_v2\/shops\/default_","suffix":".png"},"primary":"true"}],"verified":"true","restricted":"true","stats":{"checkinsCount":"4","usersCount":"1","tipCount":"0"},"url":"http:\/\/www.datapact.co.uk","specials":{"count":"0"},"hereNow":{"count":"0"},"venuePage":{"id":"44368943"},"storeId":"","referralId":"v-1392477967"},{"id":"4ae39334f964a520d49621e3","name":"Barcosa","location":{"address":"56 holloway road","lat":"51.535009145736694","lng":"-0.0928419828414917","distance":"80","cc":"GB","city":"London","state":"Greater London","country":"United Kingdom"},"categories":[{"id":"4bf58dd8d48988d11b941735","name":"Pub","pluralName":"Pubs","shortName":"Pub","icon":{"prefix":"https:\/\/ss1.4sqi.net\/img\/categories_v2\/nightlife\/pub_","suffix":".png"},"primary":"true"}],"verified":"false","restricted":"true","stats":{"checkinsCount":"7","usersCount":"5","tipCount":"0"},"specials":{"count":"0"},"hereNow":{"count":"0"},"referralId":"v-1392477967"},{"id":"506962b1e4b01437ca4d2fb6","name":"Cycle Systems Academy","location":{"address":"51a Eagle Wharf Road","lat":"51.5333121713312","lng":"-0.09290521562686656","distance":"108","postalCode":"N1 7AL","cc":"GB","city":"London","state":"Greater London","country":"United Kingdom"},"categories":[{"id":"4bf58dd8d48988d1a8941735","name":"General College & University","pluralName":"General Colleges & Universities","shortName":"Education","icon":{"prefix":"https:\/\/ss1.4sqi.net\/img\/categories_v2\/education\/other_","suffix":".png"},"primary":"true"}],"verified":"false","restricted":"true","stats":{"checkinsCount":"14","usersCount":"3","tipCount":"1"},"specials":{"count":"0"},"hereNow":{"count":"0"},"referralId":"v-1392477967"},{"id":"5198722e498ec0cf5302d40f","name":"Nowere","location":{"lat":"51.53512","lng":"-0.093058","distance":"94","cc":"GB","country":"United Kingdom"},"verified":"false","restricted":"true","stats":{"checkinsCount":"0","usersCount":"0","tipCount":"0"},"specials":{"count":"0"},"hereNow":{"count":"0"},"referralId":"v-1392477967"},{"id":"4d04cfa854d0236a302bf1d5","name":"Access Self Storage","contact":{"phone":"+442079981844","formattedPhone":"+44 20 7998 1844"},"location":{"address":"48\/48a Eagle Wharf Rd.","lat":"51.53404742573715","lng":"-0.09126645507270871","distance":"109","postalCode":"N1 7ED","cc":"GB","city":"Islington","state":"Greater London","country":"United Kingdom"},"categories":[{"id":"4f04b1572fb6e1c99f3db0bf","name":"Storage Facility","pluralName":"Storage Facilities","shortName":"Storage","icon":{"prefix":"https:\/\/ss1.4sqi.net\/img\/categories_v2\/shops\/storage_","suffix":".png"},"primary":"true"}],"verified":"false","restricted":"true","stats":{"checkinsCount":"31","usersCount":"15","tipCount":"0"},"specials":{"count":"0"},"hereNow":{"count":"0"},"referralId":"v-1392477967"},{"id":"5073ed95e4b075ecab042da8","name":"Big Machine Agency","location":{"address":"59 Eagle Wharf St","lat":"51.533439","lng":"-0.093413","distance":"103","postalCode":"N1 7ER","cc":"GB","city":"London","state":"Greater London","country":"United Kingdom"},"categories":[{"id":"4bf58dd8d48988d124941735","name":"Office","pluralName":"Offices","shortName":"Office","icon":{"prefix":"https:\/\/ss1.4sqi.net\/img\/categories_v2\/building\/default_","suffix":".png"},"primary":"true"}],"verified":"false","restricted":"true","stats":{"checkinsCount":"3","usersCount":"1","tipCount":"0"},"specials":{"count":"0"},"hereNow":{"count":"0"},"referralId":"v-1392477967"},{"id":"4e1c0f3c62e11cdc743ea13d","name":"RGB Studio","location":{"lat":"51.534895","lng":"-0.091321","distance":"122","cc":"GB","city":"London","state":"Greater London","country":"United Kingdom"},"verified":"false","restricted":"true","stats":{"checkinsCount":"1","usersCount":"1","tipCount":"0"},"specials":{"count":"0"},"hereNow":{"count":"0"},"referralId":"v-1392477967"},{"id":"4ba65416f964a520e54639e3","name":"Sturt's Lock","location":{"lat":"51.53521322602362","lng":"-0.09170488641509589","distance":"127","cc":"GB","country":"United Kingdom"},"categories":[{"id":"4bf58dd8d48988d162941735","name":"Other Great Outdoors","pluralName":"Other Great Outdoors","shortName":"Other Outdoors","icon":{"prefix":"https:\/\/ss1.4sqi.net\/img\/categories_v2\/parks_outdoors\/outdoors_","suffix":".png"},"primary":"true"}],"verified":"false","restricted":"true","stats":{"checkinsCount":"26","usersCount":"16","tipCount":"0"},"specials":{"count":"0"},"hereNow":{"count":"0"},"referralId":"v-1392477967"},{"id":"5278af8711d23f33e9122d72","name":"Strange Glue Studios","location":{"lat":"51.534458769394526","lng":"-0.09080180850599753","distance":"139","cc":"GB","country":"United Kingdom"},"verified":"false","restricted":"true","stats":{"checkinsCount":"2","usersCount":"1","tipCount":"0"},"specials":{"count":"0"},"hereNow":{"count":"0"},"referralId":"v-1392477967"}],"confident":"true"}}